instance_id,matrix_file,num_agents,num_resources,num_values
9513,instance_9513_valuation_matrix.csv,2,4,8
9521,instance_9521_valuation_matrix.csv,2,3,6
9522,instance_9522_valuation_matrix.csv,2,4,8
9523,instance_9523_valuation_matrix.csv,2,2,4
9542,instance_9542_valuation_matrix.csv,3,3,9
9543,instance_9543_valuation_matrix.csv,3,3,9
9544,instance_9544_valuation_matrix.csv,3,3,9
9546,instance_9546_valuation_matrix.csv,3,3,9
9547,instance_9547_valuation_matrix.csv,3,3,9
9548,instance_9548_valuation_matrix.csv,3,3,9
9549,instance_9549_valuation_matrix.csv,3,7,21
9550,instance_9550_valuation_matrix.csv,3,7,21
9565,instance_9565_valuation_matrix.csv,2,4,8
9571,instance_9571_valuation_matrix.csv,2,4,8
9572,instance_9572_valuation_matrix.csv,2,4,8
9580,instance_9580_valuation_matrix.csv,2,4,8
9581,instance_9581_valuation_matrix.csv,2,4,8
9613,instance_9613_valuation_matrix.csv,2,4,8
9637,instance_9637_valuation_matrix.csv,2,4,8
9638,instance_9638_valuation_matrix.csv,2,4,8
9642,instance_9642_valuation_matrix.csv,2,4,8
9648,instance_9648_valuation_matrix.csv,2,4,8
9658,instance_9658_valuation_matrix.csv,2,4,8
9666,instance_9666_valuation_matrix.csv,2,4,8
9712,instance_9712_valuation_matrix.csv,4,6,24
9731,instance_9731_valuation_matrix.csv,2,4,8
9733,instance_9733_valuation_matrix.csv,2,4,8
9741,instance_9741_valuation_matrix.csv,2,4,8
9748,instance_9748_valuation_matrix.csv,2,4,8
9787,instance_9787_valuation_matrix.csv,4,4,16
9813,instance_9813_valuation_matrix.csv,2,4,8
9830,instance_9830_valuation_matrix.csv,2,4,8
9838,instance_9838_valuation_matrix.csv,2,4,8
9844,instance_9844_valuation_matrix.csv,2,4,8
9850,instance_9850_valuation_matrix.csv,2,4,8
9860,instance_9860_valuation_matrix.csv,2,4,8
9879,instance_9879_valuation_matrix.csv,2,4,8
9885,instance_9885_valuation_matrix.csv,2,4,8
9905,instance_9905_valuation_matrix.csv,2,4,8
9907,instance_9907_valuation_matrix.csv,3,4,12
9908,instance_9908_valuation_matrix.csv,2,4,8
9923,instance_9923_valuation_matrix.csv,2,4,8
9973,instance_9973_valuation_matrix.csv,2,4,8
9989,instance_9989_valuation_matrix.csv,2,4,8
9994,instance_9994_valuation_matrix.csv,2,4,8
9997,instance_9997_valuation_matrix.csv,2,4,8
10014,instance_10014_valuation_matrix.csv,2,4,8
10018,instance_10018_valuation_matrix.csv,4,4,16
10052,instance_10052_valuation_matrix.csv,2,4,8
10066,instance_10066_valuation_matrix.csv,2,4,8
10068,instance_10068_valuation_matrix.csv,2,4,8
10075,instance_10075_valuation_matrix.csv,2,4,8
10099,instance_10099_valuation_matrix.csv,2,4,8
10100,instance_10100_valuation_matrix.csv,2,4,8
10101,instance_10101_valuation_matrix.csv,2,4,8
10102,instance_10102_valuation_matrix.csv,2,4,8
10103,instance_10103_valuation_matrix.csv,2,4,8
10171,instance_10171_valuation_matrix.csv,2,4,8
10177,instance_10177_valuation_matrix.csv,2,4,8
10202,instance_10202_valuation_matrix.csv,2,4,8
10224,instance_10224_valuation_matrix.csv,2,4,8
10229,instance_10229_valuation_matrix.csv,2,4,8
10243,instance_10243_valuation_matrix.csv,2,4,8
10247,instance_10247_valuation_matrix.csv,2,4,8
10265,instance_10265_valuation_matrix.csv,2,4,8
10295,instance_10295_valuation_matrix.csv,2,4,8
10300,instance_10300_valuation_matrix.csv,2,4,8
10301,instance_10301_valuation_matrix.csv,2,4,8
10317,instance_10317_valuation_matrix.csv,2,4,8
10325,instance_10325_valuation_matrix.csv,2,4,8
10357,instance_10357_valuation_matrix.csv,3,4,12
10388,instance_10388_valuation_matrix.csv,2,4,8
10461,instance_10461_valuation_matrix.csv,2,4,8
10481,instance_10481_valuation_matrix.csv,2,4,8
10507,instance_10507_valuation_matrix.csv,2,4,8
10513,instance_10513_valuation_matrix.csv,2,13,26
10549,instance_10549_valuation_matrix.csv,2,4,8
10557,instance_10557_valuation_matrix.csv,2,4,8
10563,instance_10563_valuation_matrix.csv,2,4,8
10589,instance_10589_valuation_matrix.csv,2,10,20
10642,instance_10642_valuation_matrix.csv,2,4,8
10673,instance_10673_valuation_matrix.csv,2,4,8
10693,instance_10693_valuation_matrix.csv,2,4,8
10709,instance_10709_valuation_matrix.csv,2,2,4
10733,instance_10733_valuation_matrix.csv,2,4,8
10737,instance_10737_valuation_matrix.csv,4,5,20
10755,instance_10755_valuation_matrix.csv,3,3,9
10758,instance_10758_valuation_matrix.csv,2,2,4
10772,instance_10772_valuation_matrix.csv,2,4,8
10784,instance_10784_valuation_matrix.csv,2,4,8
10787,instance_10787_valuation_matrix.csv,2,4,8
10805,instance_10805_valuation_matrix.csv,2,4,8
10890,instance_10890_valuation_matrix.csv,2,4,8
10916,instance_10916_valuation_matrix.csv,2,4,8
10926,instance_10926_valuation_matrix.csv,2,4,8
10927,instance_10927_valuation_matrix.csv,2,4,8
10941,instance_10941_valuation_matrix.csv,2,4,8
10950,instance_10950_valuation_matrix.csv,2,4,8
10984,instance_10984_valuation_matrix.csv,4,7,28
10998,instance_10998_valuation_matrix.csv,2,4,8
11003,instance_11003_valuation_matrix.csv,2,4,8
11006,instance_11006_valuation_matrix.csv,2,4,8
11026,instance_11026_valuation_matrix.csv,2,4,8
11033,instance_11033_valuation_matrix.csv,2,6,12
11099,instance_11099_valuation_matrix.csv,2,4,8
11100,instance_11100_valuation_matrix.csv,2,4,8
11166,instance_11166_valuation_matrix.csv,5,8,40
11206,instance_11206_valuation_matrix.csv,2,4,8
11299,instance_11299_valuation_matrix.csv,2,4,8
11303,instance_11303_valuation_matrix.csv,2,4,8
11312,instance_11312_valuation_matrix.csv,2,4,8
11344,instance_11344_valuation_matrix.csv,2,4,8
11499,instance_11499_valuation_matrix.csv,2,4,8
11504,instance_11504_valuation_matrix.csv,2,4,8
11564,instance_11564_valuation_matrix.csv,2,4,8
11613,instance_11613_valuation_matrix.csv,2,4,8
11688,instance_11688_valuation_matrix.csv,2,8,16
11689,instance_11689_valuation_matrix.csv,2,8,16
11710,instance_11710_valuation_matrix.csv,2,4,8
11711,instance_11711_valuation_matrix.csv,2,2,4
11742,instance_11742_valuation_matrix.csv,3,3,9
11748,instance_11748_valuation_matrix.csv,2,4,8
11760,instance_11760_valuation_matrix.csv,2,2,4
11761,instance_11761_valuation_matrix.csv,2,2,4
11762,instance_11762_valuation_matrix.csv,2,2,4
11767,instance_11767_valuation_matrix.csv,2,31,62
11774,instance_11774_valuation_matrix.csv,2,4,8
11792,instance_11792_valuation_matrix.csv,2,4,8
11800,instance_11800_valuation_matrix.csv,2,37,74
11842,instance_11842_valuation_matrix.csv,2,4,8
11849,instance_11849_valuation_matrix.csv,2,4,8
11851,instance_11851_valuation_matrix.csv,2,4,8
11866,instance_11866_valuation_matrix.csv,4,4,16
11868,instance_11868_valuation_matrix.csv,6,28,168
11875,instance_11875_valuation_matrix.csv,2,4,8
11881,instance_11881_valuation_matrix.csv,2,5,10
11929,instance_11929_valuation_matrix.csv,2,4,8
11964,instance_11964_valuation_matrix.csv,3,8,24
11973,instance_11973_valuation_matrix.csv,5,7,35
11975,instance_11975_valuation_matrix.csv,2,4,8
11984,instance_11984_valuation_matrix.csv,2,3,6
12041,instance_12041_valuation_matrix.csv,2,4,8
12046,instance_12046_valuation_matrix.csv,2,4,8
12048,instance_12048_valuation_matrix.csv,2,4,8
12104,instance_12104_valuation_matrix.csv,2,4,8
12145,instance_12145_valuation_matrix.csv,2,4,8
12222,instance_12222_valuation_matrix.csv,2,4,8
12235,instance_12235_valuation_matrix.csv,2,4,8
12236,instance_12236_valuation_matrix.csv,2,6,12
12238,instance_12238_valuation_matrix.csv,2,4,8
12288,instance_12288_valuation_matrix.csv,2,5,10
12289,instance_12289_valuation_matrix.csv,2,5,10
12297,instance_12297_valuation_matrix.csv,2,4,8
12350,instance_12350_valuation_matrix.csv,2,4,8
12373,instance_12373_valuation_matrix.csv,2,4,8
12441,instance_12441_valuation_matrix.csv,2,4,8
12461,instance_12461_valuation_matrix.csv,2,4,8
12499,instance_12499_valuation_matrix.csv,2,4,8
12506,instance_12506_valuation_matrix.csv,2,4,8
12619,instance_12619_valuation_matrix.csv,2,4,8
12620,instance_12620_valuation_matrix.csv,2,4,8
12656,instance_12656_valuation_matrix.csv,2,4,8
12688,instance_12688_valuation_matrix.csv,2,4,8
12780,instance_12780_valuation_matrix.csv,2,4,8
12786,instance_12786_valuation_matrix.csv,2,4,8
12799,instance_12799_valuation_matrix.csv,2,4,8
12814,instance_12814_valuation_matrix.csv,2,4,8
12816,instance_12816_valuation_matrix.csv,2,4,8
12850,instance_12850_valuation_matrix.csv,2,4,8
12860,instance_12860_valuation_matrix.csv,2,4,8
12871,instance_12871_valuation_matrix.csv,2,4,8
12872,instance_12872_valuation_matrix.csv,2,4,8
12873,instance_12873_valuation_matrix.csv,2,4,8
12876,instance_12876_valuation_matrix.csv,2,4,8
12884,instance_12884_valuation_matrix.csv,2,4,8
12937,instance_12937_valuation_matrix.csv,2,4,8
12961,instance_12961_valuation_matrix.csv,3,3,9
12998,instance_12998_valuation_matrix.csv,2,4,8
13078,instance_13078_valuation_matrix.csv,2,4,8
13166,instance_13166_valuation_matrix.csv,2,4,8
13202,instance_13202_valuation_matrix.csv,3,4,12
13205,instance_13205_valuation_matrix.csv,3,4,12
13237,instance_13237_valuation_matrix.csv,2,4,8
13258,instance_13258_valuation_matrix.csv,2,4,8
13349,instance_13349_valuation_matrix.csv,2,4,8
13376,instance_13376_valuation_matrix.csv,2,4,8
13386,instance_13386_valuation_matrix.csv,3,3,9
13434,instance_13434_valuation_matrix.csv,2,4,8
13454,instance_13454_valuation_matrix.csv,2,4,8
13489,instance_13489_valuation_matrix.csv,2,4,8
13540,instance_13540_valuation_matrix.csv,2,2,4
13553,instance_13553_valuation_matrix.csv,2,4,8
13715,instance_13715_valuation_matrix.csv,2,4,8
13771,instance_13771_valuation_matrix.csv,2,4,8
13882,instance_13882_valuation_matrix.csv,2,4,8
13899,instance_13899_valuation_matrix.csv,2,4,8
13943,instance_13943_valuation_matrix.csv,2,4,8
13945,instance_13945_valuation_matrix.csv,3,5,15
14026,instance_14026_valuation_matrix.csv,2,4,8
14046,instance_14046_valuation_matrix.csv,2,4,8
14080,instance_14080_valuation_matrix.csv,2,4,8
14086,instance_14086_valuation_matrix.csv,2,4,8
14096,instance_14096_valuation_matrix.csv,2,3,6
14101,instance_14101_valuation_matrix.csv,2,4,8
14122,instance_14122_valuation_matrix.csv,2,4,8
14125,instance_14125_valuation_matrix.csv,2,4,8
14129,instance_14129_valuation_matrix.csv,2,4,8
14131,instance_14131_valuation_matrix.csv,2,4,8
14132,instance_14132_valuation_matrix.csv,2,8,16
14133,instance_14133_valuation_matrix.csv,2,4,8
14134,instance_14134_valuation_matrix.csv,2,4,8
14140,instance_14140_valuation_matrix.csv,2,4,8
14141,instance_14141_valuation_matrix.csv,2,4,8
14142,instance_14142_valuation_matrix.csv,2,4,8
14150,instance_14150_valuation_matrix.csv,4,4,16
14155,instance_14155_valuation_matrix.csv,2,4,8
14162,instance_14162_valuation_matrix.csv,2,4,8
14178,instance_14178_valuation_matrix.csv,2,4,8
14181,instance_14181_valuation_matrix.csv,2,4,8
14189,instance_14189_valuation_matrix.csv,2,9,18
14219,instance_14219_valuation_matrix.csv,2,4,8
14232,instance_14232_valuation_matrix.csv,2,4,8
14239,instance_14239_valuation_matrix.csv,2,4,8
14240,instance_14240_valuation_matrix.csv,2,4,8
14241,instance_14241_valuation_matrix.csv,2,4,8
14242,instance_14242_valuation_matrix.csv,2,4,8
14243,instance_14243_valuation_matrix.csv,2,4,8
14247,instance_14247_valuation_matrix.csv,2,4,8
14277,instance_14277_valuation_matrix.csv,2,4,8
14278,instance_14278_valuation_matrix.csv,2,4,8
14285,instance_14285_valuation_matrix.csv,2,4,8
14302,instance_14302_valuation_matrix.csv,2,4,8
14311,instance_14311_valuation_matrix.csv,2,4,8
14312,instance_14312_valuation_matrix.csv,5,6,30
14324,instance_14324_valuation_matrix.csv,5,4,20
14329,instance_14329_valuation_matrix.csv,2,4,8
14332,instance_14332_valuation_matrix.csv,2,5,10
14333,instance_14333_valuation_matrix.csv,2,5,10
14334,instance_14334_valuation_matrix.csv,2,5,10
14335,instance_14335_valuation_matrix.csv,2,5,10
14336,instance_14336_valuation_matrix.csv,2,6,12
14337,instance_14337_valuation_matrix.csv,2,6,12
14339,instance_14339_valuation_matrix.csv,2,5,10
14340,instance_14340_valuation_matrix.csv,2,6,12
14341,instance_14341_valuation_matrix.csv,2,6,12
14343,instance_14343_valuation_matrix.csv,2,6,12
14344,instance_14344_valuation_matrix.csv,2,6,12
14345,instance_14345_valuation_matrix.csv,2,5,10
14346,instance_14346_valuation_matrix.csv,2,6,12
14347,instance_14347_valuation_matrix.csv,2,6,12
14348,instance_14348_valuation_matrix.csv,2,6,12
14349,instance_14349_valuation_matrix.csv,2,6,12
14350,instance_14350_valuation_matrix.csv,2,6,12
14351,instance_14351_valuation_matrix.csv,2,6,12
14352,instance_14352_valuation_matrix.csv,2,6,12
14353,instance_14353_valuation_matrix.csv,2,6,12
14354,instance_14354_valuation_matrix.csv,2,6,12
14357,instance_14357_valuation_matrix.csv,2,6,12
14358,instance_14358_valuation_matrix.csv,2,6,12
14359,instance_14359_valuation_matrix.csv,2,6,12
14360,instance_14360_valuation_matrix.csv,2,6,12
14372,instance_14372_valuation_matrix.csv,5,4,20
14381,instance_14381_valuation_matrix.csv,2,4,8
14386,instance_14386_valuation_matrix.csv,2,4,8
14389,instance_14389_valuation_matrix.csv,2,4,8
14417,instance_14417_valuation_matrix.csv,2,6,12
14435,instance_14435_valuation_matrix.csv,2,4,8
14439,instance_14439_valuation_matrix.csv,2,4,8
14440,instance_14440_valuation_matrix.csv,2,5,10
14441,instance_14441_valuation_matrix.csv,2,5,10
14442,instance_14442_valuation_matrix.csv,2,5,10
14443,instance_14443_valuation_matrix.csv,2,4,8
14460,instance_14460_valuation_matrix.csv,2,4,8
14463,instance_14463_valuation_matrix.csv,2,4,8
14482,instance_14482_valuation_matrix.csv,2,3,6
14581,instance_14581_valuation_matrix.csv,2,4,8
14589,instance_14589_valuation_matrix.csv,2,4,8
14610,instance_14610_valuation_matrix.csv,2,12,24
14627,instance_14627_valuation_matrix.csv,2,4,8
14725,instance_14725_valuation_matrix.csv,2,4,8
14735,instance_14735_valuation_matrix.csv,2,4,8
14751,instance_14751_valuation_matrix.csv,2,4,8
14761,instance_14761_valuation_matrix.csv,2,4,8
14774,instance_14774_valuation_matrix.csv,3,3,9
14795,instance_14795_valuation_matrix.csv,2,2,4
14813,instance_14813_valuation_matrix.csv,2,5,10
14873,instance_14873_valuation_matrix.csv,2,4,8
14886,instance_14886_valuation_matrix.csv,2,4,8
14897,instance_14897_valuation_matrix.csv,2,4,8
14898,instance_14898_valuation_matrix.csv,4,6,24
14963,instance_14963_valuation_matrix.csv,2,3,6
14982,instance_14982_valuation_matrix.csv,2,4,8
14997,instance_14997_valuation_matrix.csv,2,6,12
15003,instance_15003_valuation_matrix.csv,2,4,8
15072,instance_15072_valuation_matrix.csv,2,4,8
15098,instance_15098_valuation_matrix.csv,3,4,12
15113,instance_15113_valuation_matrix.csv,2,4,8
15114,instance_15114_valuation_matrix.csv,2,4,8
15136,instance_15136_valuation_matrix.csv,5,6,30
15152,instance_15152_valuation_matrix.csv,5,4,20
15197,instance_15197_valuation_matrix.csv,2,4,8
15228,instance_15228_valuation_matrix.csv,2,4,8
15235,instance_15235_valuation_matrix.csv,2,4,8
15237,instance_15237_valuation_matrix.csv,2,4,8
15245,instance_15245_valuation_matrix.csv,2,4,8
15256,instance_15256_valuation_matrix.csv,2,4,8
15300,instance_15300_valuation_matrix.csv,2,4,8
15305,instance_15305_valuation_matrix.csv,2,4,8
15322,instance_15322_valuation_matrix.csv,2,4,8
15445,instance_15445_valuation_matrix.csv,2,4,8
15454,instance_15454_valuation_matrix.csv,2,4,8
15455,instance_15455_valuation_matrix.csv,2,4,8
15473,instance_15473_valuation_matrix.csv,2,4,8
15474,instance_15474_valuation_matrix.csv,3,3,9
15514,instance_15514_valuation_matrix.csv,2,4,8
15543,instance_15543_valuation_matrix.csv,2,4,8
15553,instance_15553_valuation_matrix.csv,3,4,12
15559,instance_15559_valuation_matrix.csv,3,3,9
15573,instance_15573_valuation_matrix.csv,2,4,8
15574,instance_15574_valuation_matrix.csv,2,4,8
15624,instance_15624_valuation_matrix.csv,3,3,9
15638,instance_15638_valuation_matrix.csv,2,4,8
15639,instance_15639_valuation_matrix.csv,2,4,8
15652,instance_15652_valuation_matrix.csv,3,3,9
15657,instance_15657_valuation_matrix.csv,2,9,18
15658,instance_15658_valuation_matrix.csv,2,4,8
15660,instance_15660_valuation_matrix.csv,2,4,8
15669,instance_15669_valuation_matrix.csv,2,4,8
15677,instance_15677_valuation_matrix.csv,3,3,9
15687,instance_15687_valuation_matrix.csv,2,4,8
15700,instance_15700_valuation_matrix.csv,2,4,8
15719,instance_15719_valuation_matrix.csv,2,4,8
15728,instance_15728_valuation_matrix.csv,2,4,8
15756,instance_15756_valuation_matrix.csv,2,4,8
15757,instance_15757_valuation_matrix.csv,2,4,8
15774,instance_15774_valuation_matrix.csv,2,4,8
15786,instance_15786_valuation_matrix.csv,2,4,8
15790,instance_15790_valuation_matrix.csv,3,4,12
15796,instance_15796_valuation_matrix.csv,3,4,12
15800,instance_15800_valuation_matrix.csv,3,4,12
15817,instance_15817_valuation_matrix.csv,3,3,9
15818,instance_15818_valuation_matrix.csv,3,3,9
15819,instance_15819_valuation_matrix.csv,3,3,9
15820,instance_15820_valuation_matrix.csv,3,3,9
15821,instance_15821_valuation_matrix.csv,3,3,9
15822,instance_15822_valuation_matrix.csv,3,3,9
15823,instance_15823_valuation_matrix.csv,3,3,9
15824,instance_15824_valuation_matrix.csv,3,3,9
15826,instance_15826_valuation_matrix.csv,4,4,16
15829,instance_15829_valuation_matrix.csv,3,3,9
15835,instance_15835_valuation_matrix.csv,3,3,9
15846,instance_15846_valuation_matrix.csv,2,4,8
15870,instance_15870_valuation_matrix.csv,2,4,8
15871,instance_15871_valuation_matrix.csv,2,4,8
15874,instance_15874_valuation_matrix.csv,2,2,4
15875,instance_15875_valuation_matrix.csv,2,2,4
15878,instance_15878_valuation_matrix.csv,2,4,8
15921,instance_15921_valuation_matrix.csv,2,4,8
15972,instance_15972_valuation_matrix.csv,3,4,12
16020,instance_16020_valuation_matrix.csv,2,4,8
16022,instance_16022_valuation_matrix.csv,2,3,6
16068,instance_16068_valuation_matrix.csv,2,4,8
16094,instance_16094_valuation_matrix.csv,2,4,8
16099,instance_16099_valuation_matrix.csv,2,4,8
16130,instance_16130_valuation_matrix.csv,5,7,35
16146,instance_16146_valuation_matrix.csv,3,6,18
16168,instance_16168_valuation_matrix.csv,2,4,8
16277,instance_16277_valuation_matrix.csv,2,4,8
16278,instance_16278_valuation_matrix.csv,2,4,8
16323,instance_16323_valuation_matrix.csv,2,3,6
16332,instance_16332_valuation_matrix.csv,2,4,8
16448,instance_16448_valuation_matrix.csv,2,4,8
16449,instance_16449_valuation_matrix.csv,2,4,8
16458,instance_16458_valuation_matrix.csv,2,6,12
16460,instance_16460_valuation_matrix.csv,2,4,8
16462,instance_16462_valuation_matrix.csv,2,6,12
16480,instance_16480_valuation_matrix.csv,2,3,6
16496,instance_16496_valuation_matrix.csv,2,6,12
16524,instance_16524_valuation_matrix.csv,2,4,8
16544,instance_16544_valuation_matrix.csv,2,4,8
16545,instance_16545_valuation_matrix.csv,2,4,8
16546,instance_16546_valuation_matrix.csv,2,4,8
16547,instance_16547_valuation_matrix.csv,2,4,8
16589,instance_16589_valuation_matrix.csv,2,4,8
16620,instance_16620_valuation_matrix.csv,2,4,8
16670,instance_16670_valuation_matrix.csv,3,6,18
16672,instance_16672_valuation_matrix.csv,2,4,8
16673,instance_16673_valuation_matrix.csv,2,6,12
16741,instance_16741_valuation_matrix.csv,2,6,12
16787,instance_16787_valuation_matrix.csv,3,6,18
16808,instance_16808_valuation_matrix.csv,2,4,8
16809,instance_16809_valuation_matrix.csv,2,4,8
16821,instance_16821_valuation_matrix.csv,2,4,8
16823,instance_16823_valuation_matrix.csv,2,4,8
16895,instance_16895_valuation_matrix.csv,2,4,8
16981,instance_16981_valuation_matrix.csv,2,4,8
17018,instance_17018_valuation_matrix.csv,2,4,8
17069,instance_17069_valuation_matrix.csv,2,4,8
17132,instance_17132_valuation_matrix.csv,2,4,8
17201,instance_17201_valuation_matrix.csv,2,4,8
17211,instance_17211_valuation_matrix.csv,2,4,8
17220,instance_17220_valuation_matrix.csv,3,3,9
17248,instance_17248_valuation_matrix.csv,2,4,8
17249,instance_17249_valuation_matrix.csv,2,4,8
17288,instance_17288_valuation_matrix.csv,2,4,8
17318,instance_17318_valuation_matrix.csv,2,4,8
17322,instance_17322_valuation_matrix.csv,2,4,8
17351,instance_17351_valuation_matrix.csv,2,4,8
17379,instance_17379_valuation_matrix.csv,2,4,8
17383,instance_17383_valuation_matrix.csv,2,4,8
17386,instance_17386_valuation_matrix.csv,2,4,8
17413,instance_17413_valuation_matrix.csv,2,4,8
17434,instance_17434_valuation_matrix.csv,2,4,8
17462,instance_17462_valuation_matrix.csv,2,4,8
17473,instance_17473_valuation_matrix.csv,2,4,8
17474,instance_17474_valuation_matrix.csv,2,4,8
17515,instance_17515_valuation_matrix.csv,2,4,8
17519,instance_17519_valuation_matrix.csv,2,4,8
17524,instance_17524_valuation_matrix.csv,2,4,8
17526,instance_17526_valuation_matrix.csv,2,2,4
17547,instance_17547_valuation_matrix.csv,2,4,8
17548,instance_17548_valuation_matrix.csv,2,4,8
17566,instance_17566_valuation_matrix.csv,2,4,8
17644,instance_17644_valuation_matrix.csv,2,4,8
17666,instance_17666_valuation_matrix.csv,2,4,8
17675,instance_17675_valuation_matrix.csv,2,4,8
17692,instance_17692_valuation_matrix.csv,2,4,8
17695,instance_17695_valuation_matrix.csv,4,4,16
17705,instance_17705_valuation_matrix.csv,2,6,12
17808,instance_17808_valuation_matrix.csv,2,4,8
17824,instance_17824_valuation_matrix.csv,2,4,8
17827,instance_17827_valuation_matrix.csv,2,4,8
17854,instance_17854_valuation_matrix.csv,2,4,8
17863,instance_17863_valuation_matrix.csv,4,4,16
17867,instance_17867_valuation_matrix.csv,3,3,9
17914,instance_17914_valuation_matrix.csv,2,9,18
18016,instance_18016_valuation_matrix.csv,2,4,8
18087,instance_18087_valuation_matrix.csv,2,4,8
18119,instance_18119_valuation_matrix.csv,2,4,8
18132,instance_18132_valuation_matrix.csv,2,4,8
18141,instance_18141_valuation_matrix.csv,2,4,8
18432,instance_18432_valuation_matrix.csv,2,4,8
18466,instance_18466_valuation_matrix.csv,2,4,8
18550,instance_18550_valuation_matrix.csv,2,4,8
18551,instance_18551_valuation_matrix.csv,2,4,8
18577,instance_18577_valuation_matrix.csv,2,4,8
18578,instance_18578_valuation_matrix.csv,2,4,8
18580,instance_18580_valuation_matrix.csv,2,4,8
18639,instance_18639_valuation_matrix.csv,2,4,8
18644,instance_18644_valuation_matrix.csv,2,4,8
18656,instance_18656_valuation_matrix.csv,2,4,8
18667,instance_18667_valuation_matrix.csv,2,4,8
18681,instance_18681_valuation_matrix.csv,2,4,8
18682,instance_18682_valuation_matrix.csv,2,4,8
18684,instance_18684_valuation_matrix.csv,2,4,8
18685,instance_18685_valuation_matrix.csv,2,4,8
18690,instance_18690_valuation_matrix.csv,2,4,8
18708,instance_18708_valuation_matrix.csv,2,4,8
18720,instance_18720_valuation_matrix.csv,2,4,8
18746,instance_18746_valuation_matrix.csv,2,4,8
18750,instance_18750_valuation_matrix.csv,2,4,8
18751,instance_18751_valuation_matrix.csv,2,4,8
18754,instance_18754_valuation_matrix.csv,2,4,8
18755,instance_18755_valuation_matrix.csv,2,4,8
18756,instance_18756_valuation_matrix.csv,2,4,8
18758,instance_18758_valuation_matrix.csv,2,4,8
18782,instance_18782_valuation_matrix.csv,2,4,8
18792,instance_18792_valuation_matrix.csv,2,4,8
18805,instance_18805_valuation_matrix.csv,2,4,8
18808,instance_18808_valuation_matrix.csv,2,4,8
18814,instance_18814_valuation_matrix.csv,2,4,8
18839,instance_18839_valuation_matrix.csv,2,4,8
18840,instance_18840_valuation_matrix.csv,2,4,8
18845,instance_18845_valuation_matrix.csv,2,4,8
18848,instance_18848_valuation_matrix.csv,2,4,8
18867,instance_18867_valuation_matrix.csv,2,4,8
18874,instance_18874_valuation_matrix.csv,2,4,8
18891,instance_18891_valuation_matrix.csv,2,4,8
18894,instance_18894_valuation_matrix.csv,2,4,8
18897,instance_18897_valuation_matrix.csv,2,4,8
18898,instance_18898_valuation_matrix.csv,2,4,8
18906,instance_18906_valuation_matrix.csv,2,4,8
18917,instance_18917_valuation_matrix.csv,2,4,8
18923,instance_18923_valuation_matrix.csv,2,4,8
18924,instance_18924_valuation_matrix.csv,2,4,8
18947,instance_18947_valuation_matrix.csv,2,4,8
18953,instance_18953_valuation_matrix.csv,2,4,8
18958,instance_18958_valuation_matrix.csv,2,4,8
18979,instance_18979_valuation_matrix.csv,2,4,8
18992,instance_18992_valuation_matrix.csv,2,4,8
19011,instance_19011_valuation_matrix.csv,2,4,8
19020,instance_19020_valuation_matrix.csv,2,4,8
19025,instance_19025_valuation_matrix.csv,2,4,8
19034,instance_19034_valuation_matrix.csv,2,4,8
19035,instance_19035_valuation_matrix.csv,2,4,8
19044,instance_19044_valuation_matrix.csv,2,4,8
19045,instance_19045_valuation_matrix.csv,2,4,8
19050,instance_19050_valuation_matrix.csv,2,4,8
19051,instance_19051_valuation_matrix.csv,2,4,8
19052,instance_19052_valuation_matrix.csv,2,4,8
19054,instance_19054_valuation_matrix.csv,2,4,8
19071,instance_19071_valuation_matrix.csv,2,4,8
19072,instance_19072_valuation_matrix.csv,2,4,8
19076,instance_19076_valuation_matrix.csv,2,4,8
19083,instance_19083_valuation_matrix.csv,2,4,8
19084,instance_19084_valuation_matrix.csv,3,4,12
19128,instance_19128_valuation_matrix.csv,2,4,8
19150,instance_19150_valuation_matrix.csv,2,4,8
19198,instance_19198_valuation_matrix.csv,2,4,8
19240,instance_19240_valuation_matrix.csv,2,4,8
19264,instance_19264_valuation_matrix.csv,3,8,24
19266,instance_19266_valuation_matrix.csv,3,8,24
19267,instance_19267_valuation_matrix.csv,5,8,40
19268,instance_19268_valuation_matrix.csv,2,8,16
19269,instance_19269_valuation_matrix.csv,3,5,15
19284,instance_19284_valuation_matrix.csv,4,8,32
19305,instance_19305_valuation_matrix.csv,2,4,8
19310,instance_19310_valuation_matrix.csv,5,8,40
19321,instance_19321_valuation_matrix.csv,2,4,8
19411,instance_19411_valuation_matrix.csv,2,4,8
19413,instance_19413_valuation_matrix.csv,2,3,6
19419,instance_19419_valuation_matrix.csv,2,5,10
19423,instance_19423_valuation_matrix.csv,4,5,20
19468,instance_19468_valuation_matrix.csv,2,5,10
19470,instance_19470_valuation_matrix.csv,2,4,8
19529,instance_19529_valuation_matrix.csv,4,8,32
19534,instance_19534_valuation_matrix.csv,2,5,10
19609,instance_19609_valuation_matrix.csv,5,8,40
19626,instance_19626_valuation_matrix.csv,2,4,8
19645,instance_19645_valuation_matrix.csv,4,8,32
19719,instance_19719_valuation_matrix.csv,2,4,8
19735,instance_19735_valuation_matrix.csv,2,4,8
19739,instance_19739_valuation_matrix.csv,2,4,8
19741,instance_19741_valuation_matrix.csv,2,4,8
19748,instance_19748_valuation_matrix.csv,2,4,8
19760,instance_19760_valuation_matrix.csv,2,4,8
19763,instance_19763_valuation_matrix.csv,2,4,8
19772,instance_19772_valuation_matrix.csv,2,4,8
19773,instance_19773_valuation_matrix.csv,2,3,6
19777,instance_19777_valuation_matrix.csv,2,4,8
19787,instance_19787_valuation_matrix.csv,2,8,16
19796,instance_19796_valuation_matrix.csv,2,4,8
19805,instance_19805_valuation_matrix.csv,2,4,8
19818,instance_19818_valuation_matrix.csv,2,5,10
19873,instance_19873_valuation_matrix.csv,5,8,40
19882,instance_19882_valuation_matrix.csv,2,4,8
20023,instance_20023_valuation_matrix.csv,2,4,8
20025,instance_20025_valuation_matrix.csv,2,4,8
20039,instance_20039_valuation_matrix.csv,2,4,8
20136,instance_20136_valuation_matrix.csv,2,4,8
20137,instance_20137_valuation_matrix.csv,2,4,8
20193,instance_20193_valuation_matrix.csv,2,4,8
20238,instance_20238_valuation_matrix.csv,3,4,12
20297,instance_20297_valuation_matrix.csv,2,4,8
20309,instance_20309_valuation_matrix.csv,2,5,10
20321,instance_20321_valuation_matrix.csv,2,5,10
20344,instance_20344_valuation_matrix.csv,2,4,8
20360,instance_20360_valuation_matrix.csv,2,4,8
20362,instance_20362_valuation_matrix.csv,3,4,12
20363,instance_20363_valuation_matrix.csv,3,4,12
20398,instance_20398_valuation_matrix.csv,3,5,15
20410,instance_20410_valuation_matrix.csv,3,4,12
20414,instance_20414_valuation_matrix.csv,2,4,8
20415,instance_20415_valuation_matrix.csv,2,4,8
20447,instance_20447_valuation_matrix.csv,3,5,15
20483,instance_20483_valuation_matrix.csv,3,5,15
20505,instance_20505_valuation_matrix.csv,2,4,8
20538,instance_20538_valuation_matrix.csv,2,4,8
20554,instance_20554_valuation_matrix.csv,2,5,10
20582,instance_20582_valuation_matrix.csv,2,4,8
20601,instance_20601_valuation_matrix.csv,2,4,8
20618,instance_20618_valuation_matrix.csv,2,4,8
20625,instance_20625_valuation_matrix.csv,2,3,6
20743,instance_20743_valuation_matrix.csv,2,4,8
20744,instance_20744_valuation_matrix.csv,2,4,8
20745,instance_20745_valuation_matrix.csv,2,4,8
20746,instance_20746_valuation_matrix.csv,2,4,8
20747,instance_20747_valuation_matrix.csv,2,4,8
20753,instance_20753_valuation_matrix.csv,5,7,35
20793,instance_20793_valuation_matrix.csv,3,4,12
20799,instance_20799_valuation_matrix.csv,2,12,24
20800,instance_20800_valuation_matrix.csv,2,12,24
20801,instance_20801_valuation_matrix.csv,2,4,8
20831,instance_20831_valuation_matrix.csv,2,4,8
20867,instance_20867_valuation_matrix.csv,2,4,8
20908,instance_20908_valuation_matrix.csv,4,5,20
20918,instance_20918_valuation_matrix.csv,2,4,8
20939,instance_20939_valuation_matrix.csv,2,4,8
20940,instance_20940_valuation_matrix.csv,2,4,8
20942,instance_20942_valuation_matrix.csv,2,4,8
20968,instance_20968_valuation_matrix.csv,2,4,8
20974,instance_20974_valuation_matrix.csv,2,4,8
20991,instance_20991_valuation_matrix.csv,2,4,8
21006,instance_21006_valuation_matrix.csv,2,3,6
21029,instance_21029_valuation_matrix.csv,2,4,8
21032,instance_21032_valuation_matrix.csv,2,4,8
21033,instance_21033_valuation_matrix.csv,2,4,8
21085,instance_21085_valuation_matrix.csv,2,4,8
21132,instance_21132_valuation_matrix.csv,2,4,8
21152,instance_21152_valuation_matrix.csv,2,4,8
21200,instance_21200_valuation_matrix.csv,2,4,8
21232,instance_21232_valuation_matrix.csv,2,4,8
21252,instance_21252_valuation_matrix.csv,2,4,8
21253,instance_21253_valuation_matrix.csv,2,4,8
21255,instance_21255_valuation_matrix.csv,2,4,8
21291,instance_21291_valuation_matrix.csv,2,3,6
21318,instance_21318_valuation_matrix.csv,2,4,8
21354,instance_21354_valuation_matrix.csv,4,4,16
21355,instance_21355_valuation_matrix.csv,2,4,8
21377,instance_21377_valuation_matrix.csv,2,4,8
21378,instance_21378_valuation_matrix.csv,2,4,8
21380,instance_21380_valuation_matrix.csv,2,5,10
21385,instance_21385_valuation_matrix.csv,2,4,8
21393,instance_21393_valuation_matrix.csv,2,4,8
21448,instance_21448_valuation_matrix.csv,2,4,8
21529,instance_21529_valuation_matrix.csv,2,4,8
21556,instance_21556_valuation_matrix.csv,2,4,8
21623,instance_21623_valuation_matrix.csv,2,6,12
21624,instance_21624_valuation_matrix.csv,2,6,12
21625,instance_21625_valuation_matrix.csv,2,4,8
21626,instance_21626_valuation_matrix.csv,2,4,8
21628,instance_21628_valuation_matrix.csv,2,4,8
21629,instance_21629_valuation_matrix.csv,2,4,8
21637,instance_21637_valuation_matrix.csv,2,4,8
21648,instance_21648_valuation_matrix.csv,2,4,8
21830,instance_21830_valuation_matrix.csv,2,4,8
21959,instance_21959_valuation_matrix.csv,2,4,8
21960,instance_21960_valuation_matrix.csv,2,4,8
21961,instance_21961_valuation_matrix.csv,2,4,8
21962,instance_21962_valuation_matrix.csv,2,4,8
21963,instance_21963_valuation_matrix.csv,2,4,8
22124,instance_22124_valuation_matrix.csv,2,4,8
22129,instance_22129_valuation_matrix.csv,2,4,8
22130,instance_22130_valuation_matrix.csv,2,4,8
22152,instance_22152_valuation_matrix.csv,2,4,8
22181,instance_22181_valuation_matrix.csv,2,4,8
22231,instance_22231_valuation_matrix.csv,2,4,8
22232,instance_22232_valuation_matrix.csv,2,4,8
22338,instance_22338_valuation_matrix.csv,2,7,14
22488,instance_22488_valuation_matrix.csv,2,4,8
22610,instance_22610_valuation_matrix.csv,2,4,8
22640,instance_22640_valuation_matrix.csv,2,4,8
22641,instance_22641_valuation_matrix.csv,2,4,8
22966,instance_22966_valuation_matrix.csv,2,4,8
22968,instance_22968_valuation_matrix.csv,2,4,8
23011,instance_23011_valuation_matrix.csv,2,4,8
23057,instance_23057_valuation_matrix.csv,3,6,18
23145,instance_23145_valuation_matrix.csv,2,3,6
23150,instance_23150_valuation_matrix.csv,2,4,8
23171,instance_23171_valuation_matrix.csv,2,4,8
23324,instance_23324_valuation_matrix.csv,2,4,8
23526,instance_23526_valuation_matrix.csv,2,4,8
23633,instance_23633_valuation_matrix.csv,2,4,8
23634,instance_23634_valuation_matrix.csv,2,4,8
23635,instance_23635_valuation_matrix.csv,2,4,8
23636,instance_23636_valuation_matrix.csv,2,4,8
23731,instance_23731_valuation_matrix.csv,2,6,12
23737,instance_23737_valuation_matrix.csv,2,4,8
23753,instance_23753_valuation_matrix.csv,3,4,12
23795,instance_23795_valuation_matrix.csv,2,4,8
23860,instance_23860_valuation_matrix.csv,2,4,8
23882,instance_23882_valuation_matrix.csv,2,4,8
23898,instance_23898_valuation_matrix.csv,2,4,8
23909,instance_23909_valuation_matrix.csv,2,4,8
23934,instance_23934_valuation_matrix.csv,2,5,10
24127,instance_24127_valuation_matrix.csv,2,6,12
24128,instance_24128_valuation_matrix.csv,2,4,8
24129,instance_24129_valuation_matrix.csv,2,4,8
24135,instance_24135_valuation_matrix.csv,2,4,8
24146,instance_24146_valuation_matrix.csv,2,4,8
