method,n_agents,n_resources,rho,instance,eta,status,0.1,0.05,0.01,0.005,0.001
multiplicative,100,100,1.5,0,0.6947394334259344,ok,15,15,16,17,19
multiplicative,100,100,1.5,1,0.4437444155510506,ok,21,22,24,25,28
multiplicative,100,100,1.5,2,0.4405731229649491,ok,20,21,23,24,27
multiplicative,100,100,1.5,3,0.6048124852534106,ok,16,17,18,19,21
multiplicative,100,100,1.5,4,0.7059051023339523,ok,19,19,21,23,25
multiplicative,100,100,1.5,0,0.6947394334259344,ok,15,15,16,17,19
multiplicative,100,100,1.5,1,0.4437444155510506,ok,21,22,24,25,28
multiplicative,100,100,1.5,2,0.4405731229649491,ok,20,21,23,24,27
multiplicative,100,100,1.5,3,0.6048124852534106,ok,16,17,18,19,21
multiplicative,100,100,1.5,4,0.7059051023339523,ok,19,19,21,23,25
