rho,instance_idx,method,initial_eta,backoff_factor,epsilon,target_epsilon,iteration_budget_per_attempt,terminal_status,final_norm,final_eta,attempts_started,rejected_attempts,rejected_iterations,budget_exhausted_restarts,total_iterations_spent,status,iterations_to_epsilon
2.0,0,multiplicative,10.0,0.95,0.1,0.001,10000,converged,0.0008890566216206267,0.2758369043677497,71,70,70,0,109,converged,18
2.0,0,multiplicative,10.0,0.95,0.05,0.001,10000,converged,0.0008890566216206267,0.2758369043677497,71,70,70,0,109,converged,21
2.0,0,multiplicative,10.0,0.95,0.01,0.001,10000,converged,0.0008890566216206267,0.2758369043677497,71,70,70,0,109,converged,28
2.0,0,multiplicative,10.0,0.95,0.005,0.001,10000,converged,0.0008890566216206267,0.2758369043677497,71,70,70,0,109,converged,31
2.0,0,multiplicative,10.0,0.95,0.001,0.001,10000,converged,0.0008890566216206267,0.2758369043677497,71,70,70,0,109,converged,39
2.0,1,multiplicative,10.0,0.95,0.1,0.001,10000,converged,0.0008138006526702144,0.2758369043677497,71,70,70,0,107,converged,18
2.0,1,multiplicative,10.0,0.95,0.05,0.001,10000,converged,0.0008138006526702144,0.2758369043677497,71,70,70,0,107,converged,20
2.0,1,multiplicative,10.0,0.95,0.01,0.001,10000,converged,0.0008138006526702144,0.2758369043677497,71,70,70,0,107,converged,27
2.0,1,multiplicative,10.0,0.95,0.005,0.001,10000,converged,0.0008138006526702144,0.2758369043677497,71,70,70,0,107,converged,30
2.0,1,multiplicative,10.0,0.95,0.001,0.001,10000,converged,0.0008138006526702144,0.2758369043677497,71,70,70,0,107,converged,37
2.0,0,quadratic,10.0,0.95,0.1,0.001,10000,converged,0.0009980892392343174,1.1018311023500527,44,43,54,0,358,converged,165
2.0,0,quadratic,10.0,0.95,0.05,0.001,10000,converged,0.0009980892392343174,1.1018311023500527,44,43,54,0,358,converged,188
2.0,0,quadratic,10.0,0.95,0.01,0.001,10000,converged,0.0009980892392343174,1.1018311023500527,44,43,54,0,358,converged,237
2.0,0,quadratic,10.0,0.95,0.005,0.001,10000,converged,0.0009980892392343174,1.1018311023500527,44,43,54,0,358,converged,258
2.0,0,quadratic,10.0,0.95,0.001,0.001,10000,converged,0.0009980892392343174,1.1018311023500527,44,43,54,0,358,converged,304
2.0,1,quadratic,10.0,0.95,0.1,0.001,10000,converged,0.0009909372233018814,1.1018311023500527,44,43,46,0,847,converged,623
2.0,1,quadratic,10.0,0.95,0.05,0.001,10000,converged,0.0009909372233018814,1.1018311023500527,44,43,46,0,847,converged,653
2.0,1,quadratic,10.0,0.95,0.01,0.001,10000,converged,0.0009909372233018814,1.1018311023500527,44,43,46,0,847,converged,715
2.0,1,quadratic,10.0,0.95,0.005,0.001,10000,converged,0.0009909372233018814,1.1018311023500527,44,43,46,0,847,converged,741
2.0,1,quadratic,10.0,0.95,0.001,0.001,10000,converged,0.0009909372233018814,1.1018311023500527,44,43,46,0,847,converged,801
