rho,method,converged_count,avg_iterations_to_epsilon,median_iterations_to_epsilon,avg_iterations_with_failures_as_budget,avg_final_norm,avg_final_eta,median_final_eta,avg_min_accepted_eta,avg_max_accepted_eta,avg_mean_accepted_eta,avg_mean_admissible_eta_bound,avg_total_backoffs,max_backoffs_single_step,num_instances,convergence_rate
1.2,additive,2,365.5,365.5,1946.8,0.47841533269966874,0.008941888491766175,0.007922816251426447,0.008941888491766175,0.016402705520531313,0.008958914200031996,160.65921419160048,31.8,30,5,0.4
1.2,multiplicative,5,131.2,138.0,131.2,0.0009788437124982504,0.0649325391394577,0.05902958103587064,0.0649325391394577,0.06788401819125123,0.06495392666881854,765.4689510577916,22.6,23,5,1.0
1.2,quadratic,1,323.0,323.0,2465.4,4.143575949155641,0.05629499534279232,8.263199609878173e-13,0.056294995345776644,0.32369622321725466,0.1781406438456536,1544.9287052726422,111.2,18,5,0.2
1.5,additive,2,178.5,178.5,1872.0,0.30252226847781805,0.01736984617622302,0.015474250491067277,0.01736984617622302,0.025629227375830177,0.017411744461443106,154.66283537759455,28.6,28,5,0.4
1.5,multiplicative,5,66.4,62.0,66.4,0.0009461386765019609,0.12220967948832591,0.11529215046068482,0.12220967948832591,0.12220967948832591,0.12220967948832592,451.30719503231484,19.8,21,5,1.0
1.5,quadratic,4,443.0,312.5,954.6,0.2927601039690839,0.37823199995510953,0.4398046511104003,0.378231999955267,0.5156709534269444,0.4677061412339061,19057.912272291625,38.0,15,5,0.8
2.0,additive,5,167.6,133.0,167.6,0.0009788637667160775,0.02757559794540973,0.030223145490365772,0.02757559794540973,0.05300856377021183,0.02827822124939719,1502.3490360951969,26.6,25,5,1.0
2.0,multiplicative,5,50.2,48.0,50.2,0.0009198913868892456,0.22022602177841746,0.22517998136852502,0.22022602177841746,0.22022602177841746,0.22022602177841746,470.5680220869825,17.2,19,5,1.0
2.0,quadratic,4,534.75,413.5,1028.0,0.3327940731200098,0.7541962571777656,1.0737418240000005,0.7541962571800053,1.0226317131776006,0.8855676738803429,77960.58113949334,35.6,27,5,0.8
3.0,additive,4,331.0,196.0,865.0,0.14223442285938798,0.04606838509232728,0.05902958103587064,0.04606838509232728,0.11275572315054976,0.047022142759584704,1491.5665798653104,24.6,22,5,0.8
3.0,multiplicative,5,41.0,32.0,41.0,0.0009207861398342332,0.4741094138970115,0.5497558138880003,0.4741094138970115,0.4741094138970115,0.4741094138970115,591.0051090990358,13.8,16,5,1.0
3.0,quadratic,3,1187.0,536.0,1912.6,0.8546883016121163,1.053609164800331,1.0737418240000005,1.0536091648008274,2.1021851648000007,1.3206868950155015,306884.0715688881,58.8,28,5,0.6
5.0,additive,0,,,3001.0,0.2262882182245765,0.040685757728446,0.04722366482869651,0.040685757728446,0.19419521593221598,0.04096007432277814,2.1624101356216996,25.6,20,5,0.0
5.0,multiplicative,5,49.8,42.0,49.8,0.0009062786581472031,0.8181053705420804,0.8589934592000005,0.8181053705420804,0.8181053705420804,0.8181053705420804,671.9168196942301,11.4,14,5,1.0
5.0,quadratic,0,,,3001.0,2.6888320834406794,8.263199609878172e-13,8.263199609878173e-13,4.801768827330465e-12,3.901030400000001,0.8460163908922208,1.35535513591486,135.0,26,5,0.0
10.0,additive,0,,,3001.0,0.5580407113913346,0.003428456859110131,0.004056481920730342,0.003428456859110131,0.261208778387489,0.004806423701243188,0.2592724999449203,37.2,18,5,0.0
10.0,multiplicative,5,179.0,187.0,179.0,0.0009856083303665356,1.1574936862720004,1.3421772800000007,1.1574936862720004,1.1574936862720004,1.1574936862720007,1146.1903587786314,9.8,12,5,1.0
10.0,quadratic,0,,,3001.0,2.9521077017134356,8.263199609878172e-13,8.263199609878173e-13,3.754617170454458e-12,4.876288000000001,1.1600419678547893,2.157355881326569,135.0,22,5,0.0
100.0,additive,0,,,3001.0,3.4497541676140235,8.263199609878172e-13,8.263199609878173e-13,1.382310637863409e-12,0.3265109729843612,0.03144877560254544,0.03140478862225936,135.0,29,5,0.0
100.0,multiplicative,0,,,3001.0,12.185034199104233,0.04503599627436606,8.263199609878173e-13,0.045035996276043655,1.3797582438400007,0.3781068895436092,157595223577290.84,111.4,23,5,0.0
100.0,quadratic,0,,,3001.0,3.8721966802484338,8.263199609878172e-13,8.263199609878173e-13,8.763467769550602e-12,6.41536,1.0816277123039815,1.4954171865155075,135.0,29,5,0.0
