rho,instance_idx,method,initial_eta,backoff_factor,epsilon,target_epsilon,iteration_budget_per_attempt,terminal_status,final_norm,final_eta,attempts_started,rejected_attempts,rejected_iterations,total_iterations_spent,status,iterations_to_epsilon
1.2,0,additive,10.0,0.95,0.1,0.001,10000,converged,0.000978745482918008,0.010895307788482876,134,133,144,340,converged,78.0
1.2,0,additive,10.0,0.95,0.05,0.001,10000,converged,0.000978745482918008,0.010895307788482876,134,133,144,340,converged,94.0
1.2,0,additive,10.0,0.95,0.01,0.001,10000,converged,0.000978745482918008,0.010895307788482876,134,133,144,340,converged,134.0
1.2,0,additive,10.0,0.95,0.005,0.001,10000,converged,0.000978745482918008,0.010895307788482876,134,133,144,340,converged,153.0
1.2,0,additive,10.0,0.95,0.001,0.001,10000,converged,0.000978745482918008,0.010895307788482876,134,133,144,340,converged,196.0
1.2,1,additive,10.0,0.95,0.1,0.001,10000,converged,0.0009958898714958462,0.00887429628939298,138,137,167,404,converged,98.0
1.2,1,additive,10.0,0.95,0.05,0.001,10000,converged,0.0009958898714958462,0.00887429628939298,138,137,167,404,converged,118.0
1.2,1,additive,10.0,0.95,0.01,0.001,10000,converged,0.0009958898714958462,0.00887429628939298,138,137,167,404,converged,166.0
1.2,1,additive,10.0,0.95,0.005,0.001,10000,converged,0.0009958898714958462,0.00887429628939298,138,137,167,404,converged,187.0
1.2,1,additive,10.0,0.95,0.001,0.001,10000,converged,0.0009958898714958462,0.00887429628939298,138,137,167,404,converged,237.0
1.2,2,additive,10.0,0.95,0.1,0.001,10000,budget_exhausted,1.2837444508928824,0.010895307788482876,134,133,140,10140,budget_exhausted,
1.2,2,additive,10.0,0.95,0.05,0.001,10000,budget_exhausted,1.2837444508928824,0.010895307788482876,134,133,140,10140,budget_exhausted,
1.2,2,additive,10.0,0.95,0.01,0.001,10000,budget_exhausted,1.2837444508928824,0.010895307788482876,134,133,140,10140,budget_exhausted,
1.2,2,additive,10.0,0.95,0.005,0.001,10000,budget_exhausted,1.2837444508928824,0.010895307788482876,134,133,140,10140,budget_exhausted,
1.2,2,additive,10.0,0.95,0.001,0.001,10000,budget_exhausted,1.2837444508928824,0.010895307788482876,134,133,140,10140,budget_exhausted,
1.2,3,additive,10.0,0.95,0.1,0.001,10000,budget_exhausted,0.768426582038746,0.008009052401177164,140,139,164,10164,budget_exhausted,
1.2,3,additive,10.0,0.95,0.05,0.001,10000,budget_exhausted,0.768426582038746,0.008009052401177164,140,139,164,10164,budget_exhausted,
1.2,3,additive,10.0,0.95,0.01,0.001,10000,budget_exhausted,0.768426582038746,0.008009052401177164,140,139,164,10164,budget_exhausted,
1.2,3,additive,10.0,0.95,0.005,0.001,10000,budget_exhausted,0.768426582038746,0.008009052401177164,140,139,164,10164,budget_exhausted,
1.2,3,additive,10.0,0.95,0.001,0.001,10000,budget_exhausted,0.768426582038746,0.008009052401177164,140,139,164,10164,budget_exhausted,
1.2,4,additive,10.0,0.95,0.1,0.001,10000,budget_exhausted,0.7516469478058916,0.016422930730837906,126,125,125,10125,budget_exhausted,
1.2,4,additive,10.0,0.95,0.05,0.001,10000,budget_exhausted,0.7516469478058916,0.016422930730837906,126,125,125,10125,budget_exhausted,
1.2,4,additive,10.0,0.95,0.01,0.001,10000,budget_exhausted,0.7516469478058916,0.016422930730837906,126,125,125,10125,budget_exhausted,
1.2,4,additive,10.0,0.95,0.005,0.001,10000,budget_exhausted,0.7516469478058916,0.016422930730837906,126,125,125,10125,budget_exhausted,
1.2,4,additive,10.0,0.95,0.001,0.001,10000,budget_exhausted,0.7516469478058916,0.016422930730837906,126,125,125,10125,budget_exhausted,
1.2,0,multiplicative,10.0,0.95,0.1,0.001,10000,converged,0.0009480676408379973,0.07268856709612725,97,96,99,227,converged,46.0
1.2,0,multiplicative,10.0,0.95,0.05,0.001,10000,converged,0.0009480676408379973,0.07268856709612725,97,96,99,227,converged,57.0
1.2,0,multiplicative,10.0,0.95,0.01,0.001,10000,converged,0.0009480676408379973,0.07268856709612725,97,96,99,227,converged,85.0
1.2,0,multiplicative,10.0,0.95,0.005,0.001,10000,converged,0.0009480676408379973,0.07268856709612725,97,96,99,227,converged,98.0
1.2,0,multiplicative,10.0,0.95,0.001,0.001,10000,converged,0.0009480676408379973,0.07268856709612725,97,96,99,227,converged,128.0
1.2,1,multiplicative,10.0,0.95,0.1,0.001,10000,converged,0.0009580337895130369,0.0805413485829665,95,94,99,197,converged,41.0
1.2,1,multiplicative,10.0,0.95,0.05,0.001,10000,converged,0.0009580337895130369,0.0805413485829665,95,94,99,197,converged,49.0
1.2,1,multiplicative,10.0,0.95,0.01,0.001,10000,converged,0.0009580337895130369,0.0805413485829665,95,94,99,197,converged,68.0
1.2,1,multiplicative,10.0,0.95,0.005,0.001,10000,converged,0.0009580337895130369,0.0805413485829665,95,94,99,197,converged,77.0
1.2,1,multiplicative,10.0,0.95,0.001,0.001,10000,converged,0.0009580337895130369,0.0805413485829665,95,94,99,197,converged,98.0
1.2,2,multiplicative,10.0,0.95,0.1,0.001,10000,converged,0.000989993689030901,0.0623213602140421,100,99,101,229,converged,54.0
1.2,2,multiplicative,10.0,0.95,0.05,0.001,10000,converged,0.000989993689030901,0.0623213602140421,100,99,101,229,converged,65.0
1.2,2,multiplicative,10.0,0.95,0.01,0.001,10000,converged,0.000989993689030901,0.0623213602140421,100,99,101,229,converged,90.0
1.2,2,multiplicative,10.0,0.95,0.005,0.001,10000,converged,0.000989993689030901,0.0623213602140421,100,99,101,229,converged,102.0
1.2,2,multiplicative,10.0,0.95,0.001,0.001,10000,converged,0.000989993689030901,0.0623213602140421,100,99,101,229,converged,128.0
1.2,3,multiplicative,10.0,0.95,0.1,0.001,10000,converged,0.0009984489310168473,0.05343277621351434,103,102,118,251,converged,61.0
1.2,3,multiplicative,10.0,0.95,0.05,0.001,10000,converged,0.0009984489310168473,0.05343277621351434,103,102,118,251,converged,71.0
1.2,3,multiplicative,10.0,0.95,0.01,0.001,10000,converged,0.0009984489310168473,0.05343277621351434,103,102,118,251,converged,97.0
1.2,3,multiplicative,10.0,0.95,0.005,0.001,10000,converged,0.0009984489310168473,0.05343277621351434,103,102,118,251,converged,108.0
1.2,3,multiplicative,10.0,0.95,0.001,0.001,10000,converged,0.0009984489310168473,0.05343277621351434,103,102,118,251,converged,133.0
1.2,4,multiplicative,10.0,0.95,0.1,0.001,10000,converged,0.000999103131017825,0.0690541387413209,98,97,97,216,converged,45.0
1.2,4,multiplicative,10.0,0.95,0.05,0.001,10000,converged,0.000999103131017825,0.0690541387413209,98,97,97,216,converged,54.0
1.2,4,multiplicative,10.0,0.95,0.01,0.001,10000,converged,0.000999103131017825,0.0690541387413209,98,97,97,216,converged,78.0
1.2,4,multiplicative,10.0,0.95,0.005,0.001,10000,converged,0.000999103131017825,0.0690541387413209,98,97,97,216,converged,90.0
1.2,4,multiplicative,10.0,0.95,0.001,0.001,10000,converged,0.000999103131017825,0.0690541387413209,98,97,97,216,converged,119.0
1.2,0,quadratic,10.0,0.95,0.1,0.001,10000,converged,0.0009652119266971224,0.33865535638032207,67,66,78,430,converged,285.0
1.2,0,quadratic,10.0,0.95,0.05,0.001,10000,converged,0.0009652119266971224,0.33865535638032207,67,66,78,430,converged,295.0
1.2,0,quadratic,10.0,0.95,0.01,0.001,10000,converged,0.0009652119266971224,0.33865535638032207,67,66,78,430,converged,318.0
1.2,0,quadratic,10.0,0.95,0.005,0.001,10000,converged,0.0009652119266971224,0.33865535638032207,67,66,78,430,converged,328.0
1.2,0,quadratic,10.0,0.95,0.001,0.001,10000,converged,0.0009652119266971224,0.33865535638032207,67,66,78,430,converged,352.0
1.2,1,quadratic,10.0,0.95,0.1,0.001,10000,converged,0.000961939335240878,0.41577993585724127,63,62,66,502,converged,391.0
1.2,1,quadratic,10.0,0.95,0.05,0.001,10000,converged,0.000961939335240878,0.41577993585724127,63,62,66,502,converged,397.0
1.2,1,quadratic,10.0,0.95,0.01,0.001,10000,converged,0.000961939335240878,0.41577993585724127,63,62,66,502,converged,412.0
1.2,1,quadratic,10.0,0.95,0.005,0.001,10000,converged,0.000961939335240878,0.41577993585724127,63,62,66,502,converged,419.0
1.2,1,quadratic,10.0,0.95,0.001,0.001,10000,converged,0.000961939335240878,0.41577993585724127,63,62,66,502,converged,436.0
1.2,2,quadratic,10.0,0.95,0.1,0.001,10000,converged,0.000983947786002545,0.2758369043677497,71,70,85,575,converged,368.0
1.2,2,quadratic,10.0,0.95,0.05,0.001,10000,converged,0.000983947786002545,0.2758369043677497,71,70,85,575,converged,384.0
1.2,2,quadratic,10.0,0.95,0.01,0.001,10000,converged,0.000983947786002545,0.2758369043677497,71,70,85,575,converged,421.0
1.2,2,quadratic,10.0,0.95,0.005,0.001,10000,converged,0.000983947786002545,0.2758369043677497,71,70,85,575,converged,439.0
1.2,2,quadratic,10.0,0.95,0.001,0.001,10000,converged,0.000983947786002545,0.2758369043677497,71,70,85,575,converged,490.0
1.2,3,quadratic,10.0,0.95,0.1,0.001,10000,converged,0.0009765032769690713,0.33865535638032207,67,66,73,722,converged,539.0
1.2,3,quadratic,10.0,0.95,0.05,0.001,10000,converged,0.0009765032769690713,0.33865535638032207,67,66,73,722,converged,550.0
1.2,3,quadratic,10.0,0.95,0.01,0.001,10000,converged,0.0009765032769690713,0.33865535638032207,67,66,73,722,converged,578.0
1.2,3,quadratic,10.0,0.95,0.005,0.001,10000,converged,0.0009765032769690713,0.33865535638032207,67,66,73,722,converged,595.0
1.2,3,quadratic,10.0,0.95,0.001,0.001,10000,converged,0.0009765032769690713,0.33865535638032207,67,66,73,722,converged,649.0
1.2,4,quadratic,10.0,0.95,0.1,0.001,10000,converged,0.0009726751095668992,0.2620450591493622,72,71,80,655,converged,498.0
1.2,4,quadratic,10.0,0.95,0.05,0.001,10000,converged,0.0009726751095668992,0.2620450591493622,72,71,80,655,converged,510.0
1.2,4,quadratic,10.0,0.95,0.01,0.001,10000,converged,0.0009726751095668992,0.2620450591493622,72,71,80,655,converged,536.0
1.2,4,quadratic,10.0,0.95,0.005,0.001,10000,converged,0.0009726751095668992,0.2620450591493622,72,71,80,655,converged,547.0
1.2,4,quadratic,10.0,0.95,0.001,0.001,10000,converged,0.0009726751095668992,0.2620450591493622,72,71,80,655,converged,575.0
1.5,0,additive,10.0,0.95,0.1,0.001,10000,budget_exhausted,0.9199440818552342,0.03199217688508881,113,112,112,10112,budget_exhausted,
1.5,0,additive,10.0,0.95,0.05,0.001,10000,budget_exhausted,0.9199440818552342,0.03199217688508881,113,112,112,10112,budget_exhausted,
1.5,0,additive,10.0,0.95,0.01,0.001,10000,budget_exhausted,0.9199440818552342,0.03199217688508881,113,112,112,10112,budget_exhausted,
1.5,0,additive,10.0,0.95,0.005,0.001,10000,budget_exhausted,0.9199440818552342,0.03199217688508881,113,112,112,10112,budget_exhausted,
1.5,0,additive,10.0,0.95,0.001,0.001,10000,budget_exhausted,0.9199440818552342,0.03199217688508881,113,112,112,10112,budget_exhausted,
1.5,1,additive,10.0,0.95,0.1,0.001,10000,converged,0.0009921411939491915,0.017287295506145165,125,124,140,269,converged,56.0
1.5,1,additive,10.0,0.95,0.05,0.001,10000,converged,0.0009921411939491915,0.017287295506145165,125,124,140,269,converged,67.0
1.5,1,additive,10.0,0.95,0.01,0.001,10000,converged,0.0009921411939491915,0.017287295506145165,125,124,140,269,converged,92.0
1.5,1,additive,10.0,0.95,0.005,0.001,10000,converged,0.0009921411939491915,0.017287295506145165,125,124,140,269,converged,103.0
1.5,1,additive,10.0,0.95,0.001,0.001,10000,converged,0.0009921411939491915,0.017287295506145165,125,124,140,269,converged,129.0
1.5,2,additive,10.0,0.95,0.1,0.001,10000,converged,0.0009948919587785554,0.012072363200535044,132,131,142,383,converged,96.0
1.5,2,additive,10.0,0.95,0.05,0.001,10000,converged,0.0009948919587785554,0.012072363200535044,132,131,142,383,converged,117.0
1.5,2,additive,10.0,0.95,0.01,0.001,10000,converged,0.0009948919587785554,0.012072363200535044,132,131,142,383,converged,167.0
1.5,2,additive,10.0,0.95,0.005,0.001,10000,converged,0.0009948919587785554,0.012072363200535044,132,131,142,383,converged,189.0
1.5,2,additive,10.0,0.95,0.001,0.001,10000,converged,0.0009948919587785554,0.012072363200535044,132,131,142,383,converged,241.0
1.5,3,additive,10.0,0.95,0.1,0.001,10000,budget_exhausted,0.381597953689626,0.014080610235352148,129,128,144,10144,budget_exhausted,
1.5,3,additive,10.0,0.95,0.05,0.001,10000,budget_exhausted,0.381597953689626,0.014080610235352148,129,128,144,10144,budget_exhausted,
1.5,3,additive,10.0,0.95,0.01,0.001,10000,budget_exhausted,0.381597953689626,0.014080610235352148,129,128,144,10144,budget_exhausted,
1.5,3,additive,10.0,0.95,0.005,0.001,10000,budget_exhausted,0.381597953689626,0.014080610235352148,129,128,144,10144,budget_exhausted,
1.5,3,additive,10.0,0.95,0.001,0.001,10000,budget_exhausted,0.381597953689626,0.014080610235352148,129,128,144,10144,budget_exhausted,
1.5,4,additive,10.0,0.95,0.1,0.001,10000,converged,0.0009756998842769124,0.03199217688508881,113,112,112,206,converged,32.0
1.5,4,additive,10.0,0.95,0.05,0.001,10000,converged,0.0009756998842769124,0.03199217688508881,113,112,112,206,converged,38.0
1.5,4,additive,10.0,0.95,0.01,0.001,10000,converged,0.0009756998842769124,0.03199217688508881,113,112,112,206,converged,56.0
1.5,4,additive,10.0,0.95,0.005,0.001,10000,converged,0.0009756998842769124,0.03199217688508881,113,112,112,206,converged,66.0
1.5,4,additive,10.0,0.95,0.001,0.001,10000,converged,0.0009756998842769124,0.03199217688508881,113,112,112,206,converged,94.0
1.5,0,multiplicative,10.0,0.95,0.1,0.001,10000,converged,0.00099416501631755,0.14159869113351017,84,83,83,138,converged,24.0
1.5,0,multiplicative,10.0,0.95,0.05,0.001,10000,converged,0.00099416501631755,0.14159869113351017,84,83,83,138,converged,28.0
1.5,0,multiplicative,10.0,0.95,0.01,0.001,10000,converged,0.00099416501631755,0.14159869113351017,84,83,83,138,converged,39.0
1.5,0,multiplicative,10.0,0.95,0.005,0.001,10000,converged,0.00099416501631755,0.14159869113351017,84,83,83,138,converged,44.0
1.5,0,multiplicative,10.0,0.95,0.001,0.001,10000,converged,0.00099416501631755,0.14159869113351017,84,83,83,138,converged,55.0
1.5,1,multiplicative,10.0,0.95,0.1,0.001,10000,converged,0.0009430686589279135,0.16515374385013584,81,80,80,124,converged,19.0
1.5,1,multiplicative,10.0,0.95,0.05,0.001,10000,converged,0.0009430686589279135,0.16515374385013584,81,80,80,124,converged,23.0
1.5,1,multiplicative,10.0,0.95,0.01,0.001,10000,converged,0.0009430686589279135,0.16515374385013584,81,80,80,124,converged,31.0
1.5,1,multiplicative,10.0,0.95,0.005,0.001,10000,converged,0.0009430686589279135,0.16515374385013584,81,80,80,124,converged,35.0
1.5,1,multiplicative,10.0,0.95,0.001,0.001,10000,converged,0.0009430686589279135,0.16515374385013584,81,80,80,124,converged,44.0
1.5,2,multiplicative,10.0,0.95,0.1,0.001,10000,converged,0.0009670142434052516,0.08924249150467203,93,92,92,177,converged,37.0
1.5,2,multiplicative,10.0,0.95,0.05,0.001,10000,converged,0.0009670142434052516,0.08924249150467203,93,92,92,177,converged,44.0
1.5,2,multiplicative,10.0,0.95,0.01,0.001,10000,converged,0.0009670142434052516,0.08924249150467203,93,92,92,177,converged,60.0
1.5,2,multiplicative,10.0,0.95,0.005,0.001,10000,converged,0.0009670142434052516,0.08924249150467203,93,92,92,177,converged,68.0
1.5,2,multiplicative,10.0,0.95,0.001,0.001,10000,converged,0.0009670142434052516,0.08924249150467203,93,92,92,177,converged,85.0
1.5,3,multiplicative,10.0,0.95,0.1,0.001,10000,converged,0.0008824246886055513,0.14159869113351017,84,83,83,137,converged,24.0
1.5,3,multiplicative,10.0,0.95,0.05,0.001,10000,converged,0.0008824246886055513,0.14159869113351017,84,83,83,137,converged,28.0
1.5,3,multiplicative,10.0,0.95,0.01,0.001,10000,converged,0.0008824246886055513,0.14159869113351017,84,83,83,137,converged,38.0
1.5,3,multiplicative,10.0,0.95,0.005,0.001,10000,converged,0.0008824246886055513,0.14159869113351017,84,83,83,137,converged,43.0
1.5,3,multiplicative,10.0,0.95,0.001,0.001,10000,converged,0.0008824246886055513,0.14159869113351017,84,83,83,137,converged,54.0
1.5,4,multiplicative,10.0,0.95,0.1,0.001,10000,converged,0.0009944772607028778,0.12779281874799292,86,85,85,141,converged,25.0
1.5,4,multiplicative,10.0,0.95,0.05,0.001,10000,converged,0.0009944772607028778,0.12779281874799292,86,85,85,141,converged,29.0
1.5,4,multiplicative,10.0,0.95,0.01,0.001,10000,converged,0.0009944772607028778,0.12779281874799292,86,85,85,141,converged,40.0
1.5,4,multiplicative,10.0,0.95,0.005,0.001,10000,converged,0.0009944772607028778,0.12779281874799292,86,85,85,141,converged,45.0
1.5,4,multiplicative,10.0,0.95,0.001,0.001,10000,converged,0.0009944772607028778,0.12779281874799292,86,85,85,141,converged,56.0
1.5,0,quadratic,10.0,0.95,0.1,0.001,10000,converged,0.0009809714394838354,0.595385551055294,56,55,58,3927,converged,3749.0
1.5,0,quadratic,10.0,0.95,0.05,0.001,10000,converged,0.0009809714394838354,0.595385551055294,56,55,58,3927,converged,3768.0
1.5,0,quadratic,10.0,0.95,0.01,0.001,10000,converged,0.0009809714394838354,0.595385551055294,56,55,58,3927,converged,3810.0
1.5,0,quadratic,10.0,0.95,0.005,0.001,10000,converged,0.0009809714394838354,0.595385551055294,56,55,58,3927,converged,3828.0
1.5,0,quadratic,10.0,0.95,0.001,0.001,10000,converged,0.0009809714394838354,0.595385551055294,56,55,58,3927,converged,3869.0
1.5,1,quadratic,10.0,0.95,0.1,0.001,10000,converged,0.000994917403887045,0.6597069817787192,54,53,58,458,converged,252.0
1.5,1,quadratic,10.0,0.95,0.05,0.001,10000,converged,0.000994917403887045,0.6597069817787192,54,53,58,458,converged,276.0
1.5,1,quadratic,10.0,0.95,0.01,0.001,10000,converged,0.000994917403887045,0.6597069817787192,54,53,58,458,converged,328.0
1.5,1,quadratic,10.0,0.95,0.005,0.001,10000,converged,0.000994917403887045,0.6597069817787192,54,53,58,458,converged,350.0
1.5,1,quadratic,10.0,0.95,0.001,0.001,10000,converged,0.000994917403887045,0.6597069817787192,54,53,58,458,converged,400.0
1.5,2,quadratic,10.0,0.95,0.1,0.001,10000,converged,0.000994654415716223,0.37524139211116025,65,64,70,2220,converged,1857.0
1.5,2,quadratic,10.0,0.95,0.05,0.001,10000,converged,0.000994654415716223,0.37524139211116025,65,64,70,2220,converged,1902.0
1.5,2,quadratic,10.0,0.95,0.01,0.001,10000,converged,0.000994654415716223,0.37524139211116025,65,64,70,2220,converged,2000.0
1.5,2,quadratic,10.0,0.95,0.005,0.001,10000,converged,0.000994654415716223,0.37524139211116025,65,64,70,2220,converged,2043.0
1.5,2,quadratic,10.0,0.95,0.001,0.001,10000,converged,0.000994654415716223,0.37524139211116025,65,64,70,2220,converged,2150.0
1.5,3,quadratic,10.0,0.95,0.1,0.001,10000,converged,0.0009954261922822981,0.6267216326897832,55,54,59,628,converged,376.0
1.5,3,quadratic,10.0,0.95,0.05,0.001,10000,converged,0.0009954261922822981,0.6267216326897832,55,54,59,628,converged,406.0
1.5,3,quadratic,10.0,0.95,0.01,0.001,10000,converged,0.0009954261922822981,0.6267216326897832,55,54,59,628,converged,473.0
1.5,3,quadratic,10.0,0.95,0.005,0.001,10000,converged,0.0009954261922822981,0.6267216326897832,55,54,59,628,converged,502.0
1.5,3,quadratic,10.0,0.95,0.001,0.001,10000,converged,0.0009954261922822981,0.6267216326897832,55,54,59,628,converged,569.0
1.5,4,quadratic,10.0,0.95,0.1,0.001,10000,converged,0.0009940944140061317,0.5104686868360326,59,58,62,779,converged,612.0
1.5,4,quadratic,10.0,0.95,0.05,0.001,10000,converged,0.0009940944140061317,0.5104686868360326,59,58,62,779,converged,629.0
1.5,4,quadratic,10.0,0.95,0.01,0.001,10000,converged,0.0009940944140061317,0.5104686868360326,59,58,62,779,converged,666.0
1.5,4,quadratic,10.0,0.95,0.005,0.001,10000,converged,0.0009940944140061317,0.5104686868360326,59,58,62,779,converged,681.0
1.5,4,quadratic,10.0,0.95,0.001,0.001,10000,converged,0.0009940944140061317,0.5104686868360326,59,58,62,779,converged,717.0
2.0,0,additive,10.0,0.95,0.1,0.001,10000,converged,0.0009932923721981354,0.05076113740283862,104,103,184,319,converged,31.0
2.0,0,additive,10.0,0.95,0.05,0.001,10000,converged,0.0009932923721981354,0.05076113740283862,104,103,184,319,converged,39.0
2.0,0,additive,10.0,0.95,0.01,0.001,10000,converged,0.0009932923721981354,0.05076113740283862,104,103,184,319,converged,70.0
2.0,0,additive,10.0,0.95,0.005,0.001,10000,converged,0.0009932923721981354,0.05076113740283862,104,103,184,319,converged,89.0
2.0,0,additive,10.0,0.95,0.001,0.001,10000,converged,0.0009932923721981354,0.05076113740283862,104,103,184,319,converged,135.0
2.0,1,additive,10.0,0.95,0.1,0.001,10000,budget_exhausted,0.5858979239576911,0.05076113740283862,104,103,139,10139,budget_exhausted,
2.0,1,additive,10.0,0.95,0.05,0.001,10000,budget_exhausted,0.5858979239576911,0.05076113740283862,104,103,139,10139,budget_exhausted,
2.0,1,additive,10.0,0.95,0.01,0.001,10000,budget_exhausted,0.5858979239576911,0.05076113740283862,104,103,139,10139,budget_exhausted,
2.0,1,additive,10.0,0.95,0.005,0.001,10000,budget_exhausted,0.5858979239576911,0.05076113740283862,104,103,139,10139,budget_exhausted,
2.0,1,additive,10.0,0.95,0.001,0.001,10000,budget_exhausted,0.5858979239576911,0.05076113740283862,104,103,139,10139,budget_exhausted,
2.0,2,additive,10.0,0.95,0.1,0.001,10000,converged,0.000998503667935663,0.02351718979166935,119,118,131,444,converged,74.0
2.0,2,additive,10.0,0.95,0.05,0.001,10000,converged,0.000998503667935663,0.02351718979166935,119,118,131,444,converged,94.0
2.0,2,additive,10.0,0.95,0.01,0.001,10000,converged,0.000998503667935663,0.02351718979166935,119,118,131,444,converged,145.0
2.0,2,additive,10.0,0.95,0.005,0.001,10000,converged,0.000998503667935663,0.02351718979166935,119,118,131,444,converged,170.0
2.0,2,additive,10.0,0.95,0.001,0.001,10000,converged,0.000998503667935663,0.02351718979166935,119,118,131,444,converged,313.0
2.0,3,additive,10.0,0.95,0.1,0.001,10000,converged,0.0009739471942186972,0.024754936622809844,118,117,132,321,converged,66.0
2.0,3,additive,10.0,0.95,0.05,0.001,10000,converged,0.0009739471942186972,0.024754936622809844,118,117,132,321,converged,83.0
2.0,3,additive,10.0,0.95,0.01,0.001,10000,converged,0.0009739471942186972,0.024754936622809844,118,117,132,321,converged,125.0
2.0,3,additive,10.0,0.95,0.005,0.001,10000,converged,0.0009739471942186972,0.024754936622809844,118,117,132,321,converged,144.0
2.0,3,additive,10.0,0.95,0.001,0.001,10000,converged,0.0009739471942186972,0.024754936622809844,118,117,132,321,converged,189.0
2.0,4,additive,10.0,0.95,0.1,0.001,10000,budget_exhausted,0.9030271097500332,0.0690541387413209,98,97,132,10132,budget_exhausted,
2.0,4,additive,10.0,0.95,0.05,0.001,10000,budget_exhausted,0.9030271097500332,0.0690541387413209,98,97,132,10132,budget_exhausted,
2.0,4,additive,10.0,0.95,0.01,0.001,10000,budget_exhausted,0.9030271097500332,0.0690541387413209,98,97,132,10132,budget_exhausted,
2.0,4,additive,10.0,0.95,0.005,0.001,10000,budget_exhausted,0.9030271097500332,0.0690541387413209,98,97,132,10132,budget_exhausted,
2.0,4,additive,10.0,0.95,0.001,0.001,10000,budget_exhausted,0.9030271097500332,0.0690541387413209,98,97,132,10132,budget_exhausted,
2.0,0,multiplicative,10.0,0.95,0.1,0.001,10000,converged,0.0008890566216206267,0.2758369043677497,71,70,70,109,converged,18.0
2.0,0,multiplicative,10.0,0.95,0.05,0.001,10000,converged,0.0008890566216206267,0.2758369043677497,71,70,70,109,converged,21.0
2.0,0,multiplicative,10.0,0.95,0.01,0.001,10000,converged,0.0008890566216206267,0.2758369043677497,71,70,70,109,converged,28.0
2.0,0,multiplicative,10.0,0.95,0.005,0.001,10000,converged,0.0008890566216206267,0.2758369043677497,71,70,70,109,converged,31.0
2.0,0,multiplicative,10.0,0.95,0.001,0.001,10000,converged,0.0008890566216206267,0.2758369043677497,71,70,70,109,converged,39.0
2.0,1,multiplicative,10.0,0.95,0.1,0.001,10000,converged,0.0008138006526702144,0.2758369043677497,71,70,70,107,converged,18.0
2.0,1,multiplicative,10.0,0.95,0.05,0.001,10000,converged,0.0008138006526702144,0.2758369043677497,71,70,70,107,converged,20.0
2.0,1,multiplicative,10.0,0.95,0.01,0.001,10000,converged,0.0008138006526702144,0.2758369043677497,71,70,70,107,converged,27.0
2.0,1,multiplicative,10.0,0.95,0.005,0.001,10000,converged,0.0008138006526702144,0.2758369043677497,71,70,70,107,converged,30.0
2.0,1,multiplicative,10.0,0.95,0.001,0.001,10000,converged,0.0008138006526702144,0.2758369043677497,71,70,70,107,converged,37.0
2.0,2,multiplicative,10.0,0.95,0.1,0.001,10000,converged,0.00096042705378186,0.1926271979590446,78,77,77,131,converged,27.0
2.0,2,multiplicative,10.0,0.95,0.05,0.001,10000,converged,0.00096042705378186,0.1926271979590446,78,77,77,131,converged,31.0
2.0,2,multiplicative,10.0,0.95,0.01,0.001,10000,converged,0.00096042705378186,0.1926271979590446,78,77,77,131,converged,40.0
2.0,2,multiplicative,10.0,0.95,0.005,0.001,10000,converged,0.00096042705378186,0.1926271979590446,78,77,77,131,converged,44.0
2.0,2,multiplicative,10.0,0.95,0.001,0.001,10000,converged,0.00096042705378186,0.1926271979590446,78,77,77,131,converged,54.0
2.0,3,multiplicative,10.0,0.95,0.1,0.001,10000,converged,0.000982513196050565,0.2134373384587752,76,75,75,127,converged,23.0
2.0,3,multiplicative,10.0,0.95,0.05,0.001,10000,converged,0.000982513196050565,0.2134373384587752,76,75,75,127,converged,27.0
2.0,3,multiplicative,10.0,0.95,0.01,0.001,10000,converged,0.000982513196050565,0.2134373384587752,76,75,75,127,converged,37.0
2.0,3,multiplicative,10.0,0.95,0.005,0.001,10000,converged,0.000982513196050565,0.2134373384587752,76,75,75,127,converged,42.0
2.0,3,multiplicative,10.0,0.95,0.001,0.001,10000,converged,0.000982513196050565,0.2134373384587752,76,75,75,127,converged,52.0
2.0,4,multiplicative,10.0,0.95,0.1,0.001,10000,converged,0.0009280444651719766,0.33865535638032207,67,66,66,96,converged,18.0
2.0,4,multiplicative,10.0,0.95,0.05,0.001,10000,converged,0.0009280444651719766,0.33865535638032207,67,66,66,96,converged,19.0
2.0,4,multiplicative,10.0,0.95,0.01,0.001,10000,converged,0.0009280444651719766,0.33865535638032207,67,66,66,96,converged,24.0
2.0,4,multiplicative,10.0,0.95,0.005,0.001,10000,converged,0.0009280444651719766,0.33865535638032207,67,66,66,96,converged,26.0
2.0,4,multiplicative,10.0,0.95,0.001,0.001,10000,converged,0.0009280444651719766,0.33865535638032207,67,66,66,96,converged,30.0
2.0,0,quadratic,10.0,0.95,0.1,0.001,10000,converged,0.0009980892392343174,1.1018311023500527,44,43,54,358,converged,165.0
2.0,0,quadratic,10.0,0.95,0.05,0.001,10000,converged,0.0009980892392343174,1.1018311023500527,44,43,54,358,converged,188.0
2.0,0,quadratic,10.0,0.95,0.01,0.001,10000,converged,0.0009980892392343174,1.1018311023500527,44,43,54,358,converged,237.0
2.0,0,quadratic,10.0,0.95,0.005,0.001,10000,converged,0.0009980892392343174,1.1018311023500527,44,43,54,358,converged,258.0
2.0,0,quadratic,10.0,0.95,0.001,0.001,10000,converged,0.0009980892392343174,1.1018311023500527,44,43,54,358,converged,304.0
2.0,1,quadratic,10.0,0.95,0.1,0.001,10000,converged,0.0009909372233018814,1.1018311023500527,44,43,46,847,converged,623.0
2.0,1,quadratic,10.0,0.95,0.05,0.001,10000,converged,0.0009909372233018814,1.1018311023500527,44,43,46,847,converged,653.0
2.0,1,quadratic,10.0,0.95,0.01,0.001,10000,converged,0.0009909372233018814,1.1018311023500527,44,43,46,847,converged,715.0
2.0,1,quadratic,10.0,0.95,0.005,0.001,10000,converged,0.0009909372233018814,1.1018311023500527,44,43,46,847,converged,741.0
2.0,1,quadratic,10.0,0.95,0.001,0.001,10000,converged,0.0009909372233018814,1.1018311023500527,44,43,46,847,converged,801.0
2.0,2,quadratic,10.0,0.95,0.1,0.001,10000,converged,0.0009978791269272932,0.7694497527671315,51,50,57,1361,converged,775.0
2.0,2,quadratic,10.0,0.95,0.05,0.001,10000,converged,0.0009978791269272932,0.7694497527671315,51,50,57,1361,converged,864.0
2.0,2,quadratic,10.0,0.95,0.01,0.001,10000,converged,0.0009978791269272932,0.7694497527671315,51,50,57,1361,converged,1049.0
2.0,2,quadratic,10.0,0.95,0.005,0.001,10000,converged,0.0009978791269272932,0.7694497527671315,51,50,57,1361,converged,1127.0
2.0,2,quadratic,10.0,0.95,0.001,0.001,10000,converged,0.0009978791269272932,0.7694497527671315,51,50,57,1361,converged,1304.0
2.0,3,quadratic,10.0,0.95,0.1,0.001,10000,converged,0.0009939067686348772,0.9446824413773763,47,46,51,1934,converged,1477.0
2.0,3,quadratic,10.0,0.95,0.05,0.001,10000,converged,0.0009939067686348772,0.9446824413773763,47,46,51,1934,converged,1545.0
2.0,3,quadratic,10.0,0.95,0.01,0.001,10000,converged,0.0009939067686348772,0.9446824413773763,47,46,51,1934,converged,1688.0
2.0,3,quadratic,10.0,0.95,0.005,0.001,10000,converged,0.0009939067686348772,0.9446824413773763,47,46,51,1934,converged,1747.0
2.0,3,quadratic,10.0,0.95,0.001,0.001,10000,converged,0.0009939067686348772,0.9446824413773763,47,46,51,1934,converged,1883.0
2.0,4,quadratic,10.0,0.95,0.1,0.001,10000,converged,0.0009977046753533532,1.285121565651031,41,40,45,280,converged,143.0
2.0,4,quadratic,10.0,0.95,0.05,0.001,10000,converged,0.0009977046753533532,1.285121565651031,41,40,45,280,converged,158.0
2.0,4,quadratic,10.0,0.95,0.01,0.001,10000,converged,0.0009977046753533532,1.285121565651031,41,40,45,280,converged,191.0
2.0,4,quadratic,10.0,0.95,0.005,0.001,10000,converged,0.0009977046753533532,1.285121565651031,41,40,45,280,converged,204.0
2.0,4,quadratic,10.0,0.95,0.001,0.001,10000,converged,0.0009977046753533532,1.285121565651031,41,40,45,280,converged,235.0
3.0,0,additive,10.0,0.95,0.1,0.001,10000,budget_exhausted,0.6542234036765242,0.08924249150467203,93,92,160,10160,converged,34.0
3.0,0,additive,10.0,0.95,0.05,0.001,10000,budget_exhausted,0.6542234036765242,0.08924249150467203,93,92,160,10160,converged,45.0
3.0,0,additive,10.0,0.95,0.01,0.001,10000,budget_exhausted,0.6542234036765242,0.08924249150467203,93,92,160,10160,budget_exhausted,
3.0,0,additive,10.0,0.95,0.005,0.001,10000,budget_exhausted,0.6542234036765242,0.08924249150467203,93,92,160,10160,budget_exhausted,
3.0,0,additive,10.0,0.95,0.001,0.001,10000,budget_exhausted,0.6542234036765242,0.08924249150467203,93,92,160,10160,budget_exhausted,
3.0,1,additive,10.0,0.95,0.1,0.001,10000,budget_exhausted,0.5780958173098879,0.08924249150467203,93,92,137,10137,budget_exhausted,
3.0,1,additive,10.0,0.95,0.05,0.001,10000,budget_exhausted,0.5780958173098879,0.08924249150467203,93,92,137,10137,budget_exhausted,
3.0,1,additive,10.0,0.95,0.01,0.001,10000,budget_exhausted,0.5780958173098879,0.08924249150467203,93,92,137,10137,budget_exhausted,
3.0,1,additive,10.0,0.95,0.005,0.001,10000,budget_exhausted,0.5780958173098879,0.08924249150467203,93,92,137,10137,budget_exhausted,
3.0,1,additive,10.0,0.95,0.001,0.001,10000,budget_exhausted,0.5780958173098879,0.08924249150467203,93,92,137,10137,budget_exhausted,
3.0,2,additive,10.0,0.95,0.1,0.001,10000,budget_exhausted,0.5693486656191206,0.03367597566851454,112,111,298,10298,converged,100.0
3.0,2,additive,10.0,0.95,0.05,0.001,10000,budget_exhausted,0.5693486656191206,0.03367597566851454,112,111,298,10298,converged,135.0
3.0,2,additive,10.0,0.95,0.01,0.001,10000,budget_exhausted,0.5693486656191206,0.03367597566851454,112,111,298,10298,converged,228.0
3.0,2,additive,10.0,0.95,0.005,0.001,10000,budget_exhausted,0.5693486656191206,0.03367597566851454,112,111,298,10298,budget_exhausted,
3.0,2,additive,10.0,0.95,0.001,0.001,10000,budget_exhausted,0.5693486656191206,0.03367597566851454,112,111,298,10298,budget_exhausted,
3.0,3,additive,10.0,0.95,0.1,0.001,10000,budget_exhausted,0.5373481251269354,0.03927800048813477,109,108,231,10231,converged,80.0
3.0,3,additive,10.0,0.95,0.05,0.001,10000,budget_exhausted,0.5373481251269354,0.03927800048813477,109,108,231,10231,converged,105.0
3.0,3,additive,10.0,0.95,0.01,0.001,10000,budget_exhausted,0.5373481251269354,0.03927800048813477,109,108,231,10231,budget_exhausted,
3.0,3,additive,10.0,0.95,0.005,0.001,10000,budget_exhausted,0.5373481251269354,0.03927800048813477,109,108,231,10231,budget_exhausted,
3.0,3,additive,10.0,0.95,0.001,0.001,10000,budget_exhausted,0.5373481251269354,0.03927800048813477,109,108,231,10231,budget_exhausted,
3.0,4,additive,10.0,0.95,0.1,0.001,10000,budget_exhausted,0.8558108380180179,0.1153330189200636,88,87,119,10119,budget_exhausted,
3.0,4,additive,10.0,0.95,0.05,0.001,10000,budget_exhausted,0.8558108380180179,0.1153330189200636,88,87,119,10119,budget_exhausted,
3.0,4,additive,10.0,0.95,0.01,0.001,10000,budget_exhausted,0.8558108380180179,0.1153330189200636,88,87,119,10119,budget_exhausted,
3.0,4,additive,10.0,0.95,0.005,0.001,10000,budget_exhausted,0.8558108380180179,0.1153330189200636,88,87,119,10119,budget_exhausted,
3.0,4,additive,10.0,0.95,0.001,0.001,10000,budget_exhausted,0.8558108380180179,0.1153330189200636,88,87,119,10119,budget_exhausted,
3.0,0,multiplicative,10.0,0.95,0.1,0.001,10000,converged,0.0008633747974398657,0.6267216326897832,55,54,54,83,converged,13.0
3.0,0,multiplicative,10.0,0.95,0.05,0.001,10000,converged,0.0008633747974398657,0.6267216326897832,55,54,54,83,converged,15.0
3.0,0,multiplicative,10.0,0.95,0.01,0.001,10000,converged,0.0008633747974398657,0.6267216326897832,55,54,54,83,converged,21.0
3.0,0,multiplicative,10.0,0.95,0.005,0.001,10000,converged,0.0008633747974398657,0.6267216326897832,55,54,54,83,converged,23.0
3.0,0,multiplicative,10.0,0.95,0.001,0.001,10000,converged,0.0008633747974398657,0.6267216326897832,55,54,54,83,converged,29.0
3.0,1,multiplicative,10.0,0.95,0.1,0.001,10000,converged,0.0008352045033056719,0.595385551055294,56,55,55,84,converged,13.0
3.0,1,multiplicative,10.0,0.95,0.05,0.001,10000,converged,0.0008352045033056719,0.595385551055294,56,55,55,84,converged,15.0
3.0,1,multiplicative,10.0,0.95,0.01,0.001,10000,converged,0.0008352045033056719,0.595385551055294,56,55,55,84,converged,21.0
3.0,1,multiplicative,10.0,0.95,0.005,0.001,10000,converged,0.0008352045033056719,0.595385551055294,56,55,55,84,converged,23.0
3.0,1,multiplicative,10.0,0.95,0.001,0.001,10000,converged,0.0008352045033056719,0.595385551055294,56,55,55,84,converged,29.0
3.0,2,multiplicative,10.0,0.95,0.1,0.001,10000,converged,0.000983992964963491,0.3949909390643792,64,63,63,109,converged,21.0
3.0,2,multiplicative,10.0,0.95,0.05,0.001,10000,converged,0.000983992964963491,0.3949909390643792,64,63,63,109,converged,24.0
3.0,2,multiplicative,10.0,0.95,0.01,0.001,10000,converged,0.000983992964963491,0.3949909390643792,64,63,63,109,converged,33.0
3.0,2,multiplicative,10.0,0.95,0.005,0.001,10000,converged,0.000983992964963491,0.3949909390643792,64,63,63,109,converged,37.0
3.0,2,multiplicative,10.0,0.95,0.001,0.001,10000,converged,0.000983992964963491,0.3949909390643792,64,63,63,109,converged,46.0
3.0,3,multiplicative,10.0,0.95,0.1,0.001,10000,converged,0.0008749906159644411,0.43766309037604345,62,61,61,106,converged,20.0
3.0,3,multiplicative,10.0,0.95,0.05,0.001,10000,converged,0.0008749906159644411,0.43766309037604345,62,61,61,106,converged,23.0
3.0,3,multiplicative,10.0,0.95,0.01,0.001,10000,converged,0.0008749906159644411,0.43766309037604345,62,61,61,106,converged,32.0
3.0,3,multiplicative,10.0,0.95,0.005,0.001,10000,converged,0.0008749906159644411,0.43766309037604345,62,61,61,106,converged,35.0
3.0,3,multiplicative,10.0,0.95,0.001,0.001,10000,converged,0.0008749906159644411,0.43766309037604345,62,61,61,106,converged,45.0
3.0,4,multiplicative,10.0,0.95,0.1,0.001,10000,converged,0.0009717364383981871,0.694428401872336,53,52,52,76,converged,11.0
3.0,4,multiplicative,10.0,0.95,0.05,0.001,10000,converged,0.0009717364383981871,0.694428401872336,53,52,52,76,converged,13.0
3.0,4,multiplicative,10.0,0.95,0.01,0.001,10000,converged,0.0009717364383981871,0.694428401872336,53,52,52,76,converged,18.0
3.0,4,multiplicative,10.0,0.95,0.005,0.001,10000,converged,0.0009717364383981871,0.694428401872336,53,52,52,76,converged,20.0
3.0,4,multiplicative,10.0,0.95,0.001,0.001,10000,converged,0.0009717364383981871,0.694428401872336,53,52,52,76,converged,24.0
3.0,0,quadratic,10.0,0.95,0.1,0.001,10000,converged,0.0009855843428735983,2.5034408974245492,28,27,33,399,converged,217.0
3.0,0,quadratic,10.0,0.95,0.05,0.001,10000,converged,0.0009855843428735983,2.5034408974245492,28,27,33,399,converged,243.0
3.0,0,quadratic,10.0,0.95,0.01,0.001,10000,converged,0.0009855843428735983,2.5034408974245492,28,27,33,399,converged,296.0
3.0,0,quadratic,10.0,0.95,0.005,0.001,10000,converged,0.0009855843428735983,2.5034408974245492,28,27,33,399,converged,317.0
3.0,0,quadratic,10.0,0.95,0.001,0.001,10000,converged,0.0009855843428735983,2.5034408974245492,28,27,33,399,converged,366.0
3.0,1,quadratic,10.0,0.95,0.1,0.001,10000,converged,0.0009920069329418222,2.3782688525533215,29,28,33,555,converged,328.0
3.0,1,quadratic,10.0,0.95,0.05,0.001,10000,converged,0.0009920069329418222,2.3782688525533215,29,28,33,555,converged,363.0
3.0,1,quadratic,10.0,0.95,0.01,0.001,10000,converged,0.0009920069329418222,2.3782688525533215,29,28,33,555,converged,431.0
3.0,1,quadratic,10.0,0.95,0.005,0.001,10000,converged,0.0009920069329418222,2.3782688525533215,29,28,33,555,converged,459.0
3.0,1,quadratic,10.0,0.95,0.001,0.001,10000,converged,0.0009920069329418222,2.3782688525533215,29,28,33,555,converged,522.0
3.0,2,quadratic,10.0,0.95,0.1,0.001,10000,converged,0.0009957918487987847,1.4989025404881542,38,37,95,1109,converged,236.0
3.0,2,quadratic,10.0,0.95,0.05,0.001,10000,converged,0.0009957918487987847,1.4989025404881542,38,37,95,1109,converged,372.0
3.0,2,quadratic,10.0,0.95,0.01,0.001,10000,converged,0.0009957918487987847,1.4989025404881542,38,37,95,1109,converged,646.0
3.0,2,quadratic,10.0,0.95,0.005,0.001,10000,converged,0.0009957918487987847,1.4989025404881542,38,37,95,1109,converged,758.0
3.0,2,quadratic,10.0,0.95,0.001,0.001,10000,converged,0.0009957918487987847,1.4989025404881542,38,37,95,1109,converged,1014.0
3.0,3,quadratic,10.0,0.95,0.1,0.001,10000,converged,0.000996875352125346,1.840259102355758,34,33,43,7203,converged,6610.0
3.0,3,quadratic,10.0,0.95,0.05,0.001,10000,converged,0.000996875352125346,1.840259102355758,34,33,43,7203,converged,6707.0
3.0,3,quadratic,10.0,0.95,0.01,0.001,10000,converged,0.000996875352125346,1.840259102355758,34,33,43,7203,converged,6900.0
3.0,3,quadratic,10.0,0.95,0.005,0.001,10000,converged,0.000996875352125346,1.840259102355758,34,33,43,7203,converged,6979.0
3.0,3,quadratic,10.0,0.95,0.001,0.001,10000,converged,0.000996875352125346,1.840259102355758,34,33,43,7203,converged,7160.0
3.0,4,quadratic,10.0,0.95,0.1,0.001,10000,converged,0.0009803707087566462,2.6352009446574205,27,26,29,358,converged,203.0
3.0,4,quadratic,10.0,0.95,0.05,0.001,10000,converged,0.0009803707087566462,2.6352009446574205,27,26,29,358,converged,225.0
3.0,4,quadratic,10.0,0.95,0.01,0.001,10000,converged,0.0009803707087566462,2.6352009446574205,27,26,29,358,converged,269.0
3.0,4,quadratic,10.0,0.95,0.005,0.001,10000,converged,0.0009803707087566462,2.6352009446574205,27,26,29,358,converged,287.0
3.0,4,quadratic,10.0,0.95,0.001,0.001,10000,converged,0.0009803707087566462,2.6352009446574205,27,26,29,358,converged,329.0
5.0,0,additive,10.0,0.95,0.1,0.001,10000,budget_exhausted,0.5256492090300192,0.08924249150467203,93,92,332,10332,budget_exhausted,
5.0,0,additive,10.0,0.95,0.05,0.001,10000,budget_exhausted,0.5256492090300192,0.08924249150467203,93,92,332,10332,budget_exhausted,
5.0,0,additive,10.0,0.95,0.01,0.001,10000,budget_exhausted,0.5256492090300192,0.08924249150467203,93,92,332,10332,budget_exhausted,
5.0,0,additive,10.0,0.95,0.005,0.001,10000,budget_exhausted,0.5256492090300192,0.08924249150467203,93,92,332,10332,budget_exhausted,
5.0,0,additive,10.0,0.95,0.001,0.001,10000,budget_exhausted,0.5256492090300192,0.08924249150467203,93,92,332,10332,budget_exhausted,
5.0,1,additive,10.0,0.95,0.1,0.001,10000,budget_exhausted,0.5604505275244813,0.09888364709658952,91,90,178,10178,budget_exhausted,
5.0,1,additive,10.0,0.95,0.05,0.001,10000,budget_exhausted,0.5604505275244813,0.09888364709658952,91,90,178,10178,budget_exhausted,
5.0,1,additive,10.0,0.95,0.01,0.001,10000,budget_exhausted,0.5604505275244813,0.09888364709658952,91,90,178,10178,budget_exhausted,
5.0,1,additive,10.0,0.95,0.005,0.001,10000,budget_exhausted,0.5604505275244813,0.09888364709658952,91,90,178,10178,budget_exhausted,
5.0,1,additive,10.0,0.95,0.001,0.001,10000,budget_exhausted,0.5604505275244813,0.09888364709658952,91,90,178,10178,budget_exhausted,
5.0,2,additive,10.0,0.95,0.1,0.001,10000,budget_exhausted,0.3345525880328232,0.024754936622809844,118,117,830,10830,budget_exhausted,
5.0,2,additive,10.0,0.95,0.05,0.001,10000,budget_exhausted,0.3345525880328232,0.024754936622809844,118,117,830,10830,budget_exhausted,
5.0,2,additive,10.0,0.95,0.01,0.001,10000,budget_exhausted,0.3345525880328232,0.024754936622809844,118,117,830,10830,budget_exhausted,
5.0,2,additive,10.0,0.95,0.005,0.001,10000,budget_exhausted,0.3345525880328232,0.024754936622809844,118,117,830,10830,budget_exhausted,
5.0,2,additive,10.0,0.95,0.001,0.001,10000,budget_exhausted,0.3345525880328232,0.024754936622809844,118,117,830,10830,budget_exhausted,
5.0,3,additive,10.0,0.95,0.1,0.001,10000,budget_exhausted,0.3481855651985045,0.03199217688508881,113,112,748,10748,converged,246.0
5.0,3,additive,10.0,0.95,0.05,0.001,10000,budget_exhausted,0.3481855651985045,0.03199217688508881,113,112,748,10748,budget_exhausted,
5.0,3,additive,10.0,0.95,0.01,0.001,10000,budget_exhausted,0.3481855651985045,0.03199217688508881,113,112,748,10748,budget_exhausted,
5.0,3,additive,10.0,0.95,0.005,0.001,10000,budget_exhausted,0.3481855651985045,0.03199217688508881,113,112,748,10748,budget_exhausted,
5.0,3,additive,10.0,0.95,0.001,0.001,10000,budget_exhausted,0.3481855651985045,0.03199217688508881,113,112,748,10748,budget_exhausted,
5.0,4,additive,10.0,0.95,0.1,0.001,10000,budget_exhausted,0.5335603108667564,0.09888364709658952,91,90,354,10354,budget_exhausted,
5.0,4,additive,10.0,0.95,0.05,0.001,10000,budget_exhausted,0.5335603108667564,0.09888364709658952,91,90,354,10354,budget_exhausted,
5.0,4,additive,10.0,0.95,0.01,0.001,10000,budget_exhausted,0.5335603108667564,0.09888364709658952,91,90,354,10354,budget_exhausted,
5.0,4,additive,10.0,0.95,0.005,0.001,10000,budget_exhausted,0.5335603108667564,0.09888364709658952,91,90,354,10354,budget_exhausted,
5.0,4,additive,10.0,0.95,0.001,0.001,10000,budget_exhausted,0.5335603108667564,0.09888364709658952,91,90,354,10354,budget_exhausted,
5.0,0,multiplicative,10.0,0.95,0.1,0.001,10000,converged,0.0008410827189034651,1.1018311023500527,44,43,43,77,converged,14.0
5.0,0,multiplicative,10.0,0.95,0.05,0.001,10000,converged,0.0008410827189034651,1.1018311023500527,44,43,43,77,converged,17.0
5.0,0,multiplicative,10.0,0.95,0.01,0.001,10000,converged,0.0008410827189034651,1.1018311023500527,44,43,43,77,converged,24.0
5.0,0,multiplicative,10.0,0.95,0.005,0.001,10000,converged,0.0008410827189034651,1.1018311023500527,44,43,43,77,converged,27.0
5.0,0,multiplicative,10.0,0.95,0.001,0.001,10000,converged,0.0008410827189034651,1.1018311023500527,44,43,43,77,converged,34.0
5.0,1,multiplicative,10.0,0.95,0.1,0.001,10000,converged,0.0009032045229112893,1.04673954723255,45,44,44,77,converged,14.0
5.0,1,multiplicative,10.0,0.95,0.05,0.001,10000,converged,0.0009032045229112893,1.04673954723255,45,44,44,77,converged,17.0
5.0,1,multiplicative,10.0,0.95,0.01,0.001,10000,converged,0.0009032045229112893,1.04673954723255,45,44,44,77,converged,23.0
5.0,1,multiplicative,10.0,0.95,0.005,0.001,10000,converged,0.0009032045229112893,1.04673954723255,45,44,44,77,converged,26.0
5.0,1,multiplicative,10.0,0.95,0.001,0.001,10000,converged,0.0009032045229112893,1.04673954723255,45,44,44,77,converged,33.0
5.0,2,multiplicative,10.0,0.95,0.1,0.001,10000,converged,0.000985998435283944,0.7309772651287748,52,51,51,102,converged,22.0
5.0,2,multiplicative,10.0,0.95,0.05,0.001,10000,converged,0.000985998435283944,0.7309772651287748,52,51,51,102,converged,26.0
5.0,2,multiplicative,10.0,0.95,0.01,0.001,10000,converged,0.000985998435283944,0.7309772651287748,52,51,51,102,converged,36.0
5.0,2,multiplicative,10.0,0.95,0.005,0.001,10000,converged,0.000985998435283944,0.7309772651287748,52,51,51,102,converged,41.0
5.0,2,multiplicative,10.0,0.95,0.001,0.001,10000,converged,0.000985998435283944,0.7309772651287748,52,51,51,102,converged,51.0
5.0,3,multiplicative,10.0,0.95,0.1,0.001,10000,converged,0.0008768618564601897,0.8099471081759279,50,49,49,98,converged,21.0
5.0,3,multiplicative,10.0,0.95,0.05,0.001,10000,converged,0.0008768618564601897,0.8099471081759279,50,49,49,98,converged,25.0
5.0,3,multiplicative,10.0,0.95,0.01,0.001,10000,converged,0.0008768618564601897,0.8099471081759279,50,49,49,98,converged,34.0
5.0,3,multiplicative,10.0,0.95,0.005,0.001,10000,converged,0.0008768618564601897,0.8099471081759279,50,49,49,98,converged,38.0
5.0,3,multiplicative,10.0,0.95,0.001,0.001,10000,converged,0.0008768618564601897,0.8099471081759279,50,49,49,98,converged,49.0
5.0,4,multiplicative,10.0,0.95,0.1,0.001,10000,converged,0.0009855636024135906,1.04673954723255,45,44,44,78,converged,14.0
5.0,4,multiplicative,10.0,0.95,0.05,0.001,10000,converged,0.0009855636024135906,1.04673954723255,45,44,44,78,converged,17.0
5.0,4,multiplicative,10.0,0.95,0.01,0.001,10000,converged,0.0009855636024135906,1.04673954723255,45,44,44,78,converged,24.0
5.0,4,multiplicative,10.0,0.95,0.005,0.001,10000,converged,0.0009855636024135906,1.04673954723255,45,44,44,78,converged,27.0
5.0,4,multiplicative,10.0,0.95,0.001,0.001,10000,converged,0.0009855636024135906,1.04673954723255,45,44,44,78,converged,34.0
5.0,0,quadratic,10.0,0.95,0.1,0.001,10000,converged,0.0009877665624605186,3.7735360253530725,20,19,44,1697,converged,1247.0
5.0,0,quadratic,10.0,0.95,0.05,0.001,10000,converged,0.0009877665624605186,3.7735360253530725,20,19,44,1697,converged,1325.0
5.0,0,quadratic,10.0,0.95,0.01,0.001,10000,converged,0.0009877665624605186,3.7735360253530725,20,19,44,1697,converged,1468.0
5.0,0,quadratic,10.0,0.95,0.005,0.001,10000,converged,0.0009877665624605186,3.7735360253530725,20,19,44,1697,converged,1524.0
5.0,0,quadratic,10.0,0.95,0.001,0.001,10000,converged,0.0009877665624605186,3.7735360253530725,20,19,44,1697,converged,1653.0
5.0,1,quadratic,10.0,0.95,0.1,0.001,10000,converged,0.0009924314364872444,3.584859224085419,21,20,47,1025,converged,460.0
5.0,1,quadratic,10.0,0.95,0.05,0.001,10000,converged,0.0009924314364872444,3.584859224085419,21,20,47,1025,converged,553.0
5.0,1,quadratic,10.0,0.95,0.01,0.001,10000,converged,0.0009924314364872444,3.584859224085419,21,20,47,1025,converged,735.0
5.0,1,quadratic,10.0,0.95,0.005,0.001,10000,converged,0.0009924314364872444,3.584859224085419,21,20,47,1025,converged,809.0
5.0,1,quadratic,10.0,0.95,0.001,0.001,10000,converged,0.0009924314364872444,3.584859224085419,21,20,47,1025,converged,978.0
5.0,2,quadratic,10.0,0.95,0.1,0.001,10000,budget_exhausted,0.7366615482118753,0.16515374385013584,81,80,35086,45086,budget_exhausted,
5.0,2,quadratic,10.0,0.95,0.05,0.001,10000,budget_exhausted,0.7366615482118753,0.16515374385013584,81,80,35086,45086,budget_exhausted,
5.0,2,quadratic,10.0,0.95,0.01,0.001,10000,budget_exhausted,0.7366615482118753,0.16515374385013584,81,80,35086,45086,budget_exhausted,
5.0,2,quadratic,10.0,0.95,0.005,0.001,10000,budget_exhausted,0.7366615482118753,0.16515374385013584,81,80,35086,45086,budget_exhausted,
5.0,2,quadratic,10.0,0.95,0.001,0.001,10000,budget_exhausted,0.7366615482118753,0.16515374385013584,81,80,35086,45086,budget_exhausted,
5.0,3,quadratic,10.0,0.95,0.1,0.001,10000,budget_exhausted,0.8141818049866355,0.08924249150467203,93,92,68178,78178,budget_exhausted,
5.0,3,quadratic,10.0,0.95,0.05,0.001,10000,budget_exhausted,0.8141818049866355,0.08924249150467203,93,92,68178,78178,budget_exhausted,
5.0,3,quadratic,10.0,0.95,0.01,0.001,10000,budget_exhausted,0.8141818049866355,0.08924249150467203,93,92,68178,78178,budget_exhausted,
5.0,3,quadratic,10.0,0.95,0.005,0.001,10000,budget_exhausted,0.8141818049866355,0.08924249150467203,93,92,68178,78178,budget_exhausted,
5.0,3,quadratic,10.0,0.95,0.001,0.001,10000,budget_exhausted,0.8141818049866355,0.08924249150467203,93,92,68178,78178,budget_exhausted,
5.0,4,quadratic,10.0,0.95,0.1,0.001,10000,converged,0.0009983997596532705,3.2353354497370903,23,22,82,927,converged,275.0
5.0,4,quadratic,10.0,0.95,0.05,0.001,10000,converged,0.0009983997596532705,3.2353354497370903,23,22,82,927,converged,383.0
5.0,4,quadratic,10.0,0.95,0.01,0.001,10000,converged,0.0009983997596532705,3.2353354497370903,23,22,82,927,converged,584.0
5.0,4,quadratic,10.0,0.95,0.005,0.001,10000,converged,0.0009983997596532705,3.2353354497370903,23,22,82,927,converged,664.0
5.0,4,quadratic,10.0,0.95,0.001,0.001,10000,converged,0.0009983997596532705,3.2353354497370903,23,22,82,927,converged,845.0
10.0,0,additive,10.0,0.95,0.1,0.001,10000,budget_exhausted,0.22875738727002753,0.007608599781118305,141,140,47102,57102,budget_exhausted,
10.0,0,additive,10.0,0.95,0.05,0.001,10000,budget_exhausted,0.22875738727002753,0.007608599781118305,141,140,47102,57102,budget_exhausted,
10.0,0,additive,10.0,0.95,0.01,0.001,10000,budget_exhausted,0.22875738727002753,0.007608599781118305,141,140,47102,57102,budget_exhausted,
10.0,0,additive,10.0,0.95,0.005,0.001,10000,budget_exhausted,0.22875738727002753,0.007608599781118305,141,140,47102,57102,budget_exhausted,
10.0,0,additive,10.0,0.95,0.001,0.001,10000,budget_exhausted,0.22875738727002753,0.007608599781118305,141,140,47102,57102,budget_exhausted,
10.0,1,additive,10.0,0.95,0.1,0.001,10000,budget_exhausted,0.24665545005035533,0.007608599781118305,141,140,17025,27025,converged,7374.0
10.0,1,additive,10.0,0.95,0.05,0.001,10000,budget_exhausted,0.24665545005035533,0.007608599781118305,141,140,17025,27025,budget_exhausted,
10.0,1,additive,10.0,0.95,0.01,0.001,10000,budget_exhausted,0.24665545005035533,0.007608599781118305,141,140,17025,27025,budget_exhausted,
10.0,1,additive,10.0,0.95,0.005,0.001,10000,budget_exhausted,0.24665545005035533,0.007608599781118305,141,140,17025,27025,budget_exhausted,
10.0,1,additive,10.0,0.95,0.001,0.001,10000,budget_exhausted,0.24665545005035533,0.007608599781118305,141,140,17025,27025,budget_exhausted,
10.0,2,additive,10.0,0.95,0.1,0.001,10000,budget_exhausted,0.407643572314432,0.0016331004523557357,171,170,45774,55774,budget_exhausted,
10.0,2,additive,10.0,0.95,0.05,0.001,10000,budget_exhausted,0.407643572314432,0.0016331004523557357,171,170,45774,55774,budget_exhausted,
10.0,2,additive,10.0,0.95,0.01,0.001,10000,budget_exhausted,0.407643572314432,0.0016331004523557357,171,170,45774,55774,budget_exhausted,
10.0,2,additive,10.0,0.95,0.005,0.001,10000,budget_exhausted,0.407643572314432,0.0016331004523557357,171,170,45774,55774,budget_exhausted,
10.0,2,additive,10.0,0.95,0.001,0.001,10000,budget_exhausted,0.407643572314432,0.0016331004523557357,171,170,45774,55774,budget_exhausted,
10.0,3,additive,10.0,0.95,0.1,0.001,10000,budget_exhausted,0.27930555734395507,0.0024616372594713914,163,162,39111,49111,budget_exhausted,
10.0,3,additive,10.0,0.95,0.05,0.001,10000,budget_exhausted,0.27930555734395507,0.0024616372594713914,163,162,39111,49111,budget_exhausted,
10.0,3,additive,10.0,0.95,0.01,0.001,10000,budget_exhausted,0.27930555734395507,0.0024616372594713914,163,162,39111,49111,budget_exhausted,
10.0,3,additive,10.0,0.95,0.005,0.001,10000,budget_exhausted,0.27930555734395507,0.0024616372594713914,163,162,39111,49111,budget_exhausted,
10.0,3,additive,10.0,0.95,0.001,0.001,10000,budget_exhausted,0.27930555734395507,0.0024616372594713914,163,162,39111,49111,budget_exhausted,
10.0,4,additive,10.0,0.95,0.1,0.001,10000,budget_exhausted,0.29598834793144013,0.006866761302459269,143,142,28416,38416,budget_exhausted,
10.0,4,additive,10.0,0.95,0.05,0.001,10000,budget_exhausted,0.29598834793144013,0.006866761302459269,143,142,28416,38416,budget_exhausted,
10.0,4,additive,10.0,0.95,0.01,0.001,10000,budget_exhausted,0.29598834793144013,0.006866761302459269,143,142,28416,38416,budget_exhausted,
10.0,4,additive,10.0,0.95,0.005,0.001,10000,budget_exhausted,0.29598834793144013,0.006866761302459269,143,142,28416,38416,budget_exhausted,
10.0,4,additive,10.0,0.95,0.001,0.001,10000,budget_exhausted,0.29598834793144013,0.006866761302459269,143,142,28416,38416,budget_exhausted,
10.0,0,multiplicative,10.0,0.95,0.1,0.001,10000,converged,0.0009254707666761765,1.5777921478822676,37,36,36,132,converged,71.0
10.0,0,multiplicative,10.0,0.95,0.05,0.001,10000,converged,0.0009254707666761765,1.5777921478822676,37,36,36,132,converged,75.0
10.0,0,multiplicative,10.0,0.95,0.01,0.001,10000,converged,0.0009254707666761765,1.5777921478822676,37,36,36,132,converged,84.0
10.0,0,multiplicative,10.0,0.95,0.005,0.001,10000,converged,0.0009254707666761765,1.5777921478822676,37,36,36,132,converged,87.0
10.0,0,multiplicative,10.0,0.95,0.001,0.001,10000,converged,0.0009254707666761765,1.5777921478822676,37,36,36,132,converged,96.0
10.0,1,multiplicative,10.0,0.95,0.1,0.001,10000,converged,0.00099830880886836,1.285121565651031,41,40,40,359,converged,34.0
10.0,1,multiplicative,10.0,0.95,0.05,0.001,10000,converged,0.00099830880886836,1.285121565651031,41,40,40,359,converged,44.0
10.0,1,multiplicative,10.0,0.95,0.01,0.001,10000,converged,0.00099830880886836,1.285121565651031,41,40,40,359,converged,87.0
10.0,1,multiplicative,10.0,0.95,0.005,0.001,10000,converged,0.00099830880886836,1.285121565651031,41,40,40,359,converged,126.0
10.0,1,multiplicative,10.0,0.95,0.001,0.001,10000,converged,0.00099830880886836,1.285121565651031,41,40,40,359,converged,319.0
10.0,2,multiplicative,10.0,0.95,0.1,0.001,10000,converged,0.0009547473559439191,1.04673954723255,45,44,44,216,converged,131.0
10.0,2,multiplicative,10.0,0.95,0.05,0.001,10000,converged,0.0009547473559439191,1.04673954723255,45,44,44,216,converged,137.0
10.0,2,multiplicative,10.0,0.95,0.01,0.001,10000,converged,0.0009547473559439191,1.04673954723255,45,44,44,216,converged,151.0
10.0,2,multiplicative,10.0,0.95,0.005,0.001,10000,converged,0.0009547473559439191,1.04673954723255,45,44,44,216,converged,158.0
10.0,2,multiplicative,10.0,0.95,0.001,0.001,10000,converged,0.0009547473559439191,1.04673954723255,45,44,44,216,converged,172.0
10.0,3,multiplicative,10.0,0.95,0.1,0.001,10000,converged,0.0009646922491338762,1.1598222130000555,43,42,42,207,converged,46.0
10.0,3,multiplicative,10.0,0.95,0.05,0.001,10000,converged,0.0009646922491338762,1.1598222130000555,43,42,42,207,converged,135.0
10.0,3,multiplicative,10.0,0.95,0.01,0.001,10000,converged,0.0009646922491338762,1.1598222130000555,43,42,42,207,converged,148.0
10.0,3,multiplicative,10.0,0.95,0.005,0.001,10000,converged,0.0009646922491338762,1.1598222130000555,43,42,42,207,converged,153.0
10.0,3,multiplicative,10.0,0.95,0.001,0.001,10000,converged,0.0009646922491338762,1.1598222130000555,43,42,42,207,converged,165.0
10.0,4,multiplicative,10.0,0.95,0.1,0.001,10000,converged,0.0009601754891823022,1.285121565651031,41,40,40,155,converged,83.0
10.0,4,multiplicative,10.0,0.95,0.05,0.001,10000,converged,0.0009601754891823022,1.285121565651031,41,40,40,155,converged,88.0
10.0,4,multiplicative,10.0,0.95,0.01,0.001,10000,converged,0.0009601754891823022,1.285121565651031,41,40,40,155,converged,99.0
10.0,4,multiplicative,10.0,0.95,0.005,0.001,10000,converged,0.0009601754891823022,1.285121565651031,41,40,40,155,converged,104.0
10.0,4,multiplicative,10.0,0.95,0.001,0.001,10000,converged,0.0009601754891823022,1.285121565651031,41,40,40,155,converged,115.0
10.0,0,quadratic,10.0,0.95,0.1,0.001,10000,budget_exhausted,2.630673171553085,0.0017190531077428798,170,169,190558,200558,budget_exhausted,
10.0,0,quadratic,10.0,0.95,0.05,0.001,10000,budget_exhausted,2.630673171553085,0.0017190531077428798,170,169,190558,200558,budget_exhausted,
10.0,0,quadratic,10.0,0.95,0.01,0.001,10000,budget_exhausted,2.630673171553085,0.0017190531077428798,170,169,190558,200558,budget_exhausted,
10.0,0,quadratic,10.0,0.95,0.005,0.001,10000,budget_exhausted,2.630673171553085,0.0017190531077428798,170,169,190558,200558,budget_exhausted,
10.0,0,quadratic,10.0,0.95,0.001,0.001,10000,budget_exhausted,2.630673171553085,0.0017190531077428798,170,169,190558,200558,budget_exhausted,
10.0,1,quadratic,10.0,0.95,0.1,0.001,10000,budget_exhausted,2.1415329152182685,0.002221627626672931,165,164,191132,201132,budget_exhausted,
10.0,1,quadratic,10.0,0.95,0.05,0.001,10000,budget_exhausted,2.1415329152182685,0.002221627626672931,165,164,191132,201132,budget_exhausted,
10.0,1,quadratic,10.0,0.95,0.01,0.001,10000,budget_exhausted,2.1415329152182685,0.002221627626672931,165,164,191132,201132,budget_exhausted,
10.0,1,quadratic,10.0,0.95,0.005,0.001,10000,budget_exhausted,2.1415329152182685,0.002221627626672931,165,164,191132,201132,budget_exhausted,
10.0,1,quadratic,10.0,0.95,0.001,0.001,10000,budget_exhausted,2.1415329152182685,0.002221627626672931,165,164,191132,201132,budget_exhausted,
10.0,2,quadratic,10.0,0.95,0.1,0.001,10000,budget_exhausted,3.305105928992632,0.0015514454297379488,172,171,197708,207708,budget_exhausted,
10.0,2,quadratic,10.0,0.95,0.05,0.001,10000,budget_exhausted,3.305105928992632,0.0015514454297379488,172,171,197708,207708,budget_exhausted,
10.0,2,quadratic,10.0,0.95,0.01,0.001,10000,budget_exhausted,3.305105928992632,0.0015514454297379488,172,171,197708,207708,budget_exhausted,
10.0,2,quadratic,10.0,0.95,0.005,0.001,10000,budget_exhausted,3.305105928992632,0.0015514454297379488,172,171,197708,207708,budget_exhausted,
10.0,2,quadratic,10.0,0.95,0.001,0.001,10000,budget_exhausted,3.305105928992632,0.0015514454297379488,172,171,197708,207708,budget_exhausted,
10.0,3,quadratic,10.0,0.95,0.1,0.001,10000,budget_exhausted,3.1785661128142424,0.0017190531077428798,170,169,197953,207953,budget_exhausted,
10.0,3,quadratic,10.0,0.95,0.05,0.001,10000,budget_exhausted,3.1785661128142424,0.0017190531077428798,170,169,197953,207953,budget_exhausted,
10.0,3,quadratic,10.0,0.95,0.01,0.001,10000,budget_exhausted,3.1785661128142424,0.0017190531077428798,170,169,197953,207953,budget_exhausted,
10.0,3,quadratic,10.0,0.95,0.005,0.001,10000,budget_exhausted,3.1785661128142424,0.0017190531077428798,170,169,197953,207953,budget_exhausted,
10.0,3,quadratic,10.0,0.95,0.001,0.001,10000,budget_exhausted,3.1785661128142424,0.0017190531077428798,170,169,197953,207953,budget_exhausted,
10.0,4,quadratic,10.0,0.95,0.1,0.001,10000,budget_exhausted,2.6518568016976665,0.0017190531077428798,170,169,191045,201045,budget_exhausted,
10.0,4,quadratic,10.0,0.95,0.05,0.001,10000,budget_exhausted,2.6518568016976665,0.0017190531077428798,170,169,191045,201045,budget_exhausted,
10.0,4,quadratic,10.0,0.95,0.01,0.001,10000,budget_exhausted,2.6518568016976665,0.0017190531077428798,170,169,191045,201045,budget_exhausted,
10.0,4,quadratic,10.0,0.95,0.005,0.001,10000,budget_exhausted,2.6518568016976665,0.0017190531077428798,170,169,191045,201045,budget_exhausted,
10.0,4,quadratic,10.0,0.95,0.001,0.001,10000,budget_exhausted,2.6518568016976665,0.0017190531077428798,170,169,191045,201045,budget_exhausted,
100.0,0,additive,10.0,0.95,0.1,0.001,10000,budget_exhausted,3.435608152337204,4.279459046344086e-05,242,241,194134,204134,budget_exhausted,
100.0,0,additive,10.0,0.95,0.05,0.001,10000,budget_exhausted,3.435608152337204,4.279459046344086e-05,242,241,194134,204134,budget_exhausted,
100.0,0,additive,10.0,0.95,0.01,0.001,10000,budget_exhausted,3.435608152337204,4.279459046344086e-05,242,241,194134,204134,budget_exhausted,
100.0,0,additive,10.0,0.95,0.005,0.001,10000,budget_exhausted,3.435608152337204,4.279459046344086e-05,242,241,194134,204134,budget_exhausted,
100.0,0,additive,10.0,0.95,0.001,0.001,10000,budget_exhausted,3.435608152337204,4.279459046344086e-05,242,241,194134,204134,budget_exhausted,
100.0,1,additive,10.0,0.95,0.1,0.001,10000,budget_exhausted,3.290110588896065,3.669101199859261e-05,245,244,193173,203173,budget_exhausted,
100.0,1,additive,10.0,0.95,0.05,0.001,10000,budget_exhausted,3.290110588896065,3.669101199859261e-05,245,244,193173,203173,budget_exhausted,
100.0,1,additive,10.0,0.95,0.01,0.001,10000,budget_exhausted,3.290110588896065,3.669101199859261e-05,245,244,193173,203173,budget_exhausted,
100.0,1,additive,10.0,0.95,0.005,0.001,10000,budget_exhausted,3.290110588896065,3.669101199859261e-05,245,244,193173,203173,budget_exhausted,
100.0,1,additive,10.0,0.95,0.001,0.001,10000,budget_exhausted,3.290110588896065,3.669101199859261e-05,245,244,193173,203173,budget_exhausted,
100.0,2,additive,10.0,0.95,0.1,0.001,10000,budget_exhausted,3.6903078882694675,3.145795641229333e-05,248,247,196006,206006,budget_exhausted,
100.0,2,additive,10.0,0.95,0.05,0.001,10000,budget_exhausted,3.6903078882694675,3.145795641229333e-05,248,247,196006,206006,budget_exhausted,
100.0,2,additive,10.0,0.95,0.01,0.001,10000,budget_exhausted,3.6903078882694675,3.145795641229333e-05,248,247,196006,206006,budget_exhausted,
100.0,2,additive,10.0,0.95,0.005,0.001,10000,budget_exhausted,3.6903078882694675,3.145795641229333e-05,248,247,196006,206006,budget_exhausted,
100.0,2,additive,10.0,0.95,0.001,0.001,10000,budget_exhausted,3.6903078882694675,3.145795641229333e-05,248,247,196006,206006,budget_exhausted,
100.0,3,additive,10.0,0.95,0.1,0.001,10000,budget_exhausted,3.706227116900682,3.3113638328729826e-05,247,246,192224,202224,budget_exhausted,
100.0,3,additive,10.0,0.95,0.05,0.001,10000,budget_exhausted,3.706227116900682,3.3113638328729826e-05,247,246,192224,202224,budget_exhausted,
100.0,3,additive,10.0,0.95,0.01,0.001,10000,budget_exhausted,3.706227116900682,3.3113638328729826e-05,247,246,192224,202224,budget_exhausted,
100.0,3,additive,10.0,0.95,0.005,0.001,10000,budget_exhausted,3.706227116900682,3.3113638328729826e-05,247,246,192224,202224,budget_exhausted,
100.0,3,additive,10.0,0.95,0.001,0.001,10000,budget_exhausted,3.706227116900682,3.3113638328729826e-05,247,246,192224,202224,budget_exhausted,
100.0,4,additive,10.0,0.95,0.1,0.001,10000,budget_exhausted,3.331496164427463,3.669101199859261e-05,245,244,190161,200161,budget_exhausted,
100.0,4,additive,10.0,0.95,0.05,0.001,10000,budget_exhausted,3.331496164427463,3.669101199859261e-05,245,244,190161,200161,budget_exhausted,
100.0,4,additive,10.0,0.95,0.01,0.001,10000,budget_exhausted,3.331496164427463,3.669101199859261e-05,245,244,190161,200161,budget_exhausted,
100.0,4,additive,10.0,0.95,0.005,0.001,10000,budget_exhausted,3.331496164427463,3.669101199859261e-05,245,244,190161,200161,budget_exhausted,
100.0,4,additive,10.0,0.95,0.001,0.001,10000,budget_exhausted,3.331496164427463,3.669101199859261e-05,245,244,190161,200161,budget_exhausted,
100.0,0,multiplicative,10.0,0.95,0.1,0.001,10000,budget_exhausted,34.93378269264412,0.2489428061918941,73,72,1902,11902,budget_exhausted,
100.0,0,multiplicative,10.0,0.95,0.05,0.001,10000,budget_exhausted,34.93378269264412,0.2489428061918941,73,72,1902,11902,budget_exhausted,
100.0,0,multiplicative,10.0,0.95,0.01,0.001,10000,budget_exhausted,34.93378269264412,0.2489428061918941,73,72,1902,11902,budget_exhausted,
100.0,0,multiplicative,10.0,0.95,0.005,0.001,10000,budget_exhausted,34.93378269264412,0.2489428061918941,73,72,1902,11902,budget_exhausted,
100.0,0,multiplicative,10.0,0.95,0.001,0.001,10000,budget_exhausted,34.93378269264412,0.2489428061918941,73,72,1902,11902,budget_exhausted,
100.0,1,multiplicative,10.0,0.95,0.1,0.001,10000,budget_exhausted,31.47197647004587,0.00619725207546949,145,144,143641,153641,budget_exhausted,
100.0,1,multiplicative,10.0,0.95,0.05,0.001,10000,budget_exhausted,31.47197647004587,0.00619725207546949,145,144,143641,153641,budget_exhausted,
100.0,1,multiplicative,10.0,0.95,0.01,0.001,10000,budget_exhausted,31.47197647004587,0.00619725207546949,145,144,143641,153641,budget_exhausted,
100.0,1,multiplicative,10.0,0.95,0.005,0.001,10000,budget_exhausted,31.47197647004587,0.00619725207546949,145,144,143641,153641,budget_exhausted,
100.0,1,multiplicative,10.0,0.95,0.001,0.001,10000,budget_exhausted,31.47197647004587,0.00619725207546949,145,144,143641,153641,budget_exhausted,
100.0,2,multiplicative,10.0,0.95,0.1,0.001,10000,budget_exhausted,36.10636506012826,0.0050477005482953705,149,148,130664,140664,budget_exhausted,
100.0,2,multiplicative,10.0,0.95,0.05,0.001,10000,budget_exhausted,36.10636506012826,0.0050477005482953705,149,148,130664,140664,budget_exhausted,
100.0,2,multiplicative,10.0,0.95,0.01,0.001,10000,budget_exhausted,36.10636506012826,0.0050477005482953705,149,148,130664,140664,budget_exhausted,
100.0,2,multiplicative,10.0,0.95,0.005,0.001,10000,budget_exhausted,36.10636506012826,0.0050477005482953705,149,148,130664,140664,budget_exhausted,
100.0,2,multiplicative,10.0,0.95,0.001,0.001,10000,budget_exhausted,36.10636506012826,0.0050477005482953705,149,148,130664,140664,budget_exhausted,
100.0,3,multiplicative,10.0,0.95,0.1,0.001,10000,budget_exhausted,34.652439436518975,0.37524139211116025,65,64,1233,11233,budget_exhausted,
100.0,3,multiplicative,10.0,0.95,0.05,0.001,10000,budget_exhausted,34.652439436518975,0.37524139211116025,65,64,1233,11233,budget_exhausted,
100.0,3,multiplicative,10.0,0.95,0.01,0.001,10000,budget_exhausted,34.652439436518975,0.37524139211116025,65,64,1233,11233,budget_exhausted,
100.0,3,multiplicative,10.0,0.95,0.005,0.001,10000,budget_exhausted,34.652439436518975,0.37524139211116025,65,64,1233,11233,budget_exhausted,
100.0,3,multiplicative,10.0,0.95,0.001,0.001,10000,budget_exhausted,34.652439436518975,0.37524139211116025,65,64,1233,11233,budget_exhausted,
100.0,4,multiplicative,10.0,0.95,0.1,0.001,10000,budget_exhausted,31.748680782355702,0.2246708825881844,75,74,1986,11986,budget_exhausted,
100.0,4,multiplicative,10.0,0.95,0.05,0.001,10000,budget_exhausted,31.748680782355702,0.2246708825881844,75,74,1986,11986,budget_exhausted,
100.0,4,multiplicative,10.0,0.95,0.01,0.001,10000,budget_exhausted,31.748680782355702,0.2246708825881844,75,74,1986,11986,budget_exhausted,
100.0,4,multiplicative,10.0,0.95,0.005,0.001,10000,budget_exhausted,31.748680782355702,0.2246708825881844,75,74,1986,11986,budget_exhausted,
100.0,4,multiplicative,10.0,0.95,0.001,0.001,10000,budget_exhausted,31.748680782355702,0.2246708825881844,75,74,1986,11986,budget_exhausted,
100.0,0,quadratic,10.0,0.95,0.1,0.001,10000,budget_exhausted,4.4455436883142285,0.0013301705253215737,175,174,193653,203653,budget_exhausted,
100.0,0,quadratic,10.0,0.95,0.05,0.001,10000,budget_exhausted,4.4455436883142285,0.0013301705253215737,175,174,193653,203653,budget_exhausted,
100.0,0,quadratic,10.0,0.95,0.01,0.001,10000,budget_exhausted,4.4455436883142285,0.0013301705253215737,175,174,193653,203653,budget_exhausted,
100.0,0,quadratic,10.0,0.95,0.005,0.001,10000,budget_exhausted,4.4455436883142285,0.0013301705253215737,175,174,193653,203653,budget_exhausted,
100.0,0,quadratic,10.0,0.95,0.001,0.001,10000,budget_exhausted,4.4455436883142285,0.0013301705253215737,175,174,193653,203653,budget_exhausted,
100.0,1,quadratic,10.0,0.95,0.1,0.001,10000,budget_exhausted,4.359117953873619,0.0014738731582510513,173,172,193169,203169,budget_exhausted,
100.0,1,quadratic,10.0,0.95,0.05,0.001,10000,budget_exhausted,4.359117953873619,0.0014738731582510513,173,172,193169,203169,budget_exhausted,
100.0,1,quadratic,10.0,0.95,0.01,0.001,10000,budget_exhausted,4.359117953873619,0.0014738731582510513,173,172,193169,203169,budget_exhausted,
100.0,1,quadratic,10.0,0.95,0.005,0.001,10000,budget_exhausted,4.359117953873619,0.0014738731582510513,173,172,193169,203169,budget_exhausted,
100.0,1,quadratic,10.0,0.95,0.001,0.001,10000,budget_exhausted,4.359117953873619,0.0014738731582510513,173,172,193169,203169,budget_exhausted,
100.0,2,quadratic,10.0,0.95,0.1,0.001,10000,budget_exhausted,4.380827814684688,0.001263661999055495,176,175,199185,209185,budget_exhausted,
100.0,2,quadratic,10.0,0.95,0.05,0.001,10000,budget_exhausted,4.380827814684688,0.001263661999055495,176,175,199185,209185,budget_exhausted,
100.0,2,quadratic,10.0,0.95,0.01,0.001,10000,budget_exhausted,4.380827814684688,0.001263661999055495,176,175,199185,209185,budget_exhausted,
100.0,2,quadratic,10.0,0.95,0.005,0.001,10000,budget_exhausted,4.380827814684688,0.001263661999055495,176,175,199185,209185,budget_exhausted,
100.0,2,quadratic,10.0,0.95,0.001,0.001,10000,budget_exhausted,4.380827814684688,0.001263661999055495,176,175,199185,209185,budget_exhausted,
100.0,3,quadratic,10.0,0.95,0.1,0.001,10000,budget_exhausted,5.310001254434928,0.0014001795003384986,174,173,192165,202165,budget_exhausted,
100.0,3,quadratic,10.0,0.95,0.05,0.001,10000,budget_exhausted,5.310001254434928,0.0014001795003384986,174,173,192165,202165,budget_exhausted,
100.0,3,quadratic,10.0,0.95,0.01,0.001,10000,budget_exhausted,5.310001254434928,0.0014001795003384986,174,173,192165,202165,budget_exhausted,
100.0,3,quadratic,10.0,0.95,0.005,0.001,10000,budget_exhausted,5.310001254434928,0.0014001795003384986,174,173,192165,202165,budget_exhausted,
100.0,3,quadratic,10.0,0.95,0.001,0.001,10000,budget_exhausted,5.310001254434928,0.0014001795003384986,174,173,192165,202165,budget_exhausted,
100.0,4,quadratic,10.0,0.95,0.1,0.001,10000,budget_exhausted,5.696270313379429,0.0013301705253215737,175,174,190725,200725,budget_exhausted,
100.0,4,quadratic,10.0,0.95,0.05,0.001,10000,budget_exhausted,5.696270313379429,0.0013301705253215737,175,174,190725,200725,budget_exhausted,
100.0,4,quadratic,10.0,0.95,0.01,0.001,10000,budget_exhausted,5.696270313379429,0.0013301705253215737,175,174,190725,200725,budget_exhausted,
100.0,4,quadratic,10.0,0.95,0.005,0.001,10000,budget_exhausted,5.696270313379429,0.0013301705253215737,175,174,190725,200725,budget_exhausted,
100.0,4,quadratic,10.0,0.95,0.001,0.001,10000,budget_exhausted,5.696270313379429,0.0013301705253215737,175,174,190725,200725,budget_exhausted,
