rho,method,eta,epsilon,iteration_budget,converged_count,avg_iterations_to_epsilon,median_iterations_to_epsilon,avg_iterations_with_failures_as_budget,avg_final_norm,num_instances,convergence_rate
1.2,additive,1e-05,0.001,20000,0,,,20001.0,3.458639175100933,20,0.0
1.2,additive,2.1544346900318823e-05,0.001,20000,0,,,20001.0,0.7729820724622766,20,0.0
1.2,additive,4.641588833612782e-05,0.001,20000,0,,,20001.0,0.07306320558939042,20,0.0
1.2,additive,0.0001,0.001,20000,8,18959.0,19290.0,19584.2,0.0018470659388067103,20,0.4
1.2,additive,0.00021544346900318823,0.001,20000,20,9811.75,9738.0,9811.75,0.000999646089959342,20,1.0
1.2,additive,0.00046415888336127773,0.001,20000,20,4552.8,4518.5,4552.8,0.0009992880182053423,20,1.0
1.2,additive,0.001,0.001,20000,20,2111.85,2095.5,2111.85,0.0009984240339939246,20,1.0
1.2,additive,0.002154434690031882,0.001,20000,20,978.9,971.5,978.9,0.0009961771186945642,20,1.0
1.2,additive,0.004641588833612777,0.001,20000,18,446.3333333333333,449.5,2401.8,0.0009924172550927679,20,0.9
1.2,additive,0.01,0.001,20000,8,194.5,195.5,12078.4,0.23714957889288327,20,0.4
1.2,additive,0.021544346900318822,0.001,20000,0,,,20001.0,,20,0.0
1.2,additive,0.046415888336127774,0.001,20000,0,,,20001.0,,20,0.0
1.2,additive,0.1,0.001,20000,0,,,20001.0,,20,0.0
1.2,additive,0.21544346900318823,0.001,20000,0,,,20001.0,,20,0.0
1.2,additive,0.46415888336127725,0.001,20000,0,,,20001.0,,20,0.0
1.2,additive,1.0,0.001,20000,0,,,20001.0,,20,0.0
1.2,multiplicative,1e-05,0.001,20000,0,,,20001.0,20.41815746222786,20,0.0
1.2,multiplicative,2.1544346900318823e-05,0.001,20000,0,,,20001.0,9.661569443868746,20,0.0
1.2,multiplicative,4.641588833612782e-05,0.001,20000,0,,,20001.0,2.7423973143902036,20,0.0
1.2,multiplicative,0.0001,0.001,20000,0,,,20001.0,0.5119341162510165,20,0.0
1.2,multiplicative,0.00021544346900318823,0.001,20000,0,,,20001.0,0.03810845293445374,20,0.0
1.2,multiplicative,0.00046415888336127773,0.001,20000,18,17328.61111111111,17176.0,17595.85,0.0010494501444265818,20,0.9
1.2,multiplicative,0.001,0.001,20000,20,8223.0,8025.0,8223.0,0.0009995902980209324,20,1.0
1.2,multiplicative,0.002154434690031882,0.001,20000,20,3815.5,3723.5,3815.5,0.000998833217153636,20,1.0
1.2,multiplicative,0.004641588833612777,0.001,20000,20,1769.55,1727.0,1769.55,0.0009979854066821294,20,1.0
1.2,multiplicative,0.01,0.001,20000,20,820.0,800.5,820.0,0.000995022235203448,20,1.0
1.2,multiplicative,0.021544346900318822,0.001,20000,20,379.2,370.5,379.2,0.0009900122081157353,20,1.0
1.2,multiplicative,0.046415888336127774,0.001,20000,19,172.89473684210526,170.0,1164.3,0.0009787600844146141,20,0.95
1.2,multiplicative,0.1,0.001,20000,0,,,20001.0,,20,0.0
1.2,multiplicative,0.21544346900318823,0.001,20000,0,,,20001.0,,20,0.0
1.2,multiplicative,0.46415888336127725,0.001,20000,0,,,20001.0,,20,0.0
1.2,multiplicative,1.0,0.001,20000,0,,,20001.0,,20,0.0
1.5,additive,1e-05,0.001,20000,0,,,20001.0,3.493284065707988,20,0.0
1.5,additive,2.1544346900318823e-05,0.001,20000,0,,,20001.0,1.0464810771021393,20,0.0
1.5,additive,4.641588833612782e-05,0.001,20000,0,,,20001.0,0.1447506851724002,20,0.0
1.5,additive,0.0001,0.001,20000,1,19807.0,19807.0,19991.3,0.004317236763392815,20,0.05
1.5,additive,0.00021544346900318823,0.001,20000,20,11361.45,11366.5,11361.45,0.000999696525836341,20,1.0
1.5,additive,0.00046415888336127773,0.001,20000,20,5271.95,5274.0,5271.95,0.0009992671003859017,20,1.0
1.5,additive,0.001,0.001,20000,20,2445.35,2446.5,2445.35,0.000998633250554585,20,1.0
1.5,additive,0.002154434690031882,0.001,20000,20,1133.4,1134.0,1133.4,0.0009971110348826224,20,1.0
1.5,additive,0.004641588833612777,0.001,20000,20,524.5,524.5,524.5,0.0009927319369904038,20,1.0
1.5,additive,0.01,0.001,20000,20,241.85,241.5,241.85,0.0009843750848623988,20,1.0
1.5,additive,0.021544346900318822,0.001,20000,10,109.3,110.5,10055.15,0.0009560830570212283,20,0.5
1.5,additive,0.046415888336127774,0.001,20000,0,,,20001.0,,20,0.0
1.5,additive,0.1,0.001,20000,0,,,20001.0,,20,0.0
1.5,additive,0.21544346900318823,0.001,20000,0,,,20001.0,,20,0.0
1.5,additive,0.46415888336127725,0.001,20000,0,,,20001.0,,20,0.0
1.5,additive,1.0,0.001,20000,0,,,20001.0,,20,0.0
1.5,multiplicative,1e-05,0.001,20000,0,,,20001.0,14.963443951811064,20,0.0
1.5,multiplicative,2.1544346900318823e-05,0.001,20000,0,,,20001.0,8.968472952090874,20,0.0
1.5,multiplicative,4.641588833612782e-05,0.001,20000,0,,,20001.0,3.65385899142331,20,0.0
1.5,multiplicative,0.0001,0.001,20000,0,,,20001.0,0.6723326205098996,20,0.0
1.5,multiplicative,0.00021544346900318823,0.001,20000,0,,,20001.0,0.04223417012383869,20,0.0
1.5,multiplicative,0.00046415888336127773,0.001,20000,20,17383.45,17133.5,17383.45,0.0009997866583672267,20,1.0
1.5,multiplicative,0.001,0.001,20000,20,8066.95,7951.0,8066.95,0.0009995326028739162,20,1.0
1.5,multiplicative,0.002154434690031882,0.001,20000,20,3742.65,3689.0,3742.65,0.000998916878089219,20,1.0
1.5,multiplicative,0.004641588833612777,0.001,20000,20,1735.45,1710.5,1735.45,0.0009977363829232829,20,1.0
1.5,multiplicative,0.01,0.001,20000,20,803.7,792.0,803.7,0.0009960188887428933,20,1.0
1.5,multiplicative,0.021544346900318822,0.001,20000,20,371.3,366.0,371.3,0.0009906107371737863,20,1.0
1.5,multiplicative,0.046415888336127774,0.001,20000,20,170.6,168.0,170.6,0.0009782679350406364,20,1.0
1.5,multiplicative,0.1,0.001,20000,19,76.94736842105263,76.0,1073.15,0.0009609057993756235,20,0.95
1.5,multiplicative,0.21544346900318823,0.001,20000,0,,,20001.0,,20,0.0
1.5,multiplicative,0.46415888336127725,0.001,20000,0,,,20001.0,,20,0.0
1.5,multiplicative,1.0,0.001,20000,0,,,20001.0,,20,0.0
2.0,additive,1e-05,0.001,20000,0,,,20001.0,3.713010290144066,20,0.0
2.0,additive,2.1544346900318823e-05,0.001,20000,0,,,20001.0,1.5500391412843952,20,0.0
2.0,additive,4.641588833612782e-05,0.001,20000,0,,,20001.0,0.4024266571635541,20,0.0
2.0,additive,0.0001,0.001,20000,0,,,20001.0,0.046767038379454076,20,0.0
2.0,additive,0.00021544346900318823,0.001,20000,13,18729.384615384617,18867.0,19174.45,0.0012999517076856947,20,0.65
2.0,additive,0.00046415888336127773,0.001,20000,20,9209.4,9116.0,9209.4,0.0009996032739031922,20,1.0
2.0,additive,0.001,0.001,20000,20,4272.95,4229.5,4272.95,0.0009993445563919435,20,1.0
2.0,additive,0.002154434690031882,0.001,20000,20,1981.75,1961.5,1981.75,0.0009984630379442697,20,1.0
2.0,additive,0.004641588833612777,0.001,20000,20,918.25,909.0,918.25,0.0009966377222391048,20,1.0
2.0,additive,0.01,0.001,20000,20,424.65,420.0,424.65,0.0009918810072106743,20,1.0
2.0,additive,0.021544346900318822,0.001,20000,19,193.47368421052633,193.0,1183.85,0.0009765717685278439,20,0.95
2.0,additive,0.046415888336127774,0.001,20000,7,89.57142857142857,89.0,13032.0,0.0009741259458243663,20,0.35
2.0,additive,0.1,0.001,20000,0,,,20001.0,,20,0.0
2.0,additive,0.21544346900318823,0.001,20000,0,,,20001.0,,20,0.0
2.0,additive,0.46415888336127725,0.001,20000,0,,,20001.0,,20,0.0
2.0,additive,1.0,0.001,20000,0,,,20001.0,,20,0.0
2.0,multiplicative,1e-05,0.001,20000,0,,,20001.0,9.481903600312492,20,0.0
2.0,multiplicative,2.1544346900318823e-05,0.001,20000,0,,,20001.0,7.219257182529105,20,0.0
2.0,multiplicative,4.641588833612782e-05,0.001,20000,0,,,20001.0,4.274562900900749,20,0.0
2.0,multiplicative,0.0001,0.001,20000,0,,,20001.0,1.5375450282411667,20,0.0
2.0,multiplicative,0.00021544346900318823,0.001,20000,0,,,20001.0,0.19592263884975397,20,0.0
2.0,multiplicative,0.00046415888336127773,0.001,20000,0,,,20001.0,0.004186367796731044,20,0.0
2.0,multiplicative,0.001,0.001,20000,20,11311.5,11156.5,11311.5,0.000999607837733677,20,1.0
2.0,multiplicative,0.002154434690031882,0.001,20000,20,5248.45,5176.5,5248.45,0.000999282533898816,20,1.0
2.0,multiplicative,0.004641588833612777,0.001,20000,20,2434.25,2401.0,2434.25,0.0009984909014885337,20,1.0
2.0,multiplicative,0.01,0.001,20000,20,1128.05,1112.5,1128.05,0.0009966333332299382,20,1.0
2.0,multiplicative,0.021544346900318822,0.001,20000,20,521.85,514.5,521.85,0.0009911802263028549,20,1.0
2.0,multiplicative,0.046415888336127774,0.001,20000,20,240.25,237.0,240.25,0.0009866933534636844,20,1.0
2.0,multiplicative,0.1,0.001,20000,20,109.65,108.0,109.65,0.0009686747956954009,20,1.0
2.0,multiplicative,0.21544346900318823,0.001,20000,17,48.76470588235294,48.0,3041.6,0.0009114624049249197,20,0.85
2.0,multiplicative,0.46415888336127725,0.001,20000,0,,,20001.0,,20,0.0
2.0,multiplicative,1.0,0.001,20000,0,,,20001.0,,20,0.0
3.0,additive,1e-05,0.001,20000,0,,,20001.0,3.8000474938076456,20,0.0
3.0,additive,2.1544346900318823e-05,0.001,20000,0,,,20001.0,2.1600319212715546,20,0.0
3.0,additive,4.641588833612782e-05,0.001,20000,0,,,20001.0,0.8941833152551253,20,0.0
3.0,additive,0.0001,0.001,20000,0,,,20001.0,0.24916928006744765,20,0.0
3.0,additive,0.00021544346900318823,0.001,20000,0,,,20001.0,0.03716292074766879,20,0.0
3.0,additive,0.00046415888336127773,0.001,20000,7,18477.285714285714,18883.0,19467.7,0.0017292170238310614,20,0.35
3.0,additive,0.001,0.001,20000,20,9803.85,9545.5,9803.85,0.0009997200000179314,20,1.0
3.0,additive,0.002154434690031882,0.001,20000,20,4549.15,4429.5,4549.15,0.000999229559212039,20,1.0
3.0,additive,0.004641588833612777,0.001,20000,20,2110.0,2054.5,2110.0,0.000998656883395624,20,1.0
3.0,additive,0.01,0.001,20000,20,977.9,952.0,977.9,0.0009968371040333388,20,1.0
3.0,additive,0.021544346900318822,0.001,20000,19,445.2105263157895,439.0,1423.0,0.0009930994436606916,20,0.95
3.0,additive,0.046415888336127774,0.001,20000,15,199.06666666666666,201.0,5149.55,0.05739285904532813,20,0.75
3.0,additive,0.1,0.001,20000,4,95.25,94.0,16019.85,0.10422744527062577,20,0.2
3.0,additive,0.21544346900318823,0.001,20000,0,,,20001.0,,20,0.0
3.0,additive,0.46415888336127725,0.001,20000,0,,,20001.0,,20,0.0
3.0,additive,1.0,0.001,20000,0,,,20001.0,,20,0.0
3.0,multiplicative,1e-05,0.001,20000,0,,,20001.0,6.031539102867553,20,0.0
3.0,multiplicative,2.1544346900318823e-05,0.001,20000,0,,,20001.0,5.3563212806736695,20,0.0
3.0,multiplicative,4.641588833612782e-05,0.001,20000,0,,,20001.0,4.160277179397256,20,0.0
3.0,multiplicative,0.0001,0.001,20000,0,,,20001.0,2.462449878136029,20,0.0
3.0,multiplicative,0.00021544346900318823,0.001,20000,0,,,20001.0,0.8257478565073054,20,0.0
3.0,multiplicative,0.00046415888336127773,0.001,20000,0,,,20001.0,0.08456078408466686,20,0.0
3.0,multiplicative,0.001,0.001,20000,13,19451.30769230769,19513.0,19643.7,0.0010840670053762797,20,0.65
3.0,multiplicative,0.002154434690031882,0.001,20000,20,9208.6,9127.5,9208.6,0.0009994812000155748,20,1.0
3.0,multiplicative,0.004641588833612777,0.001,20000,20,4272.3,4234.5,4272.3,0.0009991457128530438,20,1.0
3.0,multiplicative,0.01,0.001,20000,20,1981.2,1964.0,1981.2,0.000997882446717497,20,1.0
3.0,multiplicative,0.021544346900318822,0.001,20000,20,917.8,910.0,917.8,0.0009949837870418296,20,1.0
3.0,multiplicative,0.046415888336127774,0.001,20000,20,424.2,420.5,424.2,0.0009887133488648467,20,1.0
3.0,multiplicative,0.1,0.001,20000,20,194.85,193.0,194.85,0.000984733328454382,20,1.0
3.0,multiplicative,0.21544346900318823,0.001,20000,20,88.7,88.0,88.7,0.0009499416223830819,20,1.0
3.0,multiplicative,0.46415888336127725,0.001,20000,18,39.166666666666664,39.0,2035.35,0.000909698582469962,20,0.9
3.0,multiplicative,1.0,0.001,20000,0,,,20001.0,,20,0.0
5.0,additive,1e-05,0.001,20000,0,,,20001.0,3.7136323820673782,20,0.0
5.0,additive,2.1544346900318823e-05,0.001,20000,0,,,20001.0,2.6787052403854976,20,0.0
5.0,additive,4.641588833612782e-05,0.001,20000,0,,,20001.0,1.5249085704432788,20,0.0
5.0,additive,0.0001,0.001,20000,0,,,20001.0,0.693499260604918,20,0.0
5.0,additive,0.00021544346900318823,0.001,20000,0,,,20001.0,0.25118889366884656,20,0.0
5.0,additive,0.00046415888336127773,0.001,20000,0,,,20001.0,0.06506248243170228,20,0.0
5.0,additive,0.001,0.001,20000,0,,,20001.0,0.00903279424153992,20,0.0
5.0,additive,0.002154434690031882,0.001,20000,17,14392.235294117647,14374.0,15233.55,0.0010660280290868834,20,0.85
5.0,additive,0.004641588833612777,0.001,20000,20,7172.8,7033.0,7172.8,0.0009996356061031078,20,1.0
5.0,additive,0.01,0.001,20000,19,3239.842105263158,3201.0,4077.9,0.0009992148263663616,20,0.95
5.0,additive,0.021544346900318822,0.001,20000,19,1502.421052631579,1484.0,2427.35,0.0009983317482177845,20,0.95
5.0,additive,0.046415888336127774,0.001,20000,11,684.0909090909091,648.0,9376.7,0.07775131385764827,20,0.55
5.0,additive,0.1,0.001,20000,1,281.0,281.0,19015.0,0.12733365954510223,20,0.05
5.0,additive,0.21544346900318823,0.001,20000,0,,,20001.0,,20,0.0
5.0,additive,0.46415888336127725,0.001,20000,0,,,20001.0,,20,0.0
5.0,additive,1.0,0.001,20000,0,,,20001.0,,20,0.0
5.0,multiplicative,1e-05,0.001,20000,0,,,20001.0,4.521959260480395,20,0.0
5.0,multiplicative,2.1544346900318823e-05,0.001,20000,0,,,20001.0,4.297624958245917,20,0.0
5.0,multiplicative,4.641588833612782e-05,0.001,20000,0,,,20001.0,3.848120628183217,20,0.0
5.0,multiplicative,0.0001,0.001,20000,0,,,20001.0,3.0297597965433423,20,0.0
5.0,multiplicative,0.00021544346900318823,0.001,20000,0,,,20001.0,1.8056302640069544,20,0.0
5.0,multiplicative,0.00046415888336127773,0.001,20000,0,,,20001.0,0.5844125668733618,20,0.0
5.0,multiplicative,0.001,0.001,20000,0,,,20001.0,0.05351086192322365,20,0.0
5.0,multiplicative,0.002154434690031882,0.001,20000,20,18340.0,18084.5,18340.0,0.000999805045988504,20,1.0
5.0,multiplicative,0.004641588833612777,0.001,20000,20,8510.9,8392.0,8510.9,0.0009996170262658534,20,1.0
5.0,multiplicative,0.01,0.001,20000,20,3948.65,3893.5,3948.65,0.0009991791957349025,20,1.0
5.0,multiplicative,0.021544346900318822,0.001,20000,20,1831.05,1805.5,1831.05,0.0009981876702616801,20,1.0
5.0,multiplicative,0.046415888336127774,0.001,20000,20,848.25,836.5,848.25,0.00099520505616158,20,1.0
5.0,multiplicative,0.1,0.001,20000,20,392.0,386.5,392.0,0.000990168017506649,20,1.0
5.0,multiplicative,0.21544346900318823,0.001,20000,20,180.25,178.0,180.25,0.0009783647030586287,20,1.0
5.0,multiplicative,0.46415888336127725,0.001,20000,20,82.0,81.0,82.0,0.0009499110813935788,20,1.0
5.0,multiplicative,1.0,0.001,20000,9,36.111111111111114,36.0,11016.8,0.000901303951999393,20,0.45
10.0,additive,1e-05,0.001,20000,0,,,20001.0,3.568604036190807,20,0.0
10.0,additive,2.1544346900318823e-05,0.001,20000,0,,,20001.0,3.07389046199694,20,0.0
10.0,additive,4.641588833612782e-05,0.001,20000,0,,,20001.0,2.206519534428356,20,0.0
10.0,additive,0.0001,0.001,20000,0,,,20001.0,1.3661856090904279,20,0.0
10.0,additive,0.00021544346900318823,0.001,20000,0,,,20001.0,0.7901538042735926,20,0.0
10.0,additive,0.00046415888336127773,0.001,20000,0,,,20001.0,0.4376220438501246,20,0.0
10.0,additive,0.001,0.001,20000,0,,,20001.0,0.23078453691005915,20,0.0
10.0,additive,0.002154434690031882,0.001,20000,0,,,20001.0,0.11142144136506373,20,0.0
10.0,additive,0.004641588833612777,0.001,20000,0,,,20001.0,0.08254425437353094,20,0.0
10.0,additive,0.01,0.001,20000,0,,,20001.0,0.06405769750015369,20,0.0
10.0,additive,0.021544346900318822,0.001,20000,0,,,20001.0,,20,0.0
10.0,additive,0.046415888336127774,0.001,20000,0,,,20001.0,,20,0.0
10.0,additive,0.1,0.001,20000,0,,,20001.0,,20,0.0
10.0,additive,0.21544346900318823,0.001,20000,0,,,20001.0,,20,0.0
10.0,additive,0.46415888336127725,0.001,20000,0,,,20001.0,,20,0.0
10.0,additive,1.0,0.001,20000,0,,,20001.0,,20,0.0
10.0,multiplicative,1e-05,0.001,20000,0,,,20001.0,3.800986155972576,20,0.0
10.0,multiplicative,2.1544346900318823e-05,0.001,20000,0,,,20001.0,3.7368620124133196,20,0.0
10.0,multiplicative,4.641588833612782e-05,0.001,20000,0,,,20001.0,3.6063481057137814,20,0.0
10.0,multiplicative,0.0001,0.001,20000,0,,,20001.0,3.3485107267632976,20,0.0
10.0,multiplicative,0.00021544346900318823,0.001,20000,0,,,20001.0,2.8484390446073573,20,0.0
10.0,multiplicative,0.00046415888336127773,0.001,20000,0,,,20001.0,1.9368115251288145,20,0.0
10.0,multiplicative,0.001,0.001,20000,0,,,20001.0,0.7767311832769628,20,0.0
10.0,multiplicative,0.002154434690031882,0.001,20000,0,,,20001.0,0.16072776227536556,20,0.0
10.0,multiplicative,0.004641588833612777,0.001,20000,0,,,20001.0,0.42297219155128857,20,0.0
10.0,multiplicative,0.01,0.001,20000,12,15406.75,15156.0,17244.45,0.08602580251689422,20,0.6
10.0,multiplicative,0.021544346900318822,0.001,20000,20,9145.9,8716.5,9145.9,0.000999144456317842,20,1.0
10.0,multiplicative,0.046415888336127774,0.001,20000,20,4243.75,4044.0,4243.75,0.0009983579341925543,20,1.0
10.0,multiplicative,0.1,0.001,20000,20,1968.65,1876.0,1968.65,0.0009956469952438858,20,1.0
10.0,multiplicative,0.21544346900318823,0.001,20000,20,912.45,869.5,912.45,0.000991657578848853,20,1.0
10.0,multiplicative,0.46415888336127725,0.001,20000,20,422.1,402.0,422.1,0.0009866602076636995,20,1.0
10.0,multiplicative,1.0,0.001,20000,19,196.1578947368421,189.0,1186.4,0.0009656624219227299,20,0.95
