method,n_agents,n_resources,rho,instance,eta,0.1,0.05,0.01,0.005,0.001
additive,100,200,4.0,0,0.72,11,17,37,48,75
additive,100,200,4.0,1,0.72,15,23,48,63,103
additive,100,200,4.0,2,0.006000000000000001,2326,4378,,,
additive,100,200,4.0,3,0.8400000000000001,12,20,61,88,162
additive,100,200,4.0,4,0.56,15,23,52,68,107
additive,100,200,4.0,5,0.8639999999999999,13,20,46,62,107
additive,100,200,4.0,6,0.8639999999999999,18,33,92,131,250
additive,100,200,4.0,7,0.8,14,24,79,121,259
additive,100,200,4.0,8,0.72,13,18,36,46,70
additive,100,200,4.0,9,0.0009,,,,,
additive,100,200,2.0,0,0.48999999999999994,3,4,5,6,8
additive,100,200,2.0,1,0.48999999999999994,3,4,6,7,8
additive,100,200,2.0,2,0.504,3,4,6,6,8
additive,100,200,2.0,3,0.504,3,3,5,6,8
additive,100,200,2.0,4,0.41999999999999993,3,4,6,7,9
additive,100,200,2.0,5,0.504,3,4,5,6,8
additive,100,200,2.0,6,0.4800000000000001,3,4,6,7,9
additive,100,200,2.0,7,0.48999999999999994,3,4,6,7,9
additive,100,200,2.0,8,0.41999999999999993,3,4,6,7,9
additive,100,200,2.0,9,0.504,3,4,7,8,11
additive,100,200,1.2,0,0.10800000000000001,2,2,3,3,4
additive,100,200,1.2,1,0.10800000000000001,2,2,3,3,4
additive,100,200,1.2,2,0.10800000000000001,2,2,3,3,4
additive,100,200,1.2,3,0.10800000000000001,2,2,3,3,4
additive,100,200,1.2,4,0.10800000000000001,2,2,3,3,4
additive,100,200,1.2,5,0.10800000000000001,2,2,3,3,4
additive,100,200,1.2,6,0.10800000000000001,2,2,3,3,4
additive,100,200,1.2,7,0.10800000000000001,2,2,3,3,4
additive,100,200,1.2,8,0.10800000000000001,2,2,3,3,4
additive,100,200,1.2,9,0.10800000000000001,2,2,3,3,4
