method,instance_idx,rho,eta,0.1,0.05,0.01,0.005,0.001
additive,0,1.2,0.07,42,44,48,49,53
additive,1,1.2,0.048,19,20,23,25,31
additive,2,1.2,4.5e-05,19165,19227,19375,19439,19588
additive,3,1.2,0.0576,15,16,19,21,24
additive,4,1.2,0.00216,524,532,550,558,577
additive,5,1.2,0.01152,78,81,85,87,92
additive,6,1.2,0.096,10,11,13,14,16
additive,7,1.2,0.021000000000000005,64,68,74,76,82
additive,8,1.2,0.0576,15,16,19,21,24
additive,9,1.2,1.0,0,0,0,0,0
additive,10,1.2,0.06000000000000001,15,16,18,19,23
additive,11,1.2,0.06000000000000001,14,15,19,20,24
additive,12,1.2,0.005040000000000001,715,881,1308,1499,1947
additive,13,1.2,0.037800000000000014,11,13,114,117,125
additive,14,1.2,0.072,10,12,16,17,21
additive,15,1.2,0.084,15,16,19,20,22
additive,16,1.2,3.2000000000000007e-06,,,,,
additive,17,1.2,0.04859999999999999,19,20,23,24,27
additive,18,1.2,0.08,13,17,28,32,43
additive,19,1.2,0.030000000000000006,32,37,49,54,66
additive,20,1.2,0.00012599999999999997,9967,10020,10145,10199,10325
additive,21,1.2,0.021600000000000005,44,47,54,57,64
additive,22,1.2,0.00648,403,423,471,491,539
additive,23,1.2,0.05,20,22,27,30,36
additive,24,1.2,0.06000000000000001,15,16,19,20,23
additive,25,1.2,0.014400000000000001,71,75,86,90,101
additive,26,1.2,0.02,46,48,52,54,58
additive,27,1.2,0.012,94,100,114,120,134
additive,28,1.2,0.01134,363,399,466,492,554
additive,29,1.2,0.009720000000000001,212,237,291,313,365
additive,30,1.2,0.06000000000000001,14,15,18,19,24
additive,31,1.2,0.072,7,8,10,11,14
additive,32,1.2,0.0027,833,882,997,1047,1163
additive,33,1.2,0.012600000000000004,76,79,86,89,96
additive,34,1.2,0.0576,15,16,19,21,24
additive,35,1.2,0.036,53,55,59,60,64
additive,36,1.2,0.0576,15,16,19,21,24
additive,37,1.2,0.033600000000000005,28,29,34,36,40
additive,38,1.2,0.02,11,13,20,23,29
additive,39,1.2,0.027000000000000003,38,42,50,53,62
additive,40,1.2,0.045,20,22,26,27,31
additive,41,1.2,0.05,26,28,32,34,38
additive,42,1.2,0.10799999999999998,6,7,9,10,13
additive,43,1.2,0.0576,15,16,19,21,24
additive,44,1.2,0.016,55,57,61,63,67
additive,45,1.2,0.04,28,33,44,49,59
additive,46,1.2,0.0216,36,46,70,81,104
additive,47,1.2,0.012,75,81,95,101,115
additive,48,1.2,0.014400000000000001,71,75,86,90,101
additive,49,1.2,0.032400000000000005,47,50,57,59,66
additive,50,1.2,0.06000000000000001,13,16,24,27,35
additive,51,1.2,0.00144,829,855,915,951,1042
additive,52,1.2,0.021000000000000005,139,155,197,214,254
additive,53,1.2,0.01728,51,57,71,77,90
additive,54,1.2,0.014700000000000001,94,99,109,114,124
additive,55,1.2,0.032400000000000005,32,33,37,39,43
additive,56,1.2,0.01152,186,226,299,328,394
additive,57,1.2,0.000486,2952,3013,3159,3222,3369
additive,58,1.2,0.042,25,26,30,32,36
additive,59,1.2,0.144,16,20,28,32,41
additive,60,1.2,0.05600000000000001,10,11,14,15,18
additive,61,1.2,0.024,48,53,62,66,75
additive,62,1.2,0.00216,426,477,597,650,771
additive,63,1.2,0.0224,51,53,60,62,69
additive,64,1.2,0.00432,460,558,740,814,982
additive,65,1.2,0.036,19,24,41,49,66
additive,66,1.2,0.004410000000000002,214,237,291,314,368
additive,67,1.2,0.0224,51,53,59,61,65
additive,68,1.2,0.0576,15,16,19,21,24
additive,69,1.2,0.00216,524,532,550,558,577
additive,70,1.2,0.040499999999999994,21,23,28,30,36
additive,71,1.2,0.009600000000000001,127,135,151,159,176
additive,72,1.2,0.030000000000000006,27,30,37,40,47
additive,73,1.2,0.0576,15,16,19,21,24
additive,74,1.2,0.03402000000000001,33,36,41,44,50
additive,75,1.2,9.000000000000002e-07,,,,,
additive,76,1.2,0.008400000000000001,290,895,935,952,992
additive,77,1.2,0.032400000000000005,30,32,35,37,42
additive,78,1.2,0.018900000000000007,27,32,43,48,59
additive,79,1.2,0.030000000000000006,60,67,83,90,107
additive,80,1.2,0.10799999999999998,6,7,10,11,13
additive,81,1.2,0.0056,593,623,723,779,903
additive,82,1.2,1.0,0,0,0,0,0
additive,83,1.2,0.017010000000000004,117,121,132,136,148
additive,84,1.2,0.045,31,32,35,36,39
additive,85,1.2,0.033600000000000005,28,29,34,35,40
additive,86,1.2,0.0576,15,16,19,21,24
additive,87,1.2,0.072,21,23,29,32,38
additive,88,1.2,0.03600000000000001,28,29,33,35,38
additive,89,1.2,0.0315,34,36,40,42,46
additive,90,1.2,0.030000000000000006,39,42,49,53,60
additive,91,1.2,0.0512,47,49,54,56,61
additive,92,1.2,0.030000000000000006,40,54,84,97,127
additive,93,1.2,0.0576,14,17,22,24,29
additive,94,1.2,0.00324,300,330,398,428,497
additive,95,1.2,0.048,13,15,20,22,27
additive,96,1.2,0.04,9,9,9,10,10
additive,97,1.2,0.043199999999999995,24,26,32,35,41
additive,98,1.2,2.0000000000000003e-06,,,,,
additive,99,1.2,0.07560000000000003,16,20,26,30,38
additive,100,1.2,0.08,7,9,17,21,30
additive,101,1.2,0.018900000000000007,272,278,291,297,310
additive,102,1.2,0.18,4,5,6,7,10
additive,103,1.2,0.04,22,24,29,31,36
additive,104,1.2,0.018900000000000007,27,32,43,48,59
additive,105,1.2,0.00072,1523,1546,1600,1623,1677
additive,106,1.2,6.000000000000001e-06,46603,,,,
additive,107,1.2,0.00054,2895,2930,3014,3050,3134
additive,108,1.2,0.0576,15,16,19,21,24
additive,109,1.2,0.00864,112,128,167,184,222
additive,110,1.2,0.0576,15,16,19,21,24
additive,111,1.2,0.04,19,21,26,28,33
additive,112,1.2,0.00010800000000000002,11351,11840,12991,13490,14650
additive,113,1.2,0.0225,52,60,78,86,103
additive,114,1.2,0.05,28,36,53,61,77
additive,115,1.2,0.045,18,20,25,27,32
additive,116,1.2,0.024,34,39,49,53,63
additive,117,1.2,0.028000000000000004,49,50,55,57,61
additive,118,1.2,0.06000000000000001,14,17,26,31,50
additive,119,1.2,0.027000000000000003,37,40,47,50,57
additive,120,1.2,0.032400000000000005,29,31,37,39,44
additive,121,1.2,0.043199999999999995,22,23,27,29,32
additive,122,1.2,0.00144,680,716,795,829,908
additive,123,1.2,0.0576,15,16,19,21,24
additive,124,1.2,0.035,26,28,32,34,38
additive,125,1.2,0.05400000000000001,16,18,21,23,27
additive,126,1.2,0.1,5,5,6,6,7
additive,127,1.2,0.045,30,33,41,44,51
additive,128,1.2,0.018,50,52,56,58,62
additive,129,1.2,0.0036000000000000003,390,467,632,702,861
additive,130,1.2,0.018,70,84,114,126,156
additive,131,1.2,0.021599999999999998,38,44,55,60,72
additive,132,1.2,4.5000000000000003e-07,,,,,
additive,133,1.2,0.05600000000000001,17,18,21,22,24
additive,134,1.2,0.032400000000000005,29,31,37,39,44
additive,135,1.2,0.00063,416,421,8338,8707,9556
additive,136,1.2,0.0045,263,304,395,434,524
additive,137,1.2,0.0108,156,162,178,186,204
additive,138,1.2,0.04800000000000001,18,19,24,26,30
additive,139,1.2,0.04,26,28,32,34,38
additive,140,1.2,0.064,9,10,13,14,17
additive,141,1.2,1.0,0,0,0,0,0
additive,142,1.2,0.08,13,17,28,32,43
additive,143,1.2,0.0576,15,16,19,21,24
additive,144,1.2,0.0008748,1103,1119,1155,1170,1206
additive,145,1.2,0.036,264,282,313,325,353
additive,146,1.2,0.2,3,3,4,4,5
additive,147,1.2,1.2000000000000002e-06,,,,,
additive,148,1.2,0.0048000000000000004,507,693,949,1047,1269
additive,149,1.2,0.0162,119,123,132,136,145
additive,150,1.2,0.0225,41,43,47,50,54
additive,151,1.2,0.040499999999999994,27,30,37,39,46
additive,152,1.2,0.016,74,78,87,91,100
additive,153,1.2,2.4300000000000005e-05,33886,34120,34679,34922,35489
additive,154,1.2,0.028800000000000003,36,38,42,44,48
additive,155,1.2,0.036,19,29,58,70,97
additive,156,1.2,0.00045000000000000004,3214,3248,3329,3364,3446
additive,157,1.2,0.07,12,15,22,25,31
additive,158,1.2,0.08,12,15,20,22,27
additive,159,1.2,0.00144,812,836,910,950,1040
additive,160,1.2,0.024,36,39,49,54,64
additive,161,1.2,0.019200000000000002,83,105,148,166,206
additive,162,1.2,0.004900000000000001,289,310,358,379,428
additive,163,1.2,0.072,7,8,10,11,13
additive,164,1.2,0.016,46,52,65,72,87
additive,165,1.2,0.096,7,9,12,13,16
additive,166,1.2,0.05,28,32,42,46,55
additive,167,1.2,0.07,12,13,15,15,17
additive,168,1.2,0.00144,824,848,930,971,1065
additive,169,1.2,6.999999999999999e-06,39819,40810,,,
additive,170,1.2,0.0576,15,16,19,21,24
additive,171,1.2,0.0576,15,16,19,21,24
additive,172,1.2,0.0015120000000000003,220,2020,2233,2324,2534
additive,173,1.2,0.05,17,18,22,24,27
additive,174,1.2,0.018,122,130,150,159,179
additive,175,1.2,0.027000000000000003,45,47,53,56,62
additive,176,1.2,0.0225,203,215,243,254,281
additive,177,1.2,0.054000000000000006,29,32,40,44,52
additive,178,1.2,1.0,0,0,0,0,0
additive,179,1.2,0.019200000000000002,68,73,84,88,98
additive,180,1.2,0.00864,132,138,153,159,174
additive,181,1.2,0.014400000000000001,80,86,102,110,127
additive,182,1.2,0.0576,15,16,19,21,24
additive,183,1.2,0.027000000000000007,34,38,49,54,64
additive,184,1.2,0.0252,39,42,48,51,58
additive,185,1.2,0.018,84,89,101,106,119
additive,186,1.2,0.4800000000000001,2,3,4,5,7
additive,187,1.2,0.045,22,23,25,27,31
additive,188,1.2,0.014400000000000001,95,113,149,164,198
additive,189,1.2,0.017010000000000004,66,68,74,77,83
additive,190,1.2,0.064,16,17,21,23,27
additive,191,1.2,0.012000000000000002,81,84,92,95,102
additive,192,1.2,0.07938000000000003,7,7,7,7,9
additive,193,1.2,0.2,3,3,4,4,5
additive,194,1.2,0.037800000000000014,77,81,89,93,101
additive,195,1.2,0.039200000000000006,22,24,32,36,44
additive,196,1.2,0.05600000000000001,14,16,19,21,24
additive,197,1.2,1.0,0,0,0,0,0
additive,198,1.2,0.08,13,17,28,32,43
additive,199,1.2,0.0576,15,16,19,21,24
additive,200,1.2,0.021599999999999998,60,72,96,106,130
additive,201,1.2,0.030000000000000006,36,37,40,42,45
additive,202,1.2,0.049,18,20,22,24,26
additive,203,1.2,0.006300000000000002,151,173,223,245,296
additive,204,1.2,0.030000000000000006,39,42,49,53,60
additive,205,1.2,0.0576,15,16,19,21,24
additive,206,1.2,0.032,45,53,69,76,93
additive,207,1.2,0.06000000000000001,15,16,18,19,23
additive,208,1.2,0.012000000000000002,80,84,93,97,107
additive,209,1.2,0.00216,18,23,34,39,50
additive,210,1.2,0.064,13,14,18,19,23
additive,211,1.2,0.006300000000000002,50,56,737,795,929
additive,212,1.2,0.0576,15,16,19,21,24
additive,213,1.2,4.3200000000000007e-05,19963,20028,20182,20249,20405
additive,214,1.2,0.030000000000000006,32,35,41,43,49
additive,215,1.2,0.07,42,44,48,49,53
additive,216,1.2,0.049,21,25,36,40,51
additive,217,1.2,0.01512,198,207,227,236,257
additive,218,1.2,0.72,0,5,6,6,7
additive,219,1.2,0.05,17,21,34,146,944
additive,220,1.2,0.06000000000000001,15,16,18,19,23
additive,221,1.2,0.032400000000000005,32,35,43,46,54
additive,222,1.2,0.027000000000000007,50,54,65,69,79
additive,223,1.2,0.048,19,20,23,24,27
additive,224,1.2,1.0,0,0,0,0,0
additive,225,1.2,0.06000000000000001,25,28,33,36,41
additive,226,1.2,0.1296,23,29,45,52,68
additive,227,1.2,0.028000000000000004,56,60,67,70,77
additive,228,1.2,0.0576,15,16,19,21,24
additive,229,1.2,0.0315,74,76,82,84,90
additive,230,1.2,0.014400000000000001,84,88,98,102,112
additive,231,1.2,0.05400000000000001,17,18,21,22,25
additive,232,1.2,0.096,8,9,11,12,15
additive,233,1.2,0.02,46,48,52,54,58
additive,234,1.2,1.6000000000000004e-06,,,,,
additive,235,1.2,0.012,94,100,114,120,134
additive,236,1.2,0.05,23,26,30,32,37
additive,237,1.2,0.07,12,13,15,15,17
additive,238,1.2,0.03150000000000001,27,30,37,41,48
additive,239,1.2,0.0448,18,21,28,31,38
additive,240,1.2,0.00012599999999999997,9967,10020,10145,10199,10325
additive,241,1.2,0.009,103,136,1170,1502,2245
additive,242,1.2,0.007200000000000001,111,139,203,231,295
additive,243,1.2,0.03600000000000001,39,44,55,60,71
additive,244,1.2,0.0576,15,16,19,21,24
additive,245,1.2,0.005103000000000002,820,865,961,1002,1094
additive,246,1.2,0.045,24,26,30,32,36
additive,247,1.2,0.021000000000000005,49,52,59,62,69
additive,248,1.2,0.019200000000000002,55,75,125,148,202
additive,249,1.2,0.048,36,37,39,40,42
additive,250,1.2,0.09,8,8,10,11,13
additive,251,1.2,0.035,26,28,32,34,38
additive,252,1.2,0.072,5,5,5,5,5
additive,253,1.2,0.0576,15,16,19,21,24
additive,254,1.2,0.0045,83,85,89,91,95
additive,255,1.2,0.0315,51,57,70,76,89
additive,256,1.2,0.032400000000000005,29,31,37,39,44
additive,257,1.2,0.025,35,39,48,52,61
additive,258,1.2,0.01296,107,131,182,203,252
additive,259,1.2,0.014700000000000001,83,89,105,112,128
additive,260,1.2,0.05,16,19,25,27,34
additive,261,1.2,0.08,13,17,28,32,43
additive,262,1.2,0.06000000000000001,16,18,24,27,33
additive,263,1.2,0.0576,15,16,19,21,24
additive,264,1.2,1.0,0,0,0,0,0
additive,265,1.2,0.03150000000000001,29,30,34,35,39
additive,266,1.2,0.0112,82,92,115,126,149
additive,267,1.2,1.4000000000000001e-06,,,,,
additive,268,1.2,0.021599999999999998,132,133,137,139,143
additive,269,1.2,0.0252,37,40,46,49,55
additive,270,1.2,0.03402000000000001,33,35,41,43,49
additive,271,1.2,0.025,35,39,48,52,61
additive,272,1.2,0.019200000000000002,418,460,571,621,739
additive,273,1.2,0.016200000000000006,118,122,132,136,146
additive,274,1.2,0.036,14,16,19,21,25
additive,275,1.2,0.0576,15,16,19,21,24
additive,276,1.2,0.014580000000000004,80,885,1083,1164,1349
additive,277,1.2,0.06000000000000001,17,19,23,24,29
additive,278,1.2,0.048,18,19,23,24,28
additive,279,1.2,0.00018,5163,5647,6782,7273,8415
additive,280,1.2,0.0576,15,16,19,21,24
additive,281,1.2,0.018900000000000007,73,77,86,89,98
additive,282,1.2,0.00224,408,420,446,458,485
additive,283,1.2,0.0576,15,16,19,21,24
additive,284,1.2,0.04,9,9,9,10,10
additive,285,1.2,0.0024000000000000002,478,494,532,554,605
additive,286,1.2,0.0315,41,43,45,47,50
additive,287,1.2,0.00015552000000000003,4267,5138,7163,8035,10063
additive,288,1.2,0.00063,416,421,8338,8707,9556
additive,289,1.2,0.01512,126,133,147,153,167
additive,290,1.2,0.0032,317,347,417,447,518
additive,291,1.2,0.0035000000000000005,244,250,264,270,284
additive,292,1.2,0.030000000000000006,37,40,46,49,55
additive,293,1.2,0.10800000000000001,6,9,17,21,29
additive,294,1.2,0.072,19,20,22,23,25
additive,295,1.2,0.03600000000000001,56,59,66,68,75
additive,296,1.2,0.05600000000000001,20,21,24,25,27
additive,297,1.2,0.030000000000000006,34,37,44,46,52
additive,298,1.2,0.0315,34,35,38,40,43
additive,299,1.2,0.05,20,22,25,27,31
additive,300,1.2,0.030000000000000006,35,38,45,48,56
additive,301,1.2,0.0576,15,16,19,21,24
additive,302,1.2,0.0512,47,49,54,56,61
additive,303,1.2,0.03150000000000001,30,32,36,38,42
additive,304,1.2,0.025,38,47,67,76,96
additive,305,1.2,0.084,10,11,13,14,17
additive,306,1.2,0.0576,15,16,19,21,24
additive,307,1.2,0.016200000000000003,62,65,72,74,81
additive,308,1.2,0.012600000000000004,117,132,164,177,209
additive,309,1.2,0.24,4,6,10,12,16
additive,310,1.2,0.0576,15,16,19,21,24
additive,311,1.2,0.005399999999999999,134,138,148,153,163
additive,312,1.2,0.10800000000000001,5,6,8,8,10
additive,313,1.2,0.035,26,28,32,34,38
additive,314,1.2,0.048,26,29,36,40,48
additive,315,1.2,0.01296,107,131,182,203,252
additive,316,1.2,0.05,26,28,33,36,40
additive,317,1.2,0.045,19,22,27,29,34
additive,318,1.2,0.06000000000000001,14,16,19,21,24
additive,319,1.2,0.00036,2472,2525,2651,2705,2832
additive,320,1.2,0.042,18,20,25,27,31
additive,321,1.2,0.04800000000000001,18,19,23,25,29
additive,322,1.2,0.0252,49,50,54,56,60
additive,323,1.2,0.00036,2339,2363,2419,2444,2501
additive,324,1.2,0.027000000000000003,42,45,53,55,63
additive,325,1.2,0.18,4,5,6,7,10
additive,326,1.2,0.04,22,24,29,31,36
additive,327,1.2,0.019200000000000002,155,174,216,234,275
additive,328,1.2,2.0000000000000003e-06,,,,,
additive,329,1.2,0.027000000000000003,33,37,45,49,57
additive,330,1.2,1.8000000000000001e-06,,,,,
additive,331,1.2,0.009,222,242,287,306,349
additive,332,1.2,0.06000000000000001,17,18,20,21,23
additive,333,1.2,1.0,0,0,0,0,0
additive,334,1.2,0.18,4,5,6,7,10
additive,335,1.2,0.018000000000000006,50,56,70,76,89
additive,336,1.2,0.009600000000000001,42,49,65,72,88
additive,337,1.2,0.042,46,49,57,60,68
additive,338,1.2,1.0,0,0,0,0,0
additive,339,1.2,0.028000000000000004,31,35,43,46,54
additive,340,1.2,0.018,110,114,123,127,136
additive,341,1.2,1.4400000000000002e-06,,,,,
additive,342,1.2,0.06000000000000001,15,17,20,22,25
additive,343,1.2,0.018900000000000007,93,98,113,120,136
additive,344,1.2,0.144,8,9,10,11,15
additive,345,1.2,0.006,189,197,219,228,249
additive,346,1.2,0.045,40,41,44,46,49
additive,347,1.2,5.400000000000001e-07,,,,,
additive,348,1.2,0.18,4,5,6,7,10
additive,349,1.2,0.07560000000000003,33,37,46,50,60
additive,350,1.2,0.0224,44,47,52,55,61
additive,351,1.2,0.019200000000000002,26,33,49,55,71
additive,352,1.2,0.030000000000000006,34,36,41,43,48
additive,353,1.2,0.0576,15,16,19,21,24
additive,354,1.2,0.00072,1362,1407,1511,1556,1661
additive,355,1.2,0.0008100000000000002,1036,1062,1124,1151,1214
additive,356,1.2,0.025,35,39,48,52,61
additive,357,1.2,0.008,162,168,180,184,198
additive,358,1.2,0.05,23,26,30,32,37
additive,359,1.2,0.05600000000000001,8,9,12,13,16
additive,360,1.2,0.030618000000000013,32,35,40,43,49
additive,361,1.2,0.009600000000000001,96,108,134,146,173
additive,362,1.2,0.0315,34,35,38,40,43
additive,363,1.2,0.0028,406,426,472,493,539
additive,364,1.2,0.064,13,15,17,18,21
additive,365,1.2,1.8000000000000001e-06,,,,,
additive,366,1.2,2.7000000000000004e-06,,,,,
additive,367,1.2,0.0448,38,44,55,60,71
additive,368,1.2,0.05400000000000001,36,38,42,44,48
additive,369,1.2,0.025,35,39,48,52,61
additive,370,1.2,0.03150000000000001,29,30,33,35,38
additive,371,1.2,0.008,209,270,377,420,517
additive,372,1.2,0.18,4,5,6,7,10
additive,373,1.2,0.018900000000000007,27,32,43,48,59
additive,374,1.2,0.021600000000000005,64,66,70,71,76
additive,375,1.2,1.0000000000000002e-06,,,,,
additive,376,1.2,0.015000000000000003,60,67,84,91,107
additive,377,1.2,0.021599999999999998,179,224,315,352,436
additive,378,1.2,0.0024300000000000003,0,1213,1215,1215,1218
additive,379,1.2,0.044100000000000014,36,38,41,43,46
additive,380,1.2,0.027000000000000007,16,28,78,95,131
additive,381,1.2,0.008820000000000001,144,145,148,149,151
additive,382,1.2,0.006,59,466,510,529,573
additive,383,1.2,0.022400000000000003,42,45,52,56,64
additive,384,1.2,0.021599999999999998,38,44,55,60,72
additive,385,1.2,0.018000000000000006,86,90,99,103,112
additive,386,1.2,0.030000000000000006,45,47,52,55,60
additive,387,1.2,0.01458,67,69,73,74,78
additive,388,1.2,0.0576,15,16,19,21,24
additive,389,1.2,4.5e-05,19408,19470,19618,19682,19832
additive,390,1.2,0.048,21,24,30,33,39
additive,391,1.2,0.05600000000000001,14,16,19,21,25
additive,392,1.2,0.04,23,23,25,26,28
additive,393,1.2,0.050400000000000014,25,26,29,30,33
additive,394,1.2,0.06000000000000001,23,29,42,47,60
additive,395,1.2,0.0048000000000000004,193,216,271,294,349
additive,396,1.2,0.00072,1293,1450,1819,1979,2350
additive,397,1.2,0.01512,63,67,78,83,93
additive,398,1.2,0.0576,15,16,19,21,24
additive,399,1.2,0.045,20,21,24,25,28
additive,400,1.2,0.04,23,26,31,33,38
additive,401,1.2,0.03150000000000001,31,32,37,38,42
additive,402,1.2,0.0576,15,16,19,21,24
additive,403,1.2,0.035,55,68,104,119,155
additive,404,1.2,0.04,24,26,30,31,35
additive,405,1.2,0.032400000000000005,29,31,37,39,44
additive,406,1.2,0.01296,48,58,81,91,113
additive,407,1.2,0.04200000000000001,34,42,58,65,81
additive,408,1.2,3.6e-05,23840,23875,23957,23992,24075
additive,409,1.2,0.05,18,19,21,22,24
additive,410,1.2,0.0576,15,16,19,21,24
additive,411,1.2,0.13499999999999998,13,14,18,20,24
additive,412,1.2,0.0072,147,155,174,182,202
additive,413,1.2,0.00021000000000000004,16858,18395,21496,22775,25713
additive,414,1.2,0.072,13,14,16,17,19
additive,415,1.2,0.004860000000000001,241,243,249,251,257
additive,416,1.2,0.024,40,46,60,67,81
additive,417,1.2,0.012600000000000004,159,190,248,271,325
additive,418,1.2,0.06000000000000001,15,16,18,19,23
additive,419,1.2,0.0576,15,16,19,21,24
additive,420,1.2,0.04,34,37,44,48,55
additive,421,1.2,0.16,4,5,5,6,7
additive,422,1.2,0.0036000000000000003,102,126,1454,1492,1579
additive,423,1.2,0.027000000000000003,62,69,83,89,103
additive,424,1.2,0.042,21,24,29,32,37
additive,425,1.2,0.0576,15,16,19,21,24
additive,426,1.2,0.0576,15,16,19,21,24
additive,427,1.2,0.0576,15,16,19,21,24
additive,428,1.2,0.027000000000000003,36,39,47,50,57
additive,429,1.2,0.096,40,44,53,57,66
additive,430,1.2,0.084,15,16,19,20,22
additive,431,1.2,0.014400000000000001,110,135,183,203,248
additive,432,1.2,0.016,86,98,129,143,175
additive,433,1.2,0.06000000000000001,14,16,20,21,25
additive,434,1.2,0.048,19,20,22,23,25
additive,435,1.2,4.5e-05,19165,19227,19375,19439,19588
additive,436,1.2,0.03150000000000001,31,33,37,39,44
additive,437,1.2,0.0128,119,129,153,163,186
additive,438,1.2,0.030000000000000006,56,58,63,65,70
additive,439,1.2,0.02,47,50,56,59,65
additive,440,1.2,0.0045,425,444,489,509,554
additive,441,1.2,1.2960000000000004e-06,,,,,
additive,442,1.2,0.018000000000000006,66,69,78,82,91
additive,443,1.2,0.05600000000000001,14,15,18,20,23
additive,444,1.2,0.084,15,16,19,20,22
additive,445,1.2,0.048,19,20,23,24,28
additive,446,1.2,0.003645,254,278,333,357,413
additive,447,1.2,0.05,30,32,35,37,40
additive,448,1.2,0.0576,15,16,19,21,24
additive,449,1.2,0.014400000000000001,84,88,98,102,112
additive,450,1.2,0.04,18,21,30,33,42
additive,451,1.2,0.042,21,23,27,28,32
additive,452,1.2,0.030000000000000006,35,38,46,49,57
additive,453,1.2,0.0048000000000000004,191,213,266,288,341
additive,454,1.2,0.05,23,26,30,32,37
additive,455,1.2,0.0576,15,16,19,21,24
additive,456,1.2,0.027000000000000007,48,59,81,91,113
additive,457,1.2,0.03024000000000001,35,37,41,43,47
additive,458,1.2,0.0576,15,16,19,21,24
additive,459,1.2,0.0576,9,10,14,15,19
additive,460,1.2,0.24,5,6,10,12,15
additive,461,1.2,0.021599999999999998,48,51,59,62,69
additive,462,1.2,0.05,20,21,25,26,29
additive,463,1.2,0.024,47,50,59,62,71
additive,464,1.2,0.0576,15,16,19,21,24
additive,465,1.2,0.0576,15,16,19,21,24
additive,466,1.2,0.0008399999999999999,1963,2120,2477,2630,2985
additive,467,1.2,0.049,74,78,88,92,101
additive,468,1.2,0.1,4,4,25,96,333
additive,469,1.2,0.030000000000000006,32,38,50,55,67
additive,470,1.2,3.0000000000000004e-07,,,,,
additive,471,1.2,0.019200000000000002,71,93,134,150,187
additive,472,1.2,2.4300000000000005e-05,33886,34120,34679,34922,35489
additive,473,1.2,0.064,17,19,22,24,28
additive,474,1.2,0.0108,75,86,113,124,151
additive,475,1.2,0.030000000000000006,38,41,46,49,54
additive,476,1.2,0.08,14,19,33,39,54
additive,477,1.2,0.18,3,4,37,38,41
additive,478,1.2,0.05600000000000001,21,23,27,29,33
additive,479,1.2,0.020160000000000004,144,156,183,194,220
additive,480,1.2,0.0576,15,16,19,21,24
additive,481,1.2,0.06720000000000001,25,27,30,32,36
additive,482,1.2,0.05600000000000001,18,21,25,27,32
additive,483,1.2,0.0036000000000000003,645,663,708,727,772
additive,484,1.2,0.0224,51,53,59,61,65
additive,485,1.2,0.0576,15,16,19,21,24
additive,486,1.2,0.0112,124,132,150,158,178
additive,487,1.2,0.0576,15,16,19,21,24
additive,488,1.2,0.04,21,23,28,30,35
additive,489,1.2,0.02,19,22,27,30,35
additive,490,1.2,0.027000000000000007,67,73,86,91,104
additive,491,1.2,0.06,4,4,4,4,4
additive,492,1.2,0.040499999999999994,21,23,28,30,36
additive,493,1.2,0.05,18,19,21,22,25
additive,494,1.2,0.08,30,34,44,49,59
additive,495,1.2,0.0252,32,36,45,48,57
additive,496,1.2,0.025,35,39,49,53,62
additive,497,1.2,0.04,24,28,38,42,51
additive,498,1.2,0.05,26,28,33,36,40
additive,499,1.2,0.048,19,20,23,25,28
additive,500,1.2,0.0252,41,43,49,52,58
additive,501,1.2,0.03150000000000001,27,30,37,41,48
additive,502,1.2,0.0576,15,16,19,21,24
additive,503,1.2,0.042,24,25,28,30,32
additive,504,1.2,0.00063,416,421,8338,8707,9556
additive,505,1.2,0.03150000000000001,31,33,37,39,44
additive,506,1.2,0.00216,573,599,653,675,725
additive,507,1.2,0.0252,37,40,46,49,55
additive,508,1.2,0.035,29,31,35,37,41
additive,509,1.2,0.0576,15,16,19,21,24
additive,510,1.2,0.0016200000000000003,492,498,512,518,532
additive,511,1.2,0.030000000000000006,45,47,52,55,60
additive,512,1.2,0.07,13,15,17,19,21
additive,513,1.2,0.006,59,466,510,529,573
additive,514,1.2,0.08,0,0,76,78,81
additive,515,1.2,0.005184,177,184,201,208,224
additive,516,1.2,1.0,0,0,0,0,0
additive,517,1.2,0.0576,15,16,19,21,24
additive,518,1.2,0.020412000000000007,78,80,84,86,91
additive,519,1.2,0.03240000000000001,73,88,119,131,160
additive,520,1.2,0.09,6,7,10,12,14
additive,521,1.2,0.05,18,19,22,23,26
additive,522,1.2,0.04,9,9,9,10,10
additive,523,1.2,0.042,47,52,64,70,81
additive,524,1.2,0.24000000000000005,2,2,2,2,2
additive,525,1.2,1.6000000000000004e-06,,,,,
additive,526,1.2,0.008,191,193,199,201,207
additive,527,1.2,0.040499999999999994,21,23,28,30,36
additive,528,1.2,0.064,16,17,21,23,27
additive,529,1.2,0.032400000000000005,29,31,37,39,44
additive,530,1.2,0.021000000000000005,48,50,56,58,65
additive,531,1.2,0.00063,416,421,8338,8707,9556
additive,532,1.2,0.0225,45,48,61,67,79
additive,533,1.2,0.18,4,5,6,7,10
additive,534,1.2,0.030000000000000006,70,94,149,172,227
additive,535,1.2,0.0576,15,16,19,21,24
additive,536,1.2,0.012600000000000004,137,151,182,194,224
additive,537,1.2,0.048,18,20,25,27,32
additive,538,1.2,0.007200000000000001,127,142,178,193,229
additive,539,1.2,0.12000000000000002,10,12,17,20,27
additive,540,1.2,2.0000000000000004e-07,,,,,
additive,541,1.2,0.030000000000000006,31,33,37,41,51
additive,542,1.2,0.020160000000000004,144,156,183,194,220
additive,543,1.2,0.0576,15,16,19,21,24
additive,544,1.2,0.0225,96,105,124,131,149
additive,545,1.2,0.07,11,12,14,15,17
additive,546,1.2,0.0045,11,12,16,18,22
additive,547,1.2,0.05,16,18,22,23,27
additive,548,1.2,1.8e-05,,,,,
additive,549,1.2,0.00072,1300,1323,1377,1400,1454
additive,550,1.2,0.014400000000000005,22,23,25,26,28
additive,551,1.2,0.035,28,31,38,41,48
additive,552,1.2,0.18,4,5,6,7,10
additive,553,1.2,0.050400000000000014,18,19,22,23,26
additive,554,1.2,0.04800000000000001,21,22,25,26,29
additive,555,1.2,0.072,14,15,17,18,20
additive,556,1.2,1.6000000000000004e-06,,,,,
additive,557,1.2,0.022400000000000003,44,45,50,51,55
additive,558,1.2,0.012600000000000004,81,87,99,105,118
additive,559,1.2,0.0036000000000000003,632,657,714,739,797
additive,560,1.2,0.07,23,30,44,50,64
additive,561,1.2,0.0576,15,16,19,21,24
additive,562,1.2,0.045,19,21,25,27,32
additive,563,1.2,0.18,4,5,6,7,10
additive,564,1.2,0.032,22,26,36,41,52
additive,565,1.2,0.006,162,170,191,200,222
additive,566,1.2,0.018900000000000007,27,32,43,48,59
additive,567,1.2,0.035,29,31,35,37,41
additive,568,1.2,0.021599999999999998,63,111,389,401,429
additive,569,1.2,0.10799999999999998,7,8,10,12,16
additive,570,1.2,0.042,23,24,27,29,32
additive,571,1.2,0.126,7,7,7,7,7
additive,572,1.2,0.06300000000000001,14,15,16,17,19
additive,573,1.2,0.0112,88,92,99,103,110
additive,574,1.2,0.024000000000000004,39,42,48,51,57
additive,575,1.2,0.09719999999999998,12,20,35,41,54
additive,576,1.2,0.035,27,29,33,35,40
additive,577,1.2,0.030000000000000006,33,36,44,48,56
additive,578,1.2,0.135,5,6,8,9,10
additive,579,1.2,1.0,0,0,0,0,0
additive,580,1.2,0.0576,15,16,19,21,24
additive,581,1.2,0.0576,15,16,19,21,24
additive,582,1.2,0.072,9,10,14,15,18
additive,583,1.2,0.0315,29,31,36,38,42
additive,584,1.2,0.10799999999999998,7,8,11,12,15
additive,585,1.2,0.013500000000000003,46,51,64,69,81
additive,586,1.2,0.008400000000000001,173,181,199,207,225
additive,587,1.2,0.032400000000000005,30,34,44,48,58
additive,588,1.2,0.008,162,168,180,184,198
additive,589,1.2,0.04320000000000001,24,25,28,29,32
additive,590,1.2,0.0224,32,38,54,61,77
additive,591,1.2,0.072,11,12,14,14,16
additive,592,1.2,1.0,0,0,0,0,0
additive,593,1.2,0.0576,15,16,19,21,24
additive,594,1.2,0.04,24,26,29,30,33
additive,595,1.2,0.06000000000000001,15,17,21,23,28
additive,596,1.2,0.045,19,21,25,27,31
additive,597,1.2,0.04800000000000001,15,19,27,30,39
additive,598,1.2,0.0224,51,53,59,61,65
additive,599,1.2,0.054000000000000006,9,11,88,95,111
additive,600,1.2,0.042,26,28,33,35,40
additive,601,1.2,0.084,15,16,19,20,22
additive,602,1.2,0.07200000000000002,6,44,46,47,49
additive,603,1.2,0.008,188,193,206,212,225
additive,604,1.2,0.06300000000000001,24,27,34,36,43
additive,605,1.2,0.0126,75,77,83,85,91
additive,606,1.2,0.096,8,9,11,12,15
additive,607,1.2,0.08099999999999999,8,9,12,13,15
additive,608,1.2,0.045,29,31,35,37,41
additive,609,1.2,0.01296,91,104,136,149,181
additive,610,1.2,0.014400000000000005,64,77,104,116,144
additive,611,1.2,0.05600000000000001,29,31,34,36,40
additive,612,1.2,1.0,0,0,0,0,0
additive,613,1.2,0.09,10,17,130,137,152
additive,614,1.2,0.0576,15,16,19,21,24
additive,615,1.2,0.0048000000000000004,184,190,203,209,222
additive,616,1.2,0.06480000000000001,13,14,16,17,20
additive,617,1.2,0.030000000000000006,33,35,38,40,43
additive,618,1.2,0.030000000000000006,37,39,44,46,50
additive,619,1.2,0.008064000000000002,261,274,304,317,347
additive,620,1.2,0.030000000000000006,37,38,41,42,45
additive,621,1.2,0.045,19,22,27,29,34
additive,622,1.2,0.096,8,9,11,12,15
additive,623,1.2,0.045,9,10,14,16,20
additive,624,1.2,0.045,25,28,34,36,42
additive,625,1.2,1.4000000000000001e-06,,,,,
additive,626,1.2,0.04,22,24,30,32,38
additive,627,1.2,0.042,15,18,25,28,36
additive,628,1.2,0.012600000000000004,76,80,92,97,108
additive,629,1.2,0.0576,15,16,19,21,24
additive,630,1.2,0.027000000000000003,36,38,43,45,50
additive,631,1.2,0.013500000000000003,46,51,64,69,81
additive,632,1.2,0.017010000000000004,66,68,74,77,83
additive,633,1.2,0.0036000000000000003,285,295,321,332,357
additive,634,1.2,0.0576,15,16,19,21,24
additive,635,1.2,0.00378,103,114,139,150,176
additive,636,1.2,0.005040000000000001,380,400,447,467,515
additive,637,1.2,0.06000000000000001,37,39,42,43,46
additive,638,1.2,0.06000000000000001,15,17,21,23,28
additive,639,1.2,0.064,11,12,15,17,20
additive,640,1.2,0.36,8,22,30,33,40
additive,641,1.2,0.016,60,65,76,80,91
additive,642,1.2,0.035,28,31,38,41,48
additive,643,1.2,0.035,28,31,38,41,48
additive,644,1.2,0.0576,15,16,19,21,24
additive,645,1.2,0.084,15,16,19,20,22
additive,646,1.2,1.8000000000000001e-06,,,,,
additive,647,1.2,0.0576,15,16,19,21,24
additive,648,1.2,1.0,0,0,0,0,0
additive,649,1.2,0.0576,15,16,19,21,24
additive,650,1.2,0.16,5,5,6,6,6
additive,651,1.2,0.050400000000000014,27,29,33,35,40
additive,652,1.2,0.072,19,21,24,26,29
additive,653,1.2,0.0008100000000000002,1362,1438,1615,1692,1871
additive,654,1.2,0.014400000000000001,79,84,94,98,108
additive,655,1.2,0.0576,15,16,19,21,24
additive,656,1.2,0.011340000000000003,102,104,109,112,118
additive,657,1.2,0.030000000000000006,30,33,39,42,48
additive,658,1.2,0.05400000000000001,25,26,28,29,31
additive,659,1.2,0.032,39,52,78,89,114
additive,660,1.2,1.2600000000000002e-06,,,,,
additive,661,1.2,0.16199999999999998,2,3,4,4,5
additive,662,1.2,0.03150000000000001,27,30,37,41,48
additive,663,1.2,0.072,10,12,16,17,21
additive,664,1.2,0.009450000000000004,81,93,121,133,162
additive,665,1.2,0.030000000000000006,33,35,39,41,45
additive,666,1.2,0.042,21,23,27,28,32
additive,667,1.2,4.5e-05,22286,22292,22305,22311,22325
additive,668,1.2,0.006,519,590,759,833,1005
additive,669,1.2,0.084,15,16,19,20,22
additive,0,2.0,0.09,34,38,47,51,60
additive,1,2.0,0.0648,22,24,27,29,32
additive,2,2.0,1.4400000000000002e-06,,,,,
additive,3,2.0,0.11340000000000003,19,23,31,34,42
additive,4,2.0,0.0004050000000000001,2811,2846,2926,2960,3040
additive,5,2.0,0.0054,234,239,253,259,273
additive,6,2.0,0.21000000000000002,11,13,17,18,22
additive,7,2.0,0.011340000000000003,230,245,280,295,330
additive,8,2.0,0.11340000000000003,19,23,31,34,42
additive,9,2.0,1.0,0,0,0,0,0
additive,10,2.0,0.10800000000000003,16,18,22,24,28
additive,11,2.0,0.128,16,19,26,29,36
additive,12,2.0,0.0018000000000000002,4235,4974,6593,7277,8855
additive,13,2.0,0.04860000000000001,91,115,159,176,216
additive,14,2.0,0.144,12,16,26,30,39
additive,15,2.0,0.126,15,16,18,18,20
additive,16,2.0,2.1000000000000002e-06,,,,,
additive,17,2.0,0.09,19,20,24,26,30
additive,18,2.0,0.16,13,17,27,31,41
additive,19,2.0,0.02916,75,95,140,159,203
additive,20,2.0,3.0000000000000005e-06,,,,,
additive,21,2.0,0.011340000000000003,148,162,195,209,242
additive,22,2.0,0.0027,1068,1123,1250,1305,1431
additive,23,2.0,0.072,28,31,39,42,50
additive,24,2.0,0.11200000000000002,18,21,27,30,36
additive,25,2.0,0.006300000000000002,232,248,287,304,342
additive,26,2.0,0.018,63,65,71,74,80
additive,27,2.0,0.00729,214,227,258,271,302
additive,28,2.0,0.006300000000000002,561,689,960,1073,1333
additive,29,2.0,0.012600000000000004,79,538,622,657,738
additive,30,2.0,0.12600000000000003,15,16,20,22,25
additive,31,2.0,0.27,3,4,6,6,8
additive,32,2.0,0.00054,5796,6226,7219,7647,8638
additive,33,2.0,0.009,107,108,112,113,116
additive,34,2.0,0.11340000000000003,19,23,31,34,42
additive,35,2.0,0.036,70,73,81,84,92
additive,36,2.0,0.11340000000000003,19,23,31,34,42
additive,37,2.0,0.04860000000000001,36,39,47,50,58
additive,38,2.0,0.08400000000000002,5,7,11,12,16
additive,39,2.0,0.028800000000000003,77,88,114,125,150
additive,40,2.0,0.072,28,31,40,43,52
additive,41,2.0,0.08099999999999999,27,30,37,40,46
additive,42,2.0,0.35,5,6,8,9,11
additive,43,2.0,0.11340000000000003,19,23,31,34,42
additive,44,2.0,0.011200000000000002,91,93,97,99,103
additive,45,2.0,0.05600000000000001,36,49,77,89,117
additive,46,2.0,0.036,46,61,105,131,192
additive,47,2.0,0.012600000000000004,185,207,258,280,331
additive,48,2.0,0.006300000000000002,232,248,287,304,342
additive,49,2.0,0.040499999999999994,66,75,94,102,121
additive,50,2.0,0.12600000000000003,13,18,29,35,46
additive,51,2.0,0.000162,8980,9464,10583,11065,12182
additive,52,2.0,0.0108,30,31,32,32,33
additive,53,2.0,0.018,122,147,203,227,284
additive,54,2.0,0.0081,210,220,243,253,276
additive,55,2.0,0.040499999999999994,35,38,43,45,50
additive,56,2.0,0.007200000000000001,147,334,739,909,1298
additive,57,2.0,4.05e-05,36613,37092,38202,38679,39789
additive,58,2.0,0.056700000000000014,31,34,41,44,50
additive,59,2.0,0.4800000000000001,10,12,18,21,28
additive,60,2.0,0.192,8,10,15,17,23
additive,61,2.0,0.0216,97,109,136,148,175
additive,62,2.0,0.0016200000000000003,1378,1656,2293,2566,3200
additive,63,2.0,0.018900000000000007,97,104,120,127,143
additive,64,2.0,0.000972,1057,2442,5447,6702,9589
additive,65,2.0,0.00405,874,904,974,1005,1074
additive,66,2.0,0.0009000000000000001,2420,2830,3771,4175,5112
additive,67,2.0,0.0216,82,87,100,106,118
additive,68,2.0,0.11340000000000003,19,23,31,34,42
additive,69,2.0,0.0004050000000000001,2811,2846,2926,2960,3040
additive,70,2.0,0.072,30,36,49,55,68
additive,71,2.0,0.0045,404,435,508,540,612
additive,72,2.0,0.045,49,60,84,95,120
additive,73,2.0,0.11340000000000003,19,23,31,34,42
additive,74,2.0,0.05400000000000001,42,47,58,63,75
additive,75,2.0,9.000000000000001e-07,,,,,
additive,76,2.0,0.00405,1283,1431,1745,1876,2178
additive,77,2.0,0.036,44,48,56,60,68
additive,78,2.0,0.027000000000000007,49,68,112,131,175
additive,79,2.0,0.024300000000000006,183,219,303,339,422
additive,80,2.0,0.28,6,7,12,14,18
additive,81,2.0,0.0001,12758,13121,13969,14356,
additive,82,2.0,1.0,0,0,0,0,0
additive,83,2.0,0.0108,237,264,332,365,444
additive,84,2.0,0.072,37,39,43,44,48
additive,85,2.0,0.04860000000000001,33,36,43,45,52
additive,86,2.0,0.11340000000000003,19,23,31,34,42
additive,87,2.0,0.11340000000000003,30,37,55,62,79
additive,88,2.0,0.04860000000000001,31,33,38,40,46
additive,89,2.0,0.045,35,38,43,45,51
additive,90,2.0,0.040499999999999994,52,58,72,78,92
additive,91,2.0,0.06300000000000001,60,66,79,84,97
additive,92,2.0,0.040499999999999994,52,71,112,130,170
additive,93,2.0,0.128,8,16,34,41,59
additive,94,2.0,0.00072,3166,3654,4776,5258,6375
additive,95,2.0,0.08,18,24,40,47,63
additive,96,2.0,0.06300000000000001,8,8,9,9,9
additive,97,2.0,0.06300000000000001,32,37,46,51,60
additive,98,2.0,9.000000000000001e-07,,,,,
additive,99,2.0,0.09720000000000002,21,29,45,52,68
additive,100,2.0,0.24,8,12,20,23,31
additive,101,2.0,0.012600000000000004,354,362,380,388,407
additive,102,2.0,0.64,3,4,6,7,10
additive,103,2.0,0.056700000000000014,38,45,60,67,82
additive,104,2.0,0.027000000000000007,49,68,112,131,175
additive,105,2.0,8.1e-05,13785,13919,14228,14362,14671
additive,106,2.0,2.7000000000000004e-06,,,,,
additive,107,2.0,4.860000000000001e-05,35786,36037,36619,36870,37453
additive,108,2.0,0.11340000000000003,19,23,31,34,42
additive,109,2.0,0.0045,498,619,894,1011,1284
additive,110,2.0,0.11340000000000003,19,23,31,34,42
additive,111,2.0,0.09720000000000002,21,25,35,39,49
additive,112,2.0,8.000000000000002e-07,,,,,
additive,113,2.0,0.02916,81,99,140,158,198
additive,114,2.0,0.06300000000000001,35,47,74,85,111
additive,115,2.0,0.072,28,36,52,60,76
additive,116,2.0,0.036,59,73,105,119,150
additive,117,2.0,0.036,52,55,62,65,71
additive,118,2.0,0.11200000000000002,9,11,23,30,47
additive,119,2.0,0.0324,58,64,79,86,101
additive,120,2.0,0.036,55,61,77,84,99
additive,121,2.0,0.072,25,28,34,37,43
additive,122,2.0,0.00018,7184,7574,8479,8868,9770
additive,123,2.0,0.11340000000000003,19,23,31,34,42
additive,124,2.0,0.045,37,40,48,51,59
additive,125,2.0,0.045,49,59,81,90,112
additive,126,2.0,0.24000000000000005,4,4,6,6,8
additive,127,2.0,0.06300000000000001,40,47,63,70,86
additive,128,2.0,0.014400000000000001,74,76,82,84,90
additive,129,2.0,0.0018900000000000004,1185,1596,2507,2893,3786
additive,130,2.0,0.021870000000000007,94,128,205,238,313
additive,131,2.0,0.027000000000000007,78,99,146,166,212
additive,132,2.0,4.5000000000000003e-07,,,,,
additive,133,2.0,0.11200000000000002,15,16,18,19,22
additive,134,2.0,0.036,55,61,77,84,99
additive,135,2.0,0.00036,746,13078,29451,35022,47372
additive,136,2.0,0.00216,1089,1338,1902,2143,2701
additive,137,2.0,0.0045,512,544,619,651,725
additive,138,2.0,0.11340000000000003,19,22,28,31,38
additive,139,2.0,0.072,26,30,37,40,47
additive,140,2.0,0.128,10,12,21,38,81
additive,141,2.0,1.0,0,0,0,0,0
additive,142,2.0,0.16,13,17,27,31,41
additive,143,2.0,0.11340000000000003,19,23,31,34,42
additive,144,2.0,0.00010800000000000002,8979,9034,9161,9216,9343
additive,145,2.0,0.0045,2007,2269,2830,3064,3606
additive,146,2.0,1.35,1,1,2,3,4
additive,147,2.0,9.000000000000001e-07,,,,,
additive,148,2.0,0.0018000000000000002,1024,1654,3027,3603,4932
additive,149,2.0,0.025200000000000007,85,90,102,107,119
additive,150,2.0,0.024300000000000006,49,52,57,59,65
additive,151,2.0,0.072,28,32,40,44,52
additive,152,2.0,0.011340000000000003,139,148,169,178,198
additive,153,2.0,1.4000000000000001e-06,,,,,
additive,154,2.0,0.045,33,35,39,41,45
additive,155,2.0,0.08099999999999999,46,54,114,144,216
additive,156,2.0,8.1e-05,17711,17818,18067,18174,18423
additive,157,2.0,0.144,8,10,20,27,48
additive,158,2.0,0.1728,13,16,23,26,33
additive,159,2.0,0.000162,8986,9472,10595,11078,12199
additive,160,2.0,0.028800000000000003,62,75,121,142,190
additive,161,2.0,0.014400000000000001,155,213,340,394,519
additive,162,2.0,0.00144,1693,1917,2420,2634,3131
additive,163,2.0,0.24,6,8,12,14,18
additive,164,2.0,0.0216,75,96,160,189,258
additive,165,2.0,0.24,8,10,14,16,20
additive,166,2.0,0.18,17,50,78,87,107
additive,167,2.0,0.16199999999999998,10,11,13,14,16
additive,168,2.0,0.000162,9007,9495,10625,11110,12237
additive,169,2.0,8.1e-05,3636,3681,48104,48286,48708
additive,170,2.0,0.11340000000000003,19,23,31,34,42
additive,171,2.0,0.11340000000000003,19,23,31,34,42
additive,172,2.0,0.000972,3591,3650,3787,3846,3982
additive,173,2.0,0.09,24,28,37,40,49
additive,174,2.0,0.009,521,581,716,774,908
additive,175,2.0,0.0324,53,57,66,69,77
additive,176,2.0,0.0324,173,186,217,230,261
additive,177,2.0,0.072,37,57,102,122,167
additive,178,2.0,1.0,0,0,0,0,0
additive,179,2.0,0.0162,128,144,179,195,230
additive,180,2.0,0.00405,370,401,471,501,571
additive,181,2.0,0.009,233,264,334,364,434
additive,182,2.0,0.11340000000000003,19,23,31,34,42
additive,183,2.0,0.036,61,76,109,123,155
additive,184,2.0,0.028800000000000003,66,72,87,94,109
additive,185,2.0,0.014400000000000001,190,215,271,295,350
additive,186,2.0,1.44,1,1,2,2,3
additive,187,2.0,0.072,24,26,30,33,38
additive,188,2.0,0.018,61,124,270,331,470
additive,189,2.0,0.012600000000000004,120,127,142,149,164
additive,190,2.0,0.11340000000000003,15,16,19,20,22
additive,191,2.0,0.009720000000000001,126,131,144,150,162
additive,192,2.0,0.054000000000000006,13,14,15,15,16
additive,193,2.0,1.35,1,1,2,3,4
additive,194,2.0,0.045,79,98,135,151,186
additive,195,2.0,0.05600000000000001,38,46,66,74,93
additive,196,2.0,0.1296,16,19,26,29,36
additive,197,2.0,0.48,0,0,15,15,17
additive,198,2.0,0.16,13,17,27,31,41
additive,199,2.0,0.11340000000000003,19,23,31,34,42
additive,200,2.0,0.027000000000000007,76,102,158,183,238
additive,201,2.0,0.040499999999999994,35,36,39,40,44
additive,202,2.0,0.072,23,25,30,32,37
additive,203,2.0,0.005670000000000001,393,487,701,792,1005
additive,204,2.0,0.040499999999999994,52,58,72,78,92
additive,205,2.0,0.11340000000000003,19,23,31,34,42
additive,206,2.0,0.036,58,78,124,144,189
additive,207,2.0,0.10800000000000003,16,18,22,24,28
additive,208,2.0,0.006480000000000001,184,192,212,221,240
additive,209,2.0,0.006480000000000001,24,35,62,74,101
additive,210,2.0,0.189,11,13,17,19,24
additive,211,2.0,0.0024300000000000003,127,129,134,135,576
additive,212,2.0,0.11340000000000003,19,23,31,34,42
additive,213,2.0,1.4400000000000002e-06,,,,,
additive,214,2.0,0.0324,63,71,89,97,115
additive,215,2.0,0.09,34,38,47,51,60
additive,216,2.0,0.09,26,34,50,56,72
additive,217,2.0,0.0081,457,481,536,560,615
additive,218,2.0,2.0,1,1,1,1,2
additive,219,2.0,0.09720000000000002,19,24,48,62,94
additive,220,2.0,0.10800000000000003,16,18,22,24,28
additive,221,2.0,0.036,61,70,91,100,121
additive,222,2.0,0.036,60,67,83,90,106
additive,223,2.0,0.08099999999999999,22,24,29,31,36
additive,224,2.0,1.0,0,0,0,0,0
additive,225,2.0,0.12600000000000003,35,41,54,60,74
additive,226,2.0,0.35,14,19,28,32,42
additive,227,2.0,0.024300000000000006,136,153,189,204,240
additive,228,2.0,0.11340000000000003,19,23,31,34,42
additive,229,2.0,0.0324,72,77,87,91,102
additive,230,2.0,0.009,201,217,253,269,305
additive,231,2.0,0.08099999999999999,24,26,33,36,42
additive,232,2.0,0.315,6,7,8,9,12
additive,233,2.0,0.018,63,65,71,74,80
additive,234,2.0,1.6000000000000004e-06,,,,,
additive,235,2.0,0.00729,214,227,258,271,302
additive,236,2.0,0.09,23,26,32,35,42
additive,237,2.0,0.144,13,14,18,19,23
additive,238,2.0,0.045,49,58,80,90,112
additive,239,2.0,0.072,18,27,48,58,86
additive,240,2.0,3.0000000000000005e-06,,,,,
additive,241,2.0,0.012600000000000004,369,441,601,682,1003
additive,242,2.0,0.0045,304,468,840,999,1368
additive,243,2.0,0.045,56,66,89,99,122
additive,244,2.0,0.11340000000000003,19,23,31,34,42
additive,245,2.0,0.00288,1227,1423,1850,2030,2445
additive,246,2.0,0.06300000000000001,33,37,45,49,58
additive,247,2.0,0.027000000000000007,55,59,68,72,80
additive,248,2.0,0.018,36,51,164,212,326
additive,249,2.0,0.08099999999999999,32,33,37,38,42
additive,250,2.0,0.3,6,7,10,11,13
additive,251,2.0,0.045,37,40,48,51,59
additive,252,2.0,0.18,4,4,4,4,5
additive,253,2.0,0.11340000000000003,19,23,31,34,42
additive,254,2.0,0.0024300000000000003,180,182,186,187,191
additive,255,2.0,0.036,72,84,109,120,145
additive,256,2.0,0.036,55,61,77,84,99
additive,257,2.0,0.0324,68,82,112,126,156
additive,258,2.0,0.009720000000000001,218,297,473,548,721
additive,259,2.0,0.0081,258,290,362,392,464
additive,260,2.0,0.09720000000000002,22,26,38,42,53
additive,261,2.0,0.16,13,17,27,31,41
additive,262,2.0,0.11200000000000002,20,24,34,38,48
additive,263,2.0,0.11340000000000003,19,23,31,34,42
additive,264,2.0,1.0,0,0,0,0,0
additive,265,2.0,0.045,29,31,34,36,40
additive,266,2.0,0.012600000000000004,181,217,299,333,414
additive,267,2.0,1.4000000000000001e-06,,,,,
additive,268,2.0,0.018,110,113,120,122,129
additive,269,2.0,0.024300000000000006,68,74,88,95,109
additive,270,2.0,0.04860000000000001,46,53,70,77,93
additive,271,2.0,0.040499999999999994,54,65,89,100,124
additive,272,2.0,0.009720000000000001,896,964,1116,1181,1332
additive,273,2.0,0.025200000000000007,89,95,108,114,128
additive,274,2.0,0.10080000000000003,13,17,26,30,42
additive,275,2.0,0.11340000000000003,19,23,31,34,42
additive,276,2.0,0.009,1264,1505,2016,2229,2721
additive,277,2.0,0.10800000000000003,20,23,30,33,40
additive,278,2.0,0.09,22,25,33,36,43
additive,279,2.0,7.2e-05,27292,30808,38921,42408,50500
additive,280,2.0,0.11340000000000003,19,23,31,34,42
additive,281,2.0,0.012600000000000004,147,158,184,195,221
additive,282,2.0,0.0004050000000000001,2407,2453,2560,2606,2713
additive,283,2.0,0.11340000000000003,19,23,31,34,42
additive,284,2.0,0.06300000000000001,8,8,9,9,9
additive,285,2.0,0.0003645000000000001,3533,3679,4016,4161,4497
additive,286,2.0,0.040499999999999994,40,41,44,45,49
additive,287,2.0,0.00018,6971,10756,19416,23128,31738
additive,288,2.0,0.00036,746,13078,29451,35022,47372
additive,289,2.0,0.0108,272,297,353,377,433
additive,290,2.0,0.00072,3150,3622,4707,5173,6254
additive,291,2.0,0.00054,1633,1658,1717,1743,1800
additive,292,2.0,0.027000000000000007,79,84,98,104,117
additive,293,2.0,0.35,4,5,9,11,14
additive,294,2.0,0.1152,17,18,20,21,23
additive,295,2.0,0.05400000000000001,55,62,77,83,98
additive,296,2.0,0.12600000000000003,15,16,18,19,22
additive,297,2.0,0.028800000000000003,70,79,99,107,127
additive,298,2.0,0.045,30,31,34,36,39
additive,299,2.0,0.08099999999999999,25,28,34,37,44
additive,300,2.0,0.045,45,50,63,69,82
additive,301,2.0,0.11340000000000003,19,23,31,34,42
additive,302,2.0,0.06300000000000001,60,66,79,84,97
additive,303,2.0,0.04860000000000001,31,33,38,41,46
additive,304,2.0,0.036,45,65,110,130,175
additive,305,2.0,0.28,7,8,11,12,15
additive,306,2.0,0.11340000000000003,19,23,31,34,42
additive,307,2.0,0.012600000000000004,96,100,109,113,122
additive,308,2.0,0.0081,319,377,509,565,694
additive,309,2.0,0.9,1,2,4,5,8
additive,310,2.0,0.11340000000000003,19,23,31,34,42
additive,311,2.0,0.00108,637,638,641,642,646
additive,312,2.0,0.35,5,6,9,10,12
additive,313,2.0,0.045,37,40,48,51,59
additive,314,2.0,0.06300000000000001,45,55,78,90,137
additive,315,2.0,0.009720000000000001,218,297,473,548,721
additive,316,2.0,0.06300000000000001,33,37,46,50,59
additive,317,2.0,0.072,30,36,49,55,68
additive,318,2.0,0.144,15,18,23,26,32
additive,319,2.0,4.860000000000001e-05,19034,19283,19861,20110,20687
additive,320,2.0,0.072,29,35,48,54,67
additive,321,2.0,0.12600000000000003,17,19,25,28,34
additive,322,2.0,0.024300000000000006,70,74,85,89,100
additive,323,2.0,4.05e-05,20493,20552,20687,20746,20881
additive,324,2.0,0.0324,59,66,82,89,105
additive,325,2.0,0.64,3,4,6,7,10
additive,326,2.0,0.056700000000000014,38,45,60,67,82
additive,327,2.0,0.014400000000000001,360,420,558,616,752
additive,328,2.0,9.000000000000001e-07,,,,,
additive,329,2.0,0.028800000000000003,77,92,127,142,177
additive,330,2.0,1.4000000000000001e-06,,,,,
additive,331,2.0,0.006300000000000002,494,568,731,801,961
additive,332,2.0,0.10080000000000003,16,17,20,21,24
additive,333,2.0,1.0,0,0,0,0,0
additive,334,2.0,0.64,3,4,6,7,10
additive,335,2.0,0.0162,138,165,228,255,317
additive,336,2.0,0.0108,86,112,174,201,265
additive,337,2.0,0.045,70,78,96,104,122
additive,338,2.0,1.0,0,0,0,0,0
additive,339,2.0,0.0324,68,81,112,125,156
additive,340,2.0,0.024300000000000006,98,104,118,124,138
additive,341,2.0,1.4400000000000002e-06,,,,,
additive,342,2.0,0.1296,15,17,22,24,28
additive,343,2.0,0.0162,130,150,193,211,254
additive,344,2.0,0.36,8,9,10,11,13
additive,345,2.0,0.0018900000000000004,773,827,950,1003,1127
additive,346,2.0,0.045,47,48,52,53,56
additive,347,2.0,4.5000000000000003e-07,,,,,
additive,348,2.0,0.64,3,4,6,7,10
additive,349,2.0,0.09,67,83,117,132,166
additive,350,2.0,0.018900000000000007,78,84,98,103,117
additive,351,2.0,0.018,21,57,145,183,272
additive,352,2.0,0.045,33,35,40,43,48
additive,353,2.0,0.11340000000000003,19,23,31,34,42
additive,354,2.0,5.669999999999999e-05,18791,19267,20368,20843,21944
additive,355,2.0,9.720000000000002e-05,9070,9212,9541,9683,10013
additive,356,2.0,0.036,61,73,101,113,140
additive,357,2.0,0.00216,876,924,1033,1080,1189
additive,358,2.0,0.09,23,26,32,35,42
additive,359,2.0,0.168,8,11,17,19,25
additive,360,2.0,0.040499999999999994,44,49,60,64,75
additive,361,2.0,0.0081,276,332,459,513,640
additive,362,2.0,0.045,30,31,34,36,39
additive,363,2.0,0.000486,3305,3522,4020,4235,4732
additive,364,2.0,0.21599999999999997,9,10,13,14,17
additive,365,2.0,1.2000000000000002e-06,,,,,
additive,366,2.0,8.000000000000002e-07,,,,,
additive,367,2.0,0.08099999999999999,31,39,59,67,86
additive,368,2.0,0.10800000000000003,26,29,36,39,46
additive,369,2.0,0.0324,68,82,112,126,156
additive,370,2.0,0.040499999999999994,31,33,37,38,42
additive,371,2.0,0.0027,258,766,1868,2328,3386
additive,372,2.0,0.64,3,4,6,7,10
additive,373,2.0,0.027000000000000007,49,68,112,131,175
additive,374,2.0,0.024300000000000006,66,69,74,76,81
additive,375,2.0,4.5000000000000003e-07,,,,,
additive,376,2.0,0.0162,137,165,228,255,317
additive,377,2.0,0.027000000000000007,253,323,476,540,688
additive,378,2.0,0.001296,1200,1200,1201,1201,1202
additive,379,2.0,0.072,32,35,40,42,47
additive,380,2.0,0.05400000000000001,84,102,136,149,181
additive,381,2.0,0.0036000000000000003,358,359,362,363,367
additive,382,2.0,0.00216,178,189,3796,4028,4562
additive,383,2.0,0.024300000000000006,70,77,93,100,116
additive,384,2.0,0.027000000000000007,78,99,146,166,212
additive,385,2.0,0.0216,114,122,141,149,169
additive,386,2.0,0.040499999999999994,40,43,49,51,57
additive,387,2.0,0.0081,146,150,160,165,175
additive,388,2.0,0.11340000000000003,19,23,31,34,42
additive,389,2.0,1.6000000000000004e-06,,,,,
additive,390,2.0,0.07289999999999999,31,36,47,52,63
additive,391,2.0,0.10800000000000003,19,23,32,35,44
additive,392,2.0,0.036,53,55,61,63,68
additive,393,2.0,0.128,14,15,18,19,21
additive,394,2.0,0.1296,17,24,38,44,58
additive,395,2.0,0.0016200000000000003,1381,1660,2298,2572,3206
additive,396,2.0,0.00063,3552,4270,5913,6618,8251
additive,397,2.0,0.012960000000000003,129,141,170,183,211
additive,398,2.0,0.11340000000000003,19,23,31,34,42
additive,399,2.0,0.09,18,20,23,25,28
additive,400,2.0,0.056700000000000014,37,42,54,60,72
additive,401,2.0,0.04860000000000001,32,34,40,43,48
additive,402,2.0,0.11340000000000003,19,23,31,34,42
additive,403,2.0,0.072,54,64,86,96,118
additive,404,2.0,0.08099999999999999,22,24,29,31,36
additive,405,2.0,0.036,55,61,77,84,99
additive,406,2.0,0.006300000000000002,165,273,522,628,875
additive,407,2.0,0.04800000000000001,44,60,94,109,143
additive,408,2.0,1.4400000000000002e-06,,,,,
additive,409,2.0,0.07289999999999999,18,19,21,22,25
additive,410,2.0,0.11340000000000003,19,23,31,34,42
additive,411,2.0,0.21599999999999997,20,24,33,36,45
additive,412,2.0,0.0029160000000000006,488,519,591,622,693
additive,413,2.0,2.4000000000000003e-06,,,,,
additive,414,2.0,0.192,10,11,14,15,18
additive,415,2.0,0.0021870000000000006,518,521,527,529,535
additive,416,2.0,0.027000000000000007,81,102,150,171,219
additive,417,2.0,0.007200000000000001,63,66,74,304,1084
additive,418,2.0,0.10800000000000003,16,18,22,24,28
additive,419,2.0,0.11340000000000003,19,23,31,34,42
additive,420,2.0,0.0648,41,49,68,76,94
additive,421,2.0,0.48,3,3,4,4,4
additive,422,2.0,0.0216,136,148,177,189,218
additive,423,2.0,0.0324,29,131,259,306,411
additive,424,2.0,0.06300000000000001,34,40,52,57,70
additive,425,2.0,0.11340000000000003,19,23,31,34,42
additive,426,2.0,0.11340000000000003,19,23,31,34,42
additive,427,2.0,0.11340000000000003,19,23,31,34,42
additive,428,2.0,0.036,67,77,99,109,130
additive,429,2.0,0.18,31,34,41,44,52
additive,430,2.0,0.126,15,16,18,18,20
additive,431,2.0,0.009,192,304,548,651,889
additive,432,2.0,0.011340000000000003,184,251,400,463,609
additive,433,2.0,0.128,17,20,27,30,37
additive,434,2.0,0.07289999999999999,20,22,25,26,30
additive,435,2.0,1.4400000000000002e-06,,,,,
additive,436,2.0,0.040499999999999994,37,39,46,48,54
additive,437,2.0,0.0081,313,360,467,512,617
additive,438,2.0,0.036,73,77,84,87,95
additive,439,2.0,0.018,83,89,104,111,125
additive,440,2.0,0.00126,2018,2114,2336,2432,2654
additive,441,2.0,8.000000000000002e-07,,,,,
additive,442,2.0,0.012960000000000003,140,152,178,190,216
additive,443,2.0,0.1296,16,19,26,29,36
additive,444,2.0,0.126,15,16,18,18,20
additive,445,2.0,0.08099999999999999,22,24,30,32,37
additive,446,2.0,0.0018000000000000002,1092,1232,1556,1695,2018
additive,447,2.0,0.08,29,32,37,39,44
additive,448,2.0,0.11340000000000003,19,23,31,34,42
additive,449,2.0,0.009,201,217,253,269,305
additive,450,2.0,0.06300000000000001,28,36,58,67,89
additive,451,2.0,0.06300000000000001,27,30,36,39,45
additive,452,2.0,0.036,56,64,80,87,104
additive,453,2.0,0.0016200000000000003,1370,1632,2232,2489,3086
additive,454,2.0,0.09,23,26,32,35,42
additive,455,2.0,0.11340000000000003,19,23,31,34,42
additive,456,2.0,0.036,59,80,126,146,191
additive,457,2.0,0.036,45,48,55,58,65
additive,458,2.0,0.11340000000000003,19,23,31,34,42
additive,459,2.0,0.16,7,10,17,20,28
additive,460,2.0,0.6479999999999999,4,5,7,8,11
additive,461,2.0,0.019440000000000002,77,83,95,100,113
additive,462,2.0,0.08099999999999999,24,27,33,36,43
additive,463,2.0,0.028800000000000003,71,80,99,107,127
additive,464,2.0,0.11340000000000003,19,23,31,34,42
additive,465,2.0,0.11340000000000003,19,23,31,34,42
additive,466,2.0,9e-05,28767,32503,40964,44577,52945
additive,467,2.0,0.05400000000000001,83,92,110,118,136
additive,468,2.0,0.144,3,26,70,85,118
additive,469,2.0,0.0324,68,86,126,144,184
additive,470,2.0,3.0000000000000004e-07,,,,,
additive,471,2.0,0.0018900000000000004,2668,2843,3232,3396,3777
additive,472,2.0,1.4000000000000001e-06,,,,,
additive,473,2.0,0.11200000000000002,21,22,25,26,29
additive,474,2.0,0.006300000000000002,297,396,622,719,943
additive,475,2.0,0.045,42,46,56,60,70
additive,476,2.0,0.09,24,37,68,81,111
additive,477,2.0,0.567,15,16,20,22,25
additive,478,2.0,0.12600000000000003,15,16,18,19,22
additive,479,2.0,0.024300000000000006,185,206,254,274,321
additive,480,2.0,0.11340000000000003,19,23,31,34,42
additive,481,2.0,0.09720000000000002,29,31,37,40,46
additive,482,2.0,0.12600000000000003,16,18,23,24,29
additive,483,2.0,0.000972,2686,2778,2990,3082,3294
additive,484,2.0,0.0216,82,87,100,106,118
additive,485,2.0,0.11340000000000003,19,23,31,34,42
additive,486,2.0,0.0045,472,529,661,717,848
additive,487,2.0,0.11340000000000003,19,23,31,34,42
additive,488,2.0,0.0648,33,38,51,57,70
additive,489,2.0,0.036,30,38,55,63,81
additive,490,2.0,0.03888000000000001,70,81,106,116,140
additive,491,2.0,0.15,3,4,4,4,4
additive,492,2.0,0.072,30,36,49,55,68
additive,493,2.0,0.09,16,17,19,20,23
additive,494,2.0,0.12600000000000003,49,56,72,79,95
additive,495,2.0,0.036,59,71,99,111,138
additive,496,2.0,0.028800000000000003,77,92,127,142,177
additive,497,2.0,0.045,52,74,125,147,198
additive,498,2.0,0.06300000000000001,33,37,46,50,59
additive,499,2.0,0.06300000000000001,28,31,38,41,48
additive,500,2.0,0.024300000000000006,79,86,101,107,122
additive,501,2.0,0.045,49,58,80,90,112
additive,502,2.0,0.11340000000000003,19,23,31,34,42
additive,503,2.0,0.06300000000000001,27,29,34,36,41
additive,504,2.0,0.00036,746,13078,29451,35022,47372
additive,505,2.0,0.040499999999999994,37,39,46,48,54
additive,506,2.0,0.000324,3869,4048,4462,4641,5055
additive,507,2.0,0.0324,51,55,66,71,81
additive,508,2.0,0.06300000000000001,25,27,30,32,35
additive,509,2.0,0.11340000000000003,19,23,31,34,42
additive,510,2.0,0.00027,2944,2958,2988,3001,3031
additive,511,2.0,0.040499999999999994,40,43,49,51,57
additive,512,2.0,0.12600000000000003,17,19,25,27,33
additive,513,2.0,0.00216,178,189,3796,4028,4562
additive,514,2.0,0.126,33,34,36,37,39
additive,515,2.0,0.000972,1627,1686,1823,1881,2017
additive,516,2.0,1.0,0,0,0,0,0
additive,517,2.0,0.11340000000000003,19,23,31,34,42
additive,518,2.0,0.0324,53,55,59,61,65
additive,519,2.0,0.036449999999999996,27,28,323,482,863
additive,520,2.0,0.37799999999999995,3,4,7,8,11
additive,521,2.0,0.09,20,22,27,29,33
additive,522,2.0,0.06300000000000001,8,8,9,9,9
additive,523,2.0,0.045,75,85,109,119,143
additive,524,2.0,0.64,1,1,2,2,3
additive,525,2.0,1.2600000000000002e-06,,,,,
additive,526,2.0,0.004860000000000001,303,306,313,316,323
additive,527,2.0,0.072,30,36,49,55,68
additive,528,2.0,0.11340000000000003,15,16,19,20,22
additive,529,2.0,0.036,55,61,77,84,99
additive,530,2.0,0.014400000000000001,98,104,118,124,139
additive,531,2.0,0.00036,746,13078,29451,35022,47372
additive,532,2.0,0.0324,61,78,119,136,176
additive,533,2.0,0.64,3,4,6,7,10
additive,534,2.0,0.040499999999999994,54,136,326,401,572
additive,535,2.0,0.11340000000000003,19,23,31,34,42
additive,536,2.0,0.007200000000000001,354,408,529,580,699
additive,537,2.0,0.06300000000000001,33,39,53,58,72
additive,538,2.0,0.0032400000000000007,689,828,1146,1282,1599
additive,539,2.0,0.35,6,7,13,16,24
additive,540,2.0,1.4e-07,,,,,
additive,541,2.0,0.028800000000000003,50,53,61,65,72
additive,542,2.0,0.024300000000000006,185,206,254,274,321
additive,543,2.0,0.11340000000000003,19,23,31,34,42
additive,544,2.0,0.0324,111,127,163,179,214
additive,545,2.0,0.21600000000000003,8,9,11,12,15
additive,546,2.0,0.0252,5,6,8,9,12
additive,547,2.0,0.10800000000000003,19,22,30,33,40
additive,548,2.0,2.0000000000000003e-06,,,,,
additive,549,2.0,8.1e-05,12399,12524,12816,12941,13232
additive,550,2.0,0.0144,26,27,28,29,32
additive,551,2.0,0.05400000000000001,40,46,60,66,79
additive,552,2.0,0.64,3,4,6,7,10
additive,553,2.0,0.08099999999999999,22,24,30,32,37
additive,554,2.0,0.08099999999999999,20,21,24,26,29
additive,555,2.0,0.12600000000000003,16,18,22,23,27
additive,556,2.0,1.2600000000000002e-06,,,,,
additive,557,2.0,0.018,85,89,96,99,106
additive,558,2.0,0.009,183,198,234,249,284
additive,559,2.0,0.0009000000000000001,3031,3296,3892,4146,4735
additive,560,2.0,0.10800000000000003,9,31,80,100,144
additive,561,2.0,0.11340000000000003,19,23,31,34,42
additive,562,2.0,0.072,30,36,49,55,68
additive,563,2.0,0.64,3,4,6,7,10
additive,564,2.0,0.04860000000000001,26,39,70,83,114
additive,565,2.0,0.00216,575,605,675,706,776
additive,566,2.0,0.027000000000000007,49,68,112,131,175
additive,567,2.0,0.06300000000000001,25,27,30,32,35
additive,568,2.0,0.018900000000000007,187,207,252,271,315
additive,569,2.0,0.40499999999999997,4,5,6,7,8
additive,570,2.0,0.06300000000000001,30,32,38,41,47
additive,571,2.0,0.252,6,6,7,7,7
additive,572,2.0,0.10800000000000003,15,16,19,20,23
additive,573,2.0,0.007200000000000001,167,174,189,196,211
additive,574,2.0,0.024300000000000006,69,75,90,97,112
additive,575,2.0,0.32,7,9,14,17,22
additive,576,2.0,0.040499999999999994,44,49,60,64,75
additive,577,2.0,0.045,48,56,73,80,97
additive,578,2.0,0.54,3,4,5,6,8
additive,579,2.0,1.0,0,0,0,0,0
additive,580,2.0,0.11340000000000003,19,23,31,34,42
additive,581,2.0,0.11340000000000003,19,23,31,34,42
additive,582,2.0,0.21000000000000002,8,10,16,18,23
additive,583,2.0,0.028800000000000003,54,59,69,74,84
additive,584,2.0,0.252,5,8,13,15,20
additive,585,2.0,0.028800000000000003,64,80,117,133,170
additive,586,2.0,0.0027,715,761,866,911,1015
additive,587,2.0,0.040499999999999994,54,68,100,113,145
additive,588,2.0,0.00216,876,924,1033,1080,1189
additive,589,2.0,0.10080000000000003,17,18,21,22,25
additive,590,2.0,0.024300000000000006,52,80,143,171,234
additive,591,2.0,0.144,10,11,13,14,15
additive,592,2.0,1.0,0,0,0,0,0
additive,593,2.0,0.11340000000000003,19,23,31,34,42
additive,594,2.0,0.07289999999999999,20,22,24,26,28
additive,595,2.0,0.11200000000000002,19,23,31,34,42
additive,596,2.0,0.08099999999999999,25,29,37,40,48
additive,597,2.0,0.08,17,25,44,52,71
additive,598,2.0,0.0216,82,87,100,106,118
additive,599,2.0,0.1296,15,28,66,80,111
additive,600,2.0,0.05400000000000001,45,47,53,55,60
additive,601,2.0,0.126,15,16,18,18,20
additive,602,2.0,0.18,17,18,22,24,27
additive,603,2.0,0.0045,358,374,411,427,464
additive,604,2.0,0.12600000000000003,22,26,36,40,49
additive,605,2.0,0.009,130,133,140,143,150
additive,606,2.0,0.315,6,7,8,9,12
additive,607,2.0,0.252,8,9,13,15,18
additive,608,2.0,0.09,20,21,25,26,29
additive,609,2.0,0.0108,215,270,394,447,570
additive,610,2.0,0.012600000000000004,153,206,325,375,493
additive,611,2.0,0.11200000000000002,22,24,30,33,39
additive,612,2.0,1.0,0,0,0,0,0
additive,613,2.0,0.32399999999999995,9,10,13,14,17
additive,614,2.0,0.11340000000000003,19,23,31,34,42
additive,615,2.0,0.0014580000000000003,680,698,739,757,798
additive,616,2.0,0.11340000000000003,16,18,22,24,28
additive,617,2.0,0.040499999999999994,33,35,40,42,46
additive,618,2.0,0.040499999999999994,43,46,55,58,67
additive,619,2.0,0.0024300000000000003,1440,1612,1989,2148,2514
additive,620,2.0,0.036,37,39,43,44,48
additive,621,2.0,0.072,30,36,49,55,68
additive,622,2.0,0.315,6,7,8,9,12
additive,623,2.0,0.10080000000000003,11,13,19,21,27
additive,624,2.0,0.09,23,26,33,35,42
additive,625,2.0,8.000000000000002e-07,,,,,
additive,626,2.0,0.05400000000000001,41,49,67,75,93
additive,627,2.0,0.072,14,23,44,52,73
additive,628,2.0,0.0081,188,203,238,253,288
additive,629,2.0,0.11340000000000003,19,23,31,34,42
additive,630,2.0,0.027000000000000007,62,68,81,87,100
additive,631,2.0,0.028800000000000003,64,80,117,133,170
additive,632,2.0,0.012600000000000004,120,127,142,149,164
additive,633,2.0,0.000972,1307,1360,1483,1536,1659
additive,634,2.0,0.11340000000000003,19,23,31,34,42
additive,635,2.0,0.0018900000000000004,527,647,1009,1192,1638
additive,636,2.0,0.001296,1834,1924,2132,2222,2430
additive,637,2.0,0.144,6,37,45,48,55
additive,638,2.0,0.11200000000000002,19,23,31,34,42
additive,639,2.0,0.16,12,15,22,25,32
additive,640,2.0,1.12,1,14,17,18,21
additive,641,2.0,0.012600000000000004,142,157,192,208,243
additive,642,2.0,0.05400000000000001,40,46,60,66,79
additive,643,2.0,0.05400000000000001,40,46,60,66,79
additive,644,2.0,0.11340000000000003,19,23,31,34,42
additive,645,2.0,0.126,15,16,18,18,20
additive,646,2.0,9.000000000000001e-07,,,,,
additive,647,2.0,0.11340000000000003,19,23,31,34,42
additive,648,2.0,1.0,0,0,0,0,0
additive,649,2.0,0.11340000000000003,19,23,31,34,42
additive,650,2.0,0.36,4,4,5,5,5
additive,651,2.0,0.10800000000000003,17,19,22,23,26
additive,652,2.0,0.16,12,13,15,16,18
additive,653,2.0,9e-05,17108,18225,20807,21918,24496
additive,654,2.0,0.0081,218,237,281,300,343
additive,655,2.0,0.11340000000000003,19,23,31,34,42
additive,656,2.0,0.003645,443,454,481,492,518
additive,657,2.0,0.0324,62,70,88,97,115
additive,658,2.0,0.05400000000000001,32,34,37,38,41
additive,659,2.0,0.021600000000000005,25,28,34,37,147
additive,660,2.0,1.2600000000000002e-06,,,,,
additive,661,2.0,0.9600000000000002,1,1,2,2,2
additive,662,2.0,0.045,49,58,80,90,112
additive,663,2.0,0.144,14,18,30,36,49
additive,664,2.0,0.012960000000000003,148,193,295,338,440
additive,665,2.0,0.036,40,43,49,52,58
additive,666,2.0,0.06300000000000001,27,30,36,39,45
additive,667,2.0,1.8000000000000001e-06,,,,,
additive,668,2.0,0.00216,2224,2430,2903,3105,3575
additive,669,2.0,0.126,15,16,18,18,20
additive,0,5.0,0.00048000000000000007,6858,7090,7565,7761,8209
additive,1,5.0,0.00144,884,886,890,892,896
additive,2,5.0,1.0000000000000002e-06,,,,,
additive,3,5.0,0.0016800000000000003,2279,2511,2990,3188,3641
additive,4,5.0,8.000000000000002e-07,,,,,
additive,5,5.0,1.0000000000000002e-06,,,,,
additive,6,5.0,0.0162,223,239,271,284,314
additive,7,5.0,1.6000000000000004e-06,,,,,
additive,8,5.0,0.0016800000000000003,2279,2511,2990,3188,3641
additive,9,5.0,1.0,0,0,0,0,0
additive,10,5.0,0.0036000000000000003,490,497,511,517,531
additive,11,5.0,0.008,471,516,609,648,736
additive,12,5.0,2.7000000000000004e-06,,,,,
additive,13,5.0,0.00031500000000000007,24796,27445,32344,34296,38741
additive,14,5.0,0.016800000000000002,339,446,653,737,929
additive,15,5.0,0.0036000000000000003,467,468,469,469,471
additive,16,5.0,2.0000000000000003e-06,,,,,
additive,17,5.0,0.0016200000000000003,957,965,982,989,1005
additive,18,5.0,0.0072,769,1002,1447,1627,2037
additive,19,5.0,1.8e-05,,,,,
additive,20,5.0,7.000000000000001e-07,,,,,
additive,21,5.0,2.4000000000000003e-06,,,,,
additive,22,5.0,3.6000000000000003e-06,,,,,
additive,23,5.0,0.0009600000000000001,2257,2310,2420,2465,2569
additive,24,5.0,0.005600000000000001,525,547,595,615,660
additive,25,5.0,2.0000000000000003e-06,,,,,
additive,26,5.0,2.1870000000000002e-05,46268,46288,46331,46349,46390
additive,27,5.0,2.4000000000000003e-06,,,,,
additive,28,5.0,2.7000000000000004e-06,,,,,
additive,29,5.0,8.000000000000001e-06,,,,,
additive,30,5.0,0.0108,169,172,177,180,185
additive,31,5.0,0.24,11,13,18,20,25
additive,32,5.0,4.000000000000001e-07,,,,,
additive,33,5.0,1.6000000000000004e-06,,,,,
additive,34,5.0,0.0016800000000000003,2279,2511,2990,3188,3641
additive,35,5.0,0.00019440000000000004,11717,11743,11798,11821,11872
additive,36,5.0,0.0016800000000000003,2279,2511,2990,3188,3641
additive,37,5.0,0.00036,4353,4392,4475,4510,4587
additive,38,5.0,0.10080000000000003,14,22,47,60,92
additive,39,5.0,7.2e-05,36502,37914,40841,42049,44822
additive,40,5.0,0.0009000000000000001,2569,2653,2827,2899,3064
additive,41,5.0,0.001296,1700,1730,1793,1819,1878
additive,42,5.0,0.21600000000000003,23,27,36,39,48
additive,43,5.0,0.0016800000000000003,2279,2511,2990,3188,3641
additive,44,5.0,1.62e-05,59937,59940,59947,59950,59957
additive,45,5.0,0.00098,5528,7239,10516,11836,14852
additive,46,5.0,0.0006300000000000001,6428,8106,22123,31493,52698
additive,47,5.0,3.0000000000000005e-06,,,,,
additive,48,5.0,2.0000000000000003e-06,,,,,
additive,49,5.0,0.00014,22402,23200,24841,25516,27063
additive,50,5.0,0.007000000000000001,673,1005,1638,1893,2474
additive,51,5.0,6.000000000000001e-07,,,,,
additive,52,5.0,2.4300000000000005e-05,13485,13486,13487,13487,13489
additive,53,5.0,5.400000000000001e-06,,,,,
additive,54,5.0,2.7000000000000004e-06,,,,,
additive,55,5.0,0.000144,8874,8895,8940,8958,9000
additive,56,5.0,1.2000000000000002e-06,,,,,
additive,57,5.0,1.6000000000000004e-06,,,,,
additive,58,5.0,0.0004050000000000001,4150,4191,4277,4312,4392
additive,59,5.0,0.24299999999999997,51,61,80,88,105
additive,60,5.0,0.05400000000000001,93,128,199,228,293
additive,61,5.0,4.05e-06,,,,,
additive,62,5.0,7.000000000000001e-07,,,,,
additive,63,5.0,3.0000000000000005e-06,,,,,
additive,64,5.0,3.6000000000000005e-07,,,,,
additive,65,5.0,4.000000000000001e-06,,,,,
additive,66,5.0,5.000000000000001e-07,,,,,
additive,67,5.0,8.640000000000001e-05,19006,19096,19283,19361,19538
additive,68,5.0,0.0016800000000000003,2279,2511,2990,3188,3641
additive,69,5.0,8.000000000000002e-07,,,,,
additive,70,5.0,0.001152,3325,3664,4364,4653,5314
additive,71,5.0,9.000000000000001e-07,,,,,
additive,72,5.0,0.0004,12041,13828,17539,19072,22594
additive,73,5.0,0.0016800000000000003,2279,2511,2990,3188,3641
additive,74,5.0,0.00048000000000000007,4367,4448,4623,4697,4867
additive,75,5.0,9.000000000000001e-07,,,,,
additive,76,5.0,3.2000000000000007e-06,,,,,
additive,77,5.0,0.00016,11597,11665,11808,11867,12002
additive,78,5.0,0.00031500000000000007,12906,19376,32983,38634,51628
additive,79,5.0,6.299999999999999e-06,,,,,
additive,80,5.0,0.072,39,78,155,186,258
additive,81,5.0,1.4000000000000001e-06,,,,,
additive,82,5.0,1.0,0,0,0,0,0
additive,83,5.0,4.5e-06,,,,,
additive,84,5.0,0.00108,3396,3407,3430,3440,3462
additive,85,5.0,0.000288,4818,4844,4898,4920,4969
additive,86,5.0,0.0016800000000000003,2279,2511,2990,3188,3641
additive,87,5.0,0.00288,2673,3169,4160,4564,5490
additive,88,5.0,0.000324,3978,3989,4012,4021,4042
additive,89,5.0,0.000486,2914,2924,2946,2956,2976
additive,90,5.0,0.00014,15582,15944,16696,17006,17717
additive,91,5.0,0.00072,5162,5248,5425,5498,5665
additive,92,5.0,0.00032,17342,22587,32630,36679,45924
additive,93,5.0,0.012600000000000004,86,1078,1422,1546,2034
additive,94,5.0,3.6000000000000005e-07,,,,,
additive,95,5.0,0.0035000000000000005,1062,1736,3116,3679,4969
additive,96,5.0,0.0054,98,101,106,109,114
additive,97,5.0,0.00064,3490,3589,3795,3879,4075
additive,98,5.0,4.5000000000000003e-07,,,,,
additive,99,5.0,0.0016,3425,4474,6481,7290,9138
additive,100,5.0,0.0648,105,123,157,171,203
additive,101,5.0,6.299999999999999e-06,,,,,
additive,102,5.0,0.2592,18,32,61,73,100
additive,103,5.0,0.00064,5167,5553,6353,6682,7438
additive,104,5.0,0.00031500000000000007,12906,19376,32983,38634,51628
additive,105,5.0,1.4000000000000001e-06,,,,,
additive,106,5.0,4.5000000000000003e-07,,,,,
additive,107,5.0,6.000000000000001e-07,,,,,
additive,108,5.0,0.0016800000000000003,2279,2511,2990,3188,3641
additive,109,5.0,1.0000000000000002e-06,,,,,
additive,110,5.0,0.0016800000000000003,2279,2511,2990,3188,3641
additive,111,5.0,0.0064,632,697,833,890,1020
additive,112,5.0,4.5000000000000003e-07,,,,,
additive,113,5.0,0.00048000000000000007,9171,10309,12629,13581,15763
additive,114,5.0,0.00048000000000000007,11609,15105,21798,24496,30658
additive,115,5.0,0.0016800000000000003,2943,3582,4879,5411,6630
additive,116,5.0,0.0004,11461,13281,17006,18537,21938
additive,117,5.0,0.00018900000000000004,9218,9253,9326,9356,9425
additive,118,5.0,0.010080000000000002,187,212,985,1406,2364
additive,119,5.0,7.2e-05,26175,26633,27584,27977,28878
additive,120,5.0,0.00014,15203,15572,16339,16655,17382
additive,121,5.0,0.00064,2776,2817,2902,2937,3018
additive,122,5.0,3.240000000000001e-07,,,,,
additive,123,5.0,0.0016800000000000003,2279,2511,2990,3188,3641
additive,124,5.0,0.00032,4797,4838,4922,4957,5036
additive,125,5.0,0.000288,13289,14647,17445,18598,21242
additive,126,5.0,0.144,14,16,19,20,23
additive,127,5.0,0.0009000000000000001,4047,4332,4915,5154,5703
additive,128,5.0,1.8000000000000001e-06,,,,,
additive,129,5.0,7.000000000000001e-07,,,,,
additive,130,5.0,2.4000000000000004e-05,,,,,
additive,131,5.0,1.6000000000000003e-05,,,,,
additive,132,5.0,4.0500000000000004e-07,,,,,
additive,133,5.0,0.006300000000000002,229,230,231,232,234
additive,134,5.0,0.00014,15203,15572,16339,16655,17382
additive,135,5.0,5.000000000000001e-07,,,,,
additive,136,5.0,4.5000000000000003e-07,,,,,
additive,137,5.0,1.4000000000000001e-06,,,,,
additive,138,5.0,0.0054,586,624,703,736,810
additive,139,5.0,0.0019200000000000003,1085,1112,1167,1190,1243
additive,140,5.0,0.0009600000000000001,12560,14325,17193,18302,20703
additive,141,5.0,1.0,0,0,0,0,0
additive,142,5.0,0.0072,769,1002,1447,1627,2037
additive,143,5.0,0.0016800000000000003,2279,2511,2990,3188,3641
additive,144,5.0,1.4000000000000001e-06,,,,,
additive,145,5.0,6.999999999999999e-06,,,,,
additive,146,5.0,2.8,2,3,3,4,4
additive,147,5.0,3.6000000000000005e-07,,,,,
additive,148,5.0,6.000000000000001e-07,,,,,
additive,149,5.0,0.00016,11354,11403,11506,11549,11647
additive,150,5.0,5.400000000000001e-05,19762,19776,19807,19820,19849
additive,151,5.0,0.000972,2289,2351,2481,2534,2656
additive,152,5.0,2.4000000000000003e-06,,,,,
additive,153,5.0,4.5000000000000003e-07,,,,,
additive,154,5.0,0.00021600000000000005,6033,6047,6077,6089,6117
additive,155,5.0,0.00405,3129,3425,3985,4210,4725
additive,156,5.0,2.1000000000000002e-06,,,,,
additive,157,5.0,0.014400000000000001,126,139,165,175,203
additive,158,5.0,0.018900000000000007,247,277,338,364,422
additive,159,5.0,6.000000000000001e-07,,,,,
additive,160,5.0,3.0000000000000004e-05,,,,,
additive,161,5.0,4.5e-06,,,,,
additive,162,5.0,8.000000000000002e-07,,,,,
additive,163,5.0,0.072,68,90,136,155,199
additive,164,5.0,3.6e-05,,,,,
additive,165,5.0,0.0288,160,192,255,281,341
additive,166,5.0,0.028800000000000003,287,304,339,353,385
additive,167,5.0,0.012600000000000004,125,126,128,128,130
additive,168,5.0,7.000000000000001e-07,,,,,
additive,169,5.0,5.400000000000001e-07,,,,,
additive,170,5.0,0.0016800000000000003,2279,2511,2990,3188,3641
additive,171,5.0,0.0016800000000000003,2279,2511,2990,3188,3641
additive,172,5.0,4.5000000000000003e-07,,,,,
additive,173,5.0,0.0016,1931,2055,2312,2418,2662
additive,174,5.0,1.8000000000000001e-06,,,,,
additive,175,5.0,4e-05,36328,36445,36692,36795,37032
additive,176,5.0,9.600000000000002e-05,45997,46155,46499,46643,46977
additive,177,5.0,0.0016,2149,6130,11601,13594,18050
additive,178,5.0,1.0,0,0,0,0,0
additive,179,5.0,4.000000000000001e-06,,,,,
additive,180,5.0,1.4000000000000001e-06,,,,,
additive,181,5.0,3.6000000000000003e-06,,,,,
additive,182,5.0,0.0016800000000000003,2279,2511,2990,3188,3641
additive,183,5.0,0.000216,21208,24435,31022,33727,39930
additive,184,5.0,4.3200000000000007e-05,38235,38569,39279,39575,40257
additive,185,5.0,6.000000000000001e-06,,,,,
additive,186,5.0,6.0,1,1,2,3,4
additive,187,5.0,0.00144,1418,1432,1461,1474,1502
additive,188,5.0,1.2000000000000002e-05,,,,,
additive,189,5.0,2.4000000000000003e-06,,,,,
additive,190,5.0,0.0045,363,366,370,372,376
additive,191,5.0,2.0000000000000003e-06,,,,,
additive,192,5.0,0.00049,1466,1469,1477,1481,1489
additive,193,5.0,2.8,2,3,3,4,4
additive,194,5.0,0.00031500000000000007,18821,20758,24515,26032,29498
additive,195,5.0,0.001008,4319,4867,5988,6449,7504
additive,196,5.0,0.0064,587,643,758,805,913
additive,197,5.0,0.12000000000000002,0,0,57,58,61
additive,198,5.0,0.0072,769,1002,1447,1627,2037
additive,199,5.0,0.0016800000000000003,2279,2511,2990,3188,3641
additive,200,5.0,0.00025600000000000004,21867,28289,40684,45697,57154
additive,201,5.0,0.00063,1956,1957,1959,1960,1962
additive,202,5.0,0.000648,2373,2393,2434,2451,2491
additive,203,5.0,1.0800000000000002e-06,,,,,
additive,204,5.0,0.00014,15582,15944,16696,17006,17717
additive,205,5.0,0.0016800000000000003,2279,2511,2990,3188,3641
additive,206,5.0,0.00031500000000000007,17302,22629,32827,36938,46326
additive,207,5.0,0.0036000000000000003,490,497,511,517,531
additive,208,5.0,1.8000000000000001e-06,,,,,
additive,209,5.0,0.000504,1405,2689,6011,7488,10943
additive,210,5.0,0.018,210,229,270,286,325
additive,211,5.0,5.400000000000001e-07,,,,,
additive,212,5.0,0.0016800000000000003,2279,2511,2990,3188,3641
additive,213,5.0,1.0000000000000002e-06,,,,,
additive,214,5.0,7.2e-05,30126,30868,32413,33052,34518
additive,215,5.0,0.00048000000000000007,6858,7090,7565,7761,8209
additive,216,5.0,0.004,1365,1785,2590,2914,3655
additive,217,5.0,5e-06,,,,,
additive,218,5.0,5.0,1,1,2,2,3
additive,219,5.0,0.004200000000000001,882,1068,3904,5537,9223
additive,220,5.0,0.0036000000000000003,490,497,511,517,531
additive,221,5.0,0.000144,19141,20047,21920,22693,24465
additive,222,5.0,0.000144,15310,15662,16391,16691,17380
additive,223,5.0,0.0018900000000000004,847,855,873,881,898
additive,224,5.0,1.0,0,0,0,0,0
additive,225,5.0,0.00216,3081,3270,3672,3840,4227
additive,226,5.0,0.04800000000000001,252,297,384,419,498
additive,227,5.0,0.00011339999999999998,35019,36316,38963,40048,42536
additive,228,5.0,0.0016800000000000003,2279,2511,2990,3188,3641
additive,229,5.0,7.2e-05,26251,26371,26623,26727,26966
additive,230,5.0,2.7000000000000004e-06,,,,,
additive,231,5.0,0.000576,3651,3744,3938,4018,4201
additive,232,5.0,0.09,30,32,34,35,37
additive,233,5.0,2.1870000000000002e-05,46268,46288,46331,46349,46390
additive,234,5.0,6.000000000000001e-07,,,,,
additive,235,5.0,2.4000000000000003e-06,,,,,
additive,236,5.0,0.00128,1716,1755,1838,1872,1950
additive,237,5.0,0.0162,117,119,123,125,128
additive,238,5.0,0.00036,10633,11719,13958,14880,16996
additive,239,5.0,0.0016800000000000003,1714,3424,6779,8138,11244
additive,240,5.0,7.000000000000001e-07,,,,,
additive,241,5.0,6.299999999999999e-06,,,,,
additive,242,5.0,5.000000000000001e-07,,,,,
additive,243,5.0,0.00025600000000000004,14280,15284,17342,18188,20127
additive,244,5.0,0.0016800000000000003,2279,2511,2990,3188,3641
additive,245,5.0,3.6000000000000005e-07,,,,,
additive,246,5.0,0.00072,3024,3094,3240,3300,3438
additive,247,5.0,6.400000000000001e-05,20271,20336,20473,20530,20660
additive,248,5.0,1.2000000000000002e-05,52977,53006,53068,53112,
additive,249,5.0,0.0036000000000000003,754,757,763,765,771
additive,250,5.0,0.18,23,26,31,34,39
additive,251,5.0,0.00032,4797,4838,4922,4957,5036
additive,252,5.0,0.049,19,19,20,21,22
additive,253,5.0,0.0016800000000000003,2279,2511,2990,3188,3641
additive,254,5.0,8.000000000000002e-07,,,,,
additive,255,5.0,0.00012800000000000002,22370,23169,24844,25539,27135
additive,256,5.0,0.00014,15203,15572,16339,16655,17382
additive,257,5.0,0.000144,26581,29297,34896,37201,42491
additive,258,5.0,2.7000000000000004e-06,,,,,
additive,259,5.0,3.0000000000000005e-06,,,,,
additive,260,5.0,0.00405,1132,1311,1678,1829,2175
additive,261,5.0,0.0072,769,1002,1447,1627,2037
additive,262,5.0,0.0048000000000000004,921,1035,1269,1364,1584
additive,263,5.0,0.0016800000000000003,2279,2511,2990,3188,3641
additive,264,5.0,1.0,0,0,0,0,0
additive,265,5.0,0.0008100000000000002,1373,1374,1376,1377,1379
additive,266,5.0,8.000000000000001e-06,,,,,
additive,267,5.0,8.000000000000002e-07,,,,,
additive,268,5.0,3.0000000000000005e-06,,,,,
additive,269,5.0,3.5e-05,43766,44134,44898,45213,45937
additive,270,5.0,0.0004,7217,7578,8342,8659,9390
additive,271,5.0,0.000504,7605,8383,9988,10648,12164
additive,272,5.0,1.0800000000000002e-05,,,,,
additive,273,5.0,0.00016,11974,12048,12202,12265,12411
additive,274,5.0,0.011200000000000002,297,348,472,956,3004
additive,275,5.0,0.0016800000000000003,2279,2511,2990,3188,3641
additive,276,5.0,6.999999999999999e-06,,,,,
additive,277,5.0,0.00256,1095,1147,1254,1298,1399
additive,278,5.0,0.00128,1830,1892,2024,2079,2205
additive,279,5.0,1.6000000000000003e-07,,,,,
additive,280,5.0,0.0016800000000000003,2279,2511,2990,3188,3641
additive,281,5.0,3.0000000000000005e-06,,,,,
additive,282,5.0,1.0800000000000002e-06,,,,,
additive,283,5.0,0.0016800000000000003,2279,2511,2990,3188,3641
additive,284,5.0,0.0054,98,101,106,109,114
additive,285,5.0,8.000000000000002e-07,,,,,
additive,286,5.0,0.000567,2611,2612,2615,2616,2618
additive,287,5.0,4.000000000000001e-07,,,,,
additive,288,5.0,5.000000000000001e-07,,,,,
additive,289,5.0,4.5e-06,,,,,
additive,290,5.0,3.6000000000000005e-07,,,,,
additive,291,5.0,1.2000000000000002e-06,,,,,
additive,292,5.0,7.2e-05,33797,34120,34791,35067,35701
additive,293,5.0,0.144,35,54,89,102,133
additive,294,5.0,0.004860000000000001,363,364,365,366,367
additive,295,5.0,0.0004,8171,8449,9021,9256,9795
additive,296,5.0,0.007200000000000001,235,236,239,240,242
additive,297,5.0,7.2e-05,29895,30606,32084,32693,34092
additive,298,5.0,0.0009000000000000001,1270,1271,1273,1273,1275
additive,299,5.0,0.00126,1719,1759,1842,1877,1956
additive,300,5.0,0.00032,6878,7068,7462,7624,7997
additive,301,5.0,0.0016800000000000003,2279,2511,2990,3188,3641
additive,302,5.0,0.00072,5162,5248,5425,5498,5665
additive,303,5.0,0.0004050000000000001,3227,3238,3261,3270,3292
additive,304,5.0,0.0004,10450,16821,28968,33861,45032
additive,305,5.0,0.10800000000000003,35,38,45,47,53
additive,306,5.0,0.0016800000000000003,2279,2511,2990,3188,3641
additive,307,5.0,1.8000000000000001e-06,,,,,
additive,308,5.0,3.2400000000000003e-06,,,,,
additive,309,5.0,1.6,2,2,4,6,16
additive,310,5.0,0.0016800000000000003,2279,2511,2990,3188,3641
additive,311,5.0,1.2000000000000002e-06,,,,,
additive,312,5.0,0.144,32,38,51,56,67
additive,313,5.0,0.00032,4797,4838,4922,4957,5036
additive,314,5.0,4e-05,,,,,
additive,315,5.0,2.7000000000000004e-06,,,,,
additive,316,5.0,0.00021000000000000004,10434,10675,11174,11380,11852
additive,317,5.0,0.001152,3338,3679,4381,4671,5334
additive,318,5.0,0.007200000000000001,463,495,562,590,652
additive,319,5.0,9.000000000000001e-07,,,,,
additive,320,5.0,0.00112,3366,3687,4362,4642,5286
additive,321,5.0,0.005670000000000001,534,567,634,662,726
additive,322,5.0,4e-05,37713,37907,38312,38480,38863
additive,323,5.0,1.0800000000000002e-06,,,,,
additive,324,5.0,0.000216,9082,9258,9621,9771,10114
additive,325,5.0,0.2592,18,32,61,73,100
additive,326,5.0,0.00064,5167,5553,6353,6682,7438
additive,327,5.0,6.999999999999999e-06,,,,,
additive,328,5.0,4.5000000000000003e-07,,,,,
additive,329,5.0,0.000144,26578,29294,34892,37197,42485
additive,330,5.0,1.2600000000000002e-06,,,,,
additive,331,5.0,3.0000000000000005e-06,,,,,
additive,332,5.0,0.006300000000000002,224,225,227,228,230
additive,333,5.0,1.0,0,0,0,0,0
additive,334,5.0,0.2592,18,32,61,73,100
additive,335,5.0,5.400000000000001e-06,,,,,
additive,336,5.0,8.000000000000001e-06,,,,,
additive,337,5.0,7.2e-05,42689,43478,45124,45805,47369
additive,338,5.0,1.0,0,0,0,0,0
additive,339,5.0,0.000144,26635,29359,34975,37288,42595
additive,340,5.0,0.00016,12597,12659,12789,12843,12967
additive,341,5.0,1.2600000000000002e-06,,,,,
additive,342,5.0,0.005670000000000001,395,406,429,439,460
additive,343,5.0,6.000000000000001e-06,,,,,
additive,344,5.0,0.0648,54,55,57,58,60
additive,345,5.0,1.8000000000000001e-06,,,,,
additive,346,5.0,0.000243,7967,7968,7970,7971,7974
additive,347,5.0,4.000000000000001e-07,,,,,
additive,348,5.0,0.2592,18,32,61,73,100
additive,349,5.0,0.00064,19791,22551,28217,30550,35904
additive,350,5.0,3.15e-05,47569,47813,48319,48528,49008
additive,351,5.0,1e-05,37151,,,,
additive,352,5.0,0.0004050000000000001,3136,3144,3161,3169,3185
additive,353,5.0,0.0016800000000000003,2279,2511,2990,3188,3641
additive,354,5.0,8.000000000000002e-07,,,,,
additive,355,5.0,7.200000000000001e-07,,,,,
additive,356,5.0,0.00024000000000000003,15949,17579,20938,22321,25494
additive,357,5.0,1.0000000000000002e-06,,,,,
additive,358,5.0,0.00128,1716,1755,1838,1872,1950
additive,359,5.0,0.064,97,140,232,271,361
additive,360,5.0,0.000324,5412,5488,5646,5712,5861
additive,361,5.0,2.7000000000000004e-06,,,,,
additive,362,5.0,0.0009000000000000001,1270,1271,1273,1273,1275
additive,363,5.0,8.000000000000002e-07,,,,,
additive,364,5.0,0.045,58,60,65,67,72
additive,365,5.0,1.0000000000000002e-06,,,,,
additive,366,5.0,1.2600000000000002e-07,,,,,
additive,367,5.0,0.0025200000000000005,2199,2601,3385,3704,4431
additive,368,5.0,0.007200000000000001,443,458,490,503,533
additive,369,5.0,0.000144,26581,29297,34896,37201,42491
additive,370,5.0,0.000486,2381,2384,2389,2391,2395
additive,371,5.0,7.000000000000001e-07,,,,,
additive,372,5.0,0.2592,18,32,61,73,100
additive,373,5.0,0.00031500000000000007,12906,19376,32983,38634,51628
additive,374,5.0,7.2e-05,20068,20087,20126,20142,20179
additive,375,5.0,4.000000000000001e-07,,,,,
additive,376,5.0,6.999999999999999e-06,,,,,
additive,377,5.0,1.8e-05,,,,,
additive,378,5.0,2.1600000000000005e-06,,,,,
additive,379,5.0,0.000972,2257,2276,2315,2331,2367
additive,380,5.0,0.00056,10267,10923,12249,12791,14033
additive,381,5.0,2.4000000000000003e-06,,,,,
additive,382,5.0,6.300000000000001e-07,,,,,
additive,383,5.0,5.599999999999999e-05,27621,27864,28372,28582,29064
additive,384,5.0,1.6000000000000003e-05,,,,,
additive,385,5.0,5.599999999999999e-05,40095,40372,40970,41221,41799
additive,386,5.0,0.0004050000000000001,3398,3408,3429,3438,3458
additive,387,5.0,2.1000000000000002e-06,,,,,
additive,388,5.0,0.0016800000000000003,2279,2511,2990,3188,3641
additive,389,5.0,1.0000000000000002e-06,,,,,
additive,390,5.0,0.00128,2251,2364,2599,2696,2911
additive,391,5.0,0.00288,1282,1420,1700,1815,2079
additive,392,5.0,0.0001296,17622,17669,17765,17804,17895
additive,393,5.0,0.008748000000000002,187,188,191,192,195
additive,394,5.0,0.0063,1003,1281,1817,2034,2529
additive,395,5.0,6.000000000000001e-07,,,,,
additive,396,5.0,3.2000000000000006e-07,,,,,
additive,397,5.0,2.7000000000000004e-06,,,,,
additive,398,5.0,0.0016800000000000003,2279,2511,2990,3188,3641
additive,399,5.0,0.0016200000000000003,951,959,976,984,1000
additive,400,5.0,0.00049,5251,5473,5935,6126,6563
additive,401,5.0,0.00063,2106,2114,2131,2138,2155
additive,402,5.0,0.0016800000000000003,2279,2511,2990,3188,3641
additive,403,5.0,0.00216,2323,2439,2684,2786,3021
additive,404,5.0,0.001944,874,879,892,897,909
additive,405,5.0,0.00014,15203,15572,16339,16655,17382
additive,406,5.0,6.000000000000001e-07,,,,,
additive,407,5.0,0.00064,8664,11287,16311,18336,22960
additive,408,5.0,1.2600000000000002e-06,,,,,
additive,409,5.0,0.0017496,638,639,639,640,640
additive,410,5.0,0.0016800000000000003,2279,2511,2990,3188,3641
additive,411,5.0,0.0036,2127,2344,2791,2975,3398
additive,412,5.0,1.4000000000000001e-06,,,,,
additive,413,5.0,4.000000000000001e-07,,,,,
additive,414,5.0,0.036,60,62,64,66,68
additive,415,5.0,9.000000000000001e-07,,,,,
additive,416,5.0,2e-05,,,,,
additive,417,5.0,1.2600000000000002e-06,,,,,
additive,418,5.0,0.0036000000000000003,490,497,511,517,531
additive,419,5.0,0.0016800000000000003,2279,2511,2990,3188,3641
additive,420,5.0,0.0007,6317,6864,7968,8420,9456
additive,421,5.0,0.2,12,12,12,13,14
additive,422,5.0,7.2e-05,42960,43804,45555,46277,47934
additive,423,5.0,2.1600000000000003e-05,37050,,,,
additive,424,5.0,0.00056,4926,5165,5669,5878,6358
additive,425,5.0,0.0016800000000000003,2279,2511,2990,3188,3641
additive,426,5.0,0.0016800000000000003,2279,2511,2990,3188,3641
additive,427,5.0,0.0016800000000000003,2279,2511,2990,3188,3641
additive,428,5.0,0.0004,7641,7934,8539,8788,9360
additive,429,5.0,0.0036000000000000003,1510,1537,1592,1615,1667
additive,430,5.0,0.0036000000000000003,467,468,469,469,471
additive,431,5.0,1.4000000000000001e-06,,,,,
additive,432,5.0,3.0000000000000005e-06,,,,,
additive,433,5.0,0.0081,465,509,599,636,721
additive,434,5.0,0.001134,1133,1136,1144,1147,1155
additive,435,5.0,1.0000000000000002e-06,,,,,
additive,436,5.0,0.00016,8124,8151,8206,8229,8282
additive,437,5.0,2.4000000000000003e-06,,,,,
additive,438,5.0,0.00010800000000000002,24053,24155,24364,24451,24650
additive,439,5.0,2.4000000000000003e-06,,,,,
additive,440,5.0,1.2000000000000002e-06,,,,,
additive,441,5.0,2.4300000000000005e-07,,,,,
additive,442,5.0,2.7000000000000004e-06,,,,,
additive,443,5.0,0.0064,604,666,794,847,969
additive,444,5.0,0.0036000000000000003,467,468,469,469,471
additive,445,5.0,0.0027,653,662,681,689,707
additive,446,5.0,4.000000000000001e-07,,,,,
additive,447,5.0,0.0016200000000000003,1247,1256,1274,1282,1300
additive,448,5.0,0.0016800000000000003,2279,2511,2990,3188,3641
additive,449,5.0,2.7000000000000004e-06,,,,,
additive,450,5.0,0.00098,5072,6726,9902,11183,14111
additive,451,5.0,0.0004,3912,3949,4025,4057,4130
additive,452,5.0,0.00012800000000000002,17283,17756,18738,19143,20072
additive,453,5.0,8.000000000000002e-07,,,,,
additive,454,5.0,0.00128,1716,1755,1838,1872,1950
additive,455,5.0,0.0016800000000000003,2279,2511,2990,3188,3641
additive,456,5.0,3.0000000000000004e-05,,,,,
additive,457,5.0,8e-05,17982,18048,18185,18242,18372
additive,458,5.0,0.0016800000000000003,2279,2511,2990,3188,3641
additive,459,5.0,0.016800000000000002,129,252,617,766,1108
additive,460,5.0,0.37799999999999995,6,8,15,18,42
additive,461,5.0,2.4300000000000005e-06,,,,,
additive,462,5.0,0.00128,1652,1693,1777,1812,1892
additive,463,5.0,0.00012800000000000002,16830,17226,18045,18383,19159
additive,464,5.0,0.0016800000000000003,2279,2511,2990,3188,3641
additive,465,5.0,0.0016800000000000003,2279,2511,2990,3188,3641
additive,466,5.0,4.5000000000000003e-07,,,,,
additive,467,5.0,0.00016800000000000002,27968,28648,30036,30604,31907
additive,468,5.0,0.0036,149,3749,5216,5744,6922
additive,469,5.0,0.000216,22993,27299,35994,39553,47708
additive,470,5.0,3.0000000000000004e-07,,,,,
additive,471,5.0,2.0000000000000003e-06,,,,,
additive,472,5.0,4.5000000000000003e-07,,,,,
additive,473,5.0,0.0024300000000000003,1017,1025,1043,1050,1067
additive,474,5.0,9.000000000000001e-07,,,,,
additive,475,5.0,0.00032,5577,5656,5821,5889,6044
additive,476,5.0,0.0025200000000000005,2199,3965,7253,8563,11544
additive,477,5.0,0.09720000000000002,104,108,118,122,131
additive,478,5.0,0.007200000000000001,223,224,226,226,228
additive,479,5.0,0.000144,31739,32430,33884,34487,35875
additive,480,5.0,0.0016800000000000003,2279,2511,2990,3188,3641
additive,481,5.0,0.0009000000000000001,2934,2963,3024,3050,3108
additive,482,5.0,0.004860000000000001,460,472,498,508,533
additive,483,5.0,3.0000000000000005e-06,,,,,
additive,484,5.0,8.640000000000001e-05,19006,19096,19283,19361,19538
additive,485,5.0,0.0016800000000000003,2279,2511,2990,3188,3641
additive,486,5.0,8.000000000000002e-07,,,,,
additive,487,5.0,0.0016800000000000003,2279,2511,2990,3188,3641
additive,488,5.0,0.000864,3618,3856,4350,4554,5022
additive,489,5.0,0.00056,4974,6369,9247,10428,13136
additive,490,5.0,0.00072,4372,4565,4963,5127,5503
additive,491,5.0,0.03600000000000001,21,21,23,24,26
additive,492,5.0,0.001152,3325,3664,4364,4653,5314
additive,493,5.0,0.0021870000000000006,578,580,583,584,586
additive,494,5.0,0.0009600000000000001,5937,6060,6326,6438,6696
additive,495,5.0,0.0004,9671,10675,12752,13608,15574
additive,496,5.0,0.000126,30375,33478,39875,42510,48553
additive,497,5.0,5.4e-05,,,,,
additive,498,5.0,0.00021000000000000004,10434,10675,11174,11380,11852
additive,499,5.0,0.00056,3131,3176,3269,3307,3395
additive,500,5.0,3.6e-05,44702,44862,45207,45352,45686
additive,501,5.0,0.00036,10633,11719,13958,14880,16996
additive,502,5.0,0.0016800000000000003,2279,2511,2990,3188,3641
additive,503,5.0,0.00108,1493,1503,1524,1533,1553
additive,504,5.0,5.000000000000001e-07,,,,,
additive,505,5.0,0.00016,8124,8151,8206,8229,8282
additive,506,5.0,1.4000000000000001e-06,,,,,
additive,507,5.0,9.600000000000002e-05,15958,16092,16371,16486,16750
additive,508,5.0,0.0018900000000000004,903,904,907,909,911
additive,509,5.0,0.0016800000000000003,2279,2511,2990,3188,3641
additive,510,5.0,1.2600000000000002e-06,,,,,
additive,511,5.0,0.0004050000000000001,3398,3408,3429,3438,3458
additive,512,5.0,0.0019200000000000003,1434,1502,1642,1700,1832
additive,513,5.0,6.300000000000001e-07,,,,,
additive,514,5.0,0.0081,494,495,496,497,499
additive,515,5.0,9.000000000000001e-07,,,,,
additive,516,5.0,1.0,0,0,0,0,0
additive,517,5.0,0.0016800000000000003,2279,2511,2990,3188,3641
additive,518,5.0,0.00021600000000000005,6861,6868,6881,6886,6899
additive,519,5.0,1.8e-05,54641,,,,
additive,520,5.0,0.288,11,20,39,46,63
additive,521,5.0,0.00144,1224,1242,1278,1294,1328
additive,522,5.0,0.0054,98,101,106,109,114
additive,523,5.0,0.000126,30471,31558,33805,34731,36855
additive,524,5.0,0.96,3,3,4,4,4
additive,525,5.0,5.400000000000001e-07,,,,,
additive,526,5.0,2.4000000000000003e-06,,,,,
additive,527,5.0,0.001152,3325,3664,4364,4653,5314
additive,528,5.0,0.0045,363,366,370,372,376
additive,529,5.0,0.00014,15203,15572,16339,16655,17382
additive,530,5.0,2.1000000000000002e-06,,,,,
additive,531,5.0,5.000000000000001e-07,,,,,
additive,532,5.0,0.0004,12355,15280,21181,23598,29135
additive,533,5.0,0.2592,18,32,61,73,100
additive,534,5.0,4e-05,48007,48917,,,
additive,535,5.0,0.0016800000000000003,2279,2511,2990,3188,3641
additive,536,5.0,3.0000000000000005e-06,,,,,
additive,537,5.0,0.000432,7168,7687,8751,9187,10188
additive,538,5.0,7.000000000000001e-07,,,,,
additive,539,5.0,0.11200000000000002,33,85,194,233,321
additive,540,5.0,1.4e-07,,,,,
additive,541,5.0,4e-05,31680,31762,31933,32004,32166
additive,542,5.0,0.000144,31739,32430,33884,34487,35875
additive,543,5.0,0.0016800000000000003,2279,2511,2990,3188,3641
additive,544,5.0,0.000126,34524,35829,38600,39754,42410
additive,545,5.0,0.0324,59,60,62,62,64
additive,546,5.0,0.028000000000000004,13,16,22,25,32
additive,547,5.0,0.00288,1058,1124,1262,1318,1448
additive,548,5.0,3.0000000000000004e-07,,,,,
additive,549,5.0,1.4400000000000002e-06,,,,,
additive,550,5.0,9.720000000000002e-05,4121,4122,4123,4124,4125
additive,551,5.0,0.0004,6880,7206,7882,8161,8800
additive,552,5.0,0.2592,18,32,61,73,100
additive,553,5.0,0.001296,1359,1378,1419,1436,1474
additive,554,5.0,0.0027,508,510,513,514,517
additive,555,5.0,0.0019200000000000003,1132,1158,1213,1235,1286
additive,556,5.0,4.5000000000000003e-07,,,,,
additive,557,5.0,6.299999999999999e-05,24056,24080,24128,24148,24193
additive,558,5.0,2.4000000000000003e-06,,,,,
additive,559,5.0,6.300000000000001e-07,,,,,
additive,560,5.0,0.0021000000000000003,415,419,15859,19617,27630
additive,561,5.0,0.0016800000000000003,2279,2511,2990,3188,3641
additive,562,5.0,0.001152,3326,3666,4367,4656,5318
additive,563,5.0,0.2592,18,32,61,73,100
additive,564,5.0,0.0012600000000000003,1892,4228,8927,10839,15214
additive,565,5.0,1.8000000000000001e-06,,,,,
additive,566,5.0,0.00031500000000000007,12906,19376,32983,38634,51628
additive,567,5.0,0.0018900000000000004,903,904,907,909,911
additive,568,5.0,5e-06,,,,,
additive,569,5.0,0.10800000000000003,25,26,27,28,30
additive,570,5.0,0.00063,3246,3275,3337,3363,3422
additive,571,5.0,0.042,38,38,41,42,45
additive,572,5.0,0.005040000000000001,277,278,281,282,284
additive,573,5.0,2.0000000000000003e-06,,,,,
additive,574,5.0,6.400000000000001e-05,23975,24178,24600,24775,25175
additive,575,5.0,0.10800000000000003,58,71,94,104,125
additive,576,5.0,0.00014,12517,12697,13070,13223,13576
additive,577,5.0,0.00032,8651,9061,9912,10263,11068
additive,578,5.0,0.576,9,11,16,18,22
additive,579,5.0,1.0,0,0,0,0,0
additive,580,5.0,0.0016800000000000003,2279,2511,2990,3188,3641
additive,581,5.0,0.0016800000000000003,2279,2511,2990,3188,3641
additive,582,5.0,0.064,82,107,157,177,222
additive,583,5.0,4e-05,33963,34123,34457,34596,34913
additive,584,5.0,0.04320000000000001,68,134,264,316,436
additive,585,5.0,0.00048000000000000007,12373,15225,21152,23608,29254
additive,586,5.0,1.2000000000000002e-06,,,,,
additive,587,5.0,0.00031500000000000007,15729,18682,24644,27085,32677
additive,588,5.0,1.0000000000000002e-06,,,,,
additive,589,5.0,0.004860000000000001,310,311,313,314,316
additive,590,5.0,1.8e-05,,,,,
additive,591,5.0,0.009720000000000001,146,147,148,149,150
additive,592,5.0,1.0,0,0,0,0,0
additive,593,5.0,0.0016800000000000003,2279,2511,2990,3188,3641
additive,594,5.0,0.0017010000000000005,754,755,758,759,761
additive,595,5.0,0.0048000000000000004,778,851,1004,1066,1210
additive,596,5.0,0.00112,2109,2182,2335,2399,2544
additive,597,5.0,0.004200000000000001,707,1393,2738,3282,4527
additive,598,5.0,8.640000000000001e-05,19006,19096,19283,19361,19538
additive,599,5.0,0.014400000000000001,392,808,1215,1363,1695
additive,600,5.0,0.00036,9903,9937,10008,10038,10105
additive,601,5.0,0.0036000000000000003,467,468,469,469,471
additive,602,5.0,0.014400000000000001,270,283,311,322,348
additive,603,5.0,2.4000000000000003e-06,,,,,
additive,604,5.0,0.0048000000000000004,930,1009,1168,1234,1383
additive,605,5.0,2.0000000000000003e-06,,,,,
additive,606,5.0,0.09,30,32,34,35,37
additive,607,5.0,0.045,98,114,146,160,190
additive,608,5.0,0.0045,338,339,341,342,344
additive,609,5.0,5e-06,,,,,
additive,610,5.0,4.000000000000001e-06,,,,,
additive,611,5.0,0.009,302,311,330,338,357
additive,612,5.0,1.0,0,0,0,0,0
additive,613,5.0,0.09720000000000002,33,34,36,37,38
additive,614,5.0,0.0016800000000000003,2279,2511,2990,3188,3641
additive,615,5.0,1.6000000000000004e-06,,,,,
additive,616,5.0,0.00405,446,453,468,474,488
additive,617,5.0,0.00036,3339,3345,3359,3365,3378
additive,618,5.0,0.00016,9950,10028,10192,10260,10417
additive,619,5.0,7.000000000000001e-07,,,,,
additive,620,5.0,0.00054,2110,2113,2120,2122,2129
additive,621,5.0,0.001152,3338,3679,4381,4671,5334
additive,622,5.0,0.09,30,32,34,35,37
additive,623,5.0,0.0128,194,225,298,384,893
additive,624,5.0,0.0018900000000000004,1187,1219,1286,1314,1377
additive,625,5.0,1.6000000000000003e-07,,,,,
additive,626,5.0,0.00024000000000000003,15946,17575,20933,22315,25488
additive,627,5.0,0.00288,442,1472,3636,4525,6561
additive,628,5.0,2.1000000000000002e-06,,,,,
additive,629,5.0,0.0016800000000000003,2279,2511,2990,3188,3641
additive,630,5.0,4e-05,45957,46337,47144,47480,48254
additive,631,5.0,0.00048000000000000007,12373,15225,21152,23608,29254
additive,632,5.0,2.4000000000000003e-06,,,,,
additive,633,5.0,9.000000000000001e-07,,,,,
additive,634,5.0,0.0016800000000000003,2279,2511,2990,3188,3641
additive,635,5.0,5.400000000000001e-07,,,,,
additive,636,5.0,2.4000000000000003e-06,,,,,
additive,637,5.0,1e-05,,,,,
additive,638,5.0,0.0048000000000000004,778,851,1004,1066,1210
additive,639,5.0,0.0162,306,374,511,567,696
additive,640,5.0,0.32399999999999995,44,47,53,55,61
additive,641,5.0,3.0000000000000005e-06,,,,,
additive,642,5.0,0.0004,6880,7206,7882,8161,8800
additive,643,5.0,0.0004,6880,7206,7882,8161,8800
additive,644,5.0,0.0016800000000000003,2279,2511,2990,3188,3641
additive,645,5.0,0.0036000000000000003,467,468,469,469,471
additive,646,5.0,8.000000000000002e-07,,,,,
additive,647,5.0,0.0016800000000000003,2279,2511,2990,3188,3641
additive,648,5.0,1.0,0,0,0,0,0
additive,649,5.0,0.0016800000000000003,2279,2511,2990,3188,3641
additive,650,5.0,0.096,19,20,22,23,26
additive,651,5.0,0.004860000000000001,332,334,336,337,340
additive,652,5.0,0.0108,156,157,159,159,161
additive,653,5.0,5.400000000000001e-07,,,,,
additive,654,5.0,2.7000000000000004e-06,,,,,
additive,655,5.0,0.0016800000000000003,2279,2511,2990,3188,3641
additive,656,5.0,9.000000000000001e-07,,,,,
additive,657,5.0,9e-05,23675,26679,27045,27107,28844
additive,658,5.0,0.00010800000000000002,14768,14779,14801,14810,14831
additive,659,5.0,9e-06,58749,58757,,,
additive,660,5.0,4.5000000000000003e-07,,,,,
additive,661,5.0,3.15,1,1,2,2,2
additive,662,5.0,0.00036,10633,11719,13958,14880,16996
additive,663,5.0,0.0144,217,618,1240,1442,1887
additive,664,5.0,8.000000000000001e-06,,,,,
additive,665,5.0,0.00012599999999999997,10266,10299,10366,10394,10458
additive,666,5.0,0.0004,3912,3949,4025,4057,4130
additive,667,5.0,1.8000000000000001e-06,,,,,
additive,668,5.0,4.5e-06,,,,,
additive,669,5.0,0.0036000000000000003,467,468,469,469,471
