rho,instance_idx,method,eta,epsilon,iteration_budget,status,iterations_to_epsilon,final_norm
1.2,0,additive,1e-05,0.001,10000,budget_exhausted,,10.117606931555082
1.2,1,additive,1e-05,0.001,10000,budget_exhausted,,10.344473830167505
1.2,2,additive,1e-05,0.001,10000,budget_exhausted,,9.675414401893345
1.2,3,additive,1e-05,0.001,10000,budget_exhausted,,11.368879609801146
1.2,4,additive,1e-05,0.001,10000,budget_exhausted,,10.789165165838522
1.2,5,additive,1e-05,0.001,10000,budget_exhausted,,12.755326862122411
1.2,6,additive,1e-05,0.001,10000,budget_exhausted,,11.109144044532757
1.2,7,additive,1e-05,0.001,10000,budget_exhausted,,11.477138836641688
1.2,8,additive,1e-05,0.001,10000,budget_exhausted,,11.153491231608925
1.2,9,additive,1e-05,0.001,10000,budget_exhausted,,10.793911784117375
1.2,0,additive,5.1794746792312125e-05,0.001,10000,budget_exhausted,,2.301851622800471
1.2,1,additive,5.1794746792312125e-05,0.001,10000,budget_exhausted,,2.196248724196543
1.2,2,additive,5.1794746792312125e-05,0.001,10000,budget_exhausted,,1.8413829543030167
1.2,3,additive,5.1794746792312125e-05,0.001,10000,budget_exhausted,,2.27631597853346
1.2,4,additive,5.1794746792312125e-05,0.001,10000,budget_exhausted,,2.2864248007555017
1.2,5,additive,5.1794746792312125e-05,0.001,10000,budget_exhausted,,2.2595255553686546
1.2,6,additive,5.1794746792312125e-05,0.001,10000,budget_exhausted,,2.4562847926695226
1.2,7,additive,5.1794746792312125e-05,0.001,10000,budget_exhausted,,1.9301778754137342
1.2,8,additive,5.1794746792312125e-05,0.001,10000,budget_exhausted,,2.2610499192977045
1.2,9,additive,5.1794746792312125e-05,0.001,10000,budget_exhausted,,2.7525069466409144
1.2,0,additive,0.0002682695795279727,0.001,10000,budget_exhausted,,0.247014239703812
1.2,1,additive,0.0002682695795279727,0.001,10000,budget_exhausted,,0.059709211089378086
1.2,2,additive,0.0002682695795279727,0.001,10000,budget_exhausted,,0.0442456669711163
1.2,3,additive,0.0002682695795279727,0.001,10000,budget_exhausted,,0.08191908431443795
1.2,4,additive,0.0002682695795279727,0.001,10000,budget_exhausted,,0.10606612231186455
1.2,5,additive,0.0002682695795279727,0.001,10000,budget_exhausted,,0.06751577938739285
1.2,6,additive,0.0002682695795279727,0.001,10000,budget_exhausted,,0.06898497694496067
1.2,7,additive,0.0002682695795279727,0.001,10000,budget_exhausted,,0.3731962668710466
1.2,8,additive,0.0002682695795279727,0.001,10000,budget_exhausted,,0.0621951792636969
1.2,9,additive,0.0002682695795279727,0.001,10000,budget_exhausted,,0.14199897002186473
1.2,0,additive,0.0013894954943731374,0.001,10000,converged,4551.0,0.0009992987657625476
1.2,1,additive,0.0013894954943731374,0.001,10000,converged,4758.0,0.0009989838751772095
1.2,2,additive,0.0013894954943731374,0.001,10000,converged,7495.0,0.0009995986072102176
1.2,3,additive,0.0013894954943731374,0.001,10000,converged,5357.0,0.000999603051265625
1.2,4,additive,0.0013894954943731374,0.001,10000,converged,8625.0,0.0009997449361641919
1.2,5,additive,0.0013894954943731374,0.001,10000,converged,4633.0,0.0009985108075701095
1.2,6,additive,0.0013894954943731374,0.001,10000,converged,4753.0,0.0009998868883806884
1.2,7,additive,0.0013894954943731374,0.001,10000,converged,4683.0,0.0009991449251260207
1.2,8,additive,0.0013894954943731374,0.001,10000,converged,5330.0,0.0009995530538488137
1.2,9,additive,0.0013894954943731374,0.001,10000,converged,5968.0,0.0009990628402923812
1.2,0,additive,0.0071968567300115215,0.001,10000,converged,877.0,0.000998735509405811
1.2,1,additive,0.0071968567300115215,0.001,10000,converged,916.0,0.0009982865109247551
1.2,2,additive,0.0071968567300115215,0.001,10000,converged,1451.0,0.000997681199801396
1.2,3,additive,0.0071968567300115215,0.001,10000,converged,1032.0,0.000999262623874531
1.2,4,additive,0.0071968567300115215,0.001,10000,converged,1666.0,0.0009977265480155503
1.2,5,additive,0.0071968567300115215,0.001,10000,converged,892.0,0.0009971877305442382
1.2,6,additive,0.0071968567300115215,0.001,10000,converged,916.0,0.000997225221095031
1.2,7,additive,0.0071968567300115215,0.001,10000,converged,902.0,0.0009964987103775178
1.2,8,additive,0.0071968567300115215,0.001,10000,converged,1027.0,0.0009960039785871634
1.2,9,additive,0.0071968567300115215,0.001,10000,converged,1150.0,0.0009991071511748868
1.2,0,additive,0.037275937203149416,0.001,10000,negative prices,,
1.2,1,additive,0.037275937203149416,0.001,10000,budget_exhausted,,0.7643035645732502
1.2,2,additive,0.037275937203149416,0.001,10000,converged,285.0,0.0009769312537292333
1.2,3,additive,0.037275937203149416,0.001,10000,converged,197.0,0.0009964347565034203
1.2,4,additive,0.037275937203149416,0.001,10000,converged,322.0,0.0009937942030290284
1.2,5,additive,0.037275937203149416,0.001,10000,negative prices,,
1.2,6,additive,0.037275937203149416,0.001,10000,budget_exhausted,,1.2233856009369777
1.2,7,additive,0.037275937203149416,0.001,10000,negative prices,,
1.2,8,additive,0.037275937203149416,0.001,10000,negative prices,,
1.2,9,additive,0.037275937203149416,0.001,10000,negative prices,,
1.2,0,additive,0.19306977288832497,0.001,10000,negative prices,,
1.2,1,additive,0.19306977288832497,0.001,10000,negative prices,,
1.2,2,additive,0.19306977288832497,0.001,10000,negative prices,,
1.2,3,additive,0.19306977288832497,0.001,10000,negative prices,,
1.2,4,additive,0.19306977288832497,0.001,10000,negative prices,,
1.2,5,additive,0.19306977288832497,0.001,10000,negative prices,,
1.2,6,additive,0.19306977288832497,0.001,10000,negative prices,,
1.2,7,additive,0.19306977288832497,0.001,10000,negative prices,,
1.2,8,additive,0.19306977288832497,0.001,10000,negative prices,,
1.2,9,additive,0.19306977288832497,0.001,10000,negative prices,,
1.2,0,additive,1.0,0.001,10000,negative prices,,
1.2,1,additive,1.0,0.001,10000,negative prices,,
1.2,2,additive,1.0,0.001,10000,negative prices,,
1.2,3,additive,1.0,0.001,10000,negative prices,,
1.2,4,additive,1.0,0.001,10000,negative prices,,
1.2,5,additive,1.0,0.001,10000,negative prices,,
1.2,6,additive,1.0,0.001,10000,negative prices,,
1.2,7,additive,1.0,0.001,10000,negative prices,,
1.2,8,additive,1.0,0.001,10000,negative prices,,
1.2,9,additive,1.0,0.001,10000,negative prices,,
1.2,0,multiplicative,1e-05,0.001,10000,budget_exhausted,,17.38641944490434
1.2,1,multiplicative,1e-05,0.001,10000,budget_exhausted,,13.77327007905097
1.2,2,multiplicative,1e-05,0.001,10000,budget_exhausted,,12.74309898581939
1.2,3,multiplicative,1e-05,0.001,10000,budget_exhausted,,13.57278915917644
1.2,4,multiplicative,1e-05,0.001,10000,budget_exhausted,,15.604681768893391
1.2,5,multiplicative,1e-05,0.001,10000,budget_exhausted,,15.235653596134682
1.2,6,multiplicative,1e-05,0.001,10000,budget_exhausted,,14.000023280161516
1.2,7,multiplicative,1e-05,0.001,10000,budget_exhausted,,13.976816273932823
1.2,8,multiplicative,1e-05,0.001,10000,budget_exhausted,,13.181641713316202
1.2,9,multiplicative,1e-05,0.001,10000,budget_exhausted,,16.660655225888785
1.2,0,multiplicative,5.1794746792312125e-05,0.001,10000,budget_exhausted,,6.269130764720067
1.2,1,multiplicative,5.1794746792312125e-05,0.001,10000,budget_exhausted,,6.965087203677666
1.2,2,multiplicative,5.1794746792312125e-05,0.001,10000,budget_exhausted,,4.372578500483847
1.2,3,multiplicative,5.1794746792312125e-05,0.001,10000,budget_exhausted,,5.575523353910363
1.2,4,multiplicative,5.1794746792312125e-05,0.001,10000,budget_exhausted,,4.987819212266569
1.2,5,multiplicative,5.1794746792312125e-05,0.001,10000,budget_exhausted,,6.652120757010195
1.2,6,multiplicative,5.1794746792312125e-05,0.001,10000,budget_exhausted,,5.874154247257852
1.2,7,multiplicative,5.1794746792312125e-05,0.001,10000,budget_exhausted,,4.80252393492935
1.2,8,multiplicative,5.1794746792312125e-05,0.001,10000,budget_exhausted,,5.481749331021955
1.2,9,multiplicative,5.1794746792312125e-05,0.001,10000,budget_exhausted,,5.548061003334382
1.2,0,multiplicative,0.0002682695795279727,0.001,10000,budget_exhausted,,0.20631024995630495
1.2,1,multiplicative,0.0002682695795279727,0.001,10000,budget_exhausted,,0.24401356613361272
1.2,2,multiplicative,0.0002682695795279727,0.001,10000,budget_exhausted,,0.4139537654855522
1.2,3,multiplicative,0.0002682695795279727,0.001,10000,budget_exhausted,,0.29926141424072206
1.2,4,multiplicative,0.0002682695795279727,0.001,10000,budget_exhausted,,0.4348742804847327
1.2,5,multiplicative,0.0002682695795279727,0.001,10000,budget_exhausted,,0.3655979477445116
1.2,6,multiplicative,0.0002682695795279727,0.001,10000,budget_exhausted,,0.30258889781637255
1.2,7,multiplicative,0.0002682695795279727,0.001,10000,budget_exhausted,,0.26019796904748943
1.2,8,multiplicative,0.0002682695795279727,0.001,10000,budget_exhausted,,0.31394356284289365
1.2,9,multiplicative,0.0002682695795279727,0.001,10000,budget_exhausted,,0.553713002943565
1.2,0,multiplicative,0.0013894954943731374,0.001,10000,converged,7422.0,0.0009997707508116614
1.2,1,multiplicative,0.0013894954943731374,0.001,10000,converged,7858.0,0.0009999994222968476
1.2,2,multiplicative,0.0013894954943731374,0.001,10000,budget_exhausted,,0.010913963175260272
1.2,3,multiplicative,0.0013894954943731374,0.001,10000,converged,8744.0,0.0009999395070410147
1.2,4,multiplicative,0.0013894954943731374,0.001,10000,budget_exhausted,,0.015703141610433666
1.2,5,multiplicative,0.0013894954943731374,0.001,10000,converged,8629.0,0.0009999961703278156
1.2,6,multiplicative,0.0013894954943731374,0.001,10000,converged,7071.0,0.0009991553133374183
1.2,7,multiplicative,0.0013894954943731374,0.001,10000,converged,8976.0,0.0009991716230708524
1.2,8,multiplicative,0.0013894954943731374,0.001,10000,converged,8001.0,0.0009999263192434172
1.2,9,multiplicative,0.0013894954943731374,0.001,10000,converged,8908.0,0.0009995975870622264
1.2,0,multiplicative,0.0071968567300115215,0.001,10000,converged,1432.0,0.0009981672724639183
1.2,1,multiplicative,0.0071968567300115215,0.001,10000,converged,1515.0,0.000998967615834004
1.2,2,multiplicative,0.0071968567300115215,0.001,10000,converged,2701.0,0.000997819183524439
1.2,3,multiplicative,0.0071968567300115215,0.001,10000,converged,1686.0,0.000998991101691267
1.2,4,multiplicative,0.0071968567300115215,0.001,10000,converged,3403.0,0.0009998196774840629
1.2,5,multiplicative,0.0071968567300115215,0.001,10000,converged,1664.0,0.000998712150732325
1.2,6,multiplicative,0.0071968567300115215,0.001,10000,converged,1363.0,0.0009996812516964405
1.2,7,multiplicative,0.0071968567300115215,0.001,10000,converged,1731.0,0.0009990574441043575
1.2,8,multiplicative,0.0071968567300115215,0.001,10000,converged,1542.0,0.0009988496126178946
1.2,9,multiplicative,0.0071968567300115215,0.001,10000,converged,1718.0,0.0009983133089074615
1.2,0,multiplicative,0.037275937203149416,0.001,10000,converged,276.0,0.0009765127791707271
1.2,1,multiplicative,0.037275937203149416,0.001,10000,converged,291.0,0.000980100238593084
1.2,2,multiplicative,0.037275937203149416,0.001,10000,converged,520.0,0.0009929547599577268
1.2,3,multiplicative,0.037275937203149416,0.001,10000,converged,324.0,0.0009800481784097543
1.2,4,multiplicative,0.037275937203149416,0.001,10000,converged,655.0,0.0009925660869690997
1.2,5,multiplicative,0.037275937203149416,0.001,10000,converged,319.0,0.0009973627158447968
1.2,6,multiplicative,0.037275937203149416,0.001,10000,converged,262.0,0.0009732913166585188
1.2,7,multiplicative,0.037275937203149416,0.001,10000,converged,333.0,0.000978774315293485
1.2,8,multiplicative,0.037275937203149416,0.001,10000,converged,295.0,0.000990280863446174
1.2,9,multiplicative,0.037275937203149416,0.001,10000,converged,330.0,0.0009876480590196714
1.2,0,multiplicative,0.19306977288832497,0.001,10000,negative prices,,
1.2,1,multiplicative,0.19306977288832497,0.001,10000,negative prices,,
1.2,2,multiplicative,0.19306977288832497,0.001,10000,converged,99.0,0.000915202924373794
1.2,3,multiplicative,0.19306977288832497,0.001,10000,converged,61.0,0.00091631900306928
1.2,4,multiplicative,0.19306977288832497,0.001,10000,converged,123.0,0.0009649804301118953
1.2,5,multiplicative,0.19306977288832497,0.001,10000,converged,60.0,0.0009275845310631923
1.2,6,multiplicative,0.19306977288832497,0.001,10000,converged,48.0,0.0008747652214894763
1.2,7,multiplicative,0.19306977288832497,0.001,10000,converged,62.0,0.0008829198295722528
1.2,8,multiplicative,0.19306977288832497,0.001,10000,negative prices,,
1.2,9,multiplicative,0.19306977288832497,0.001,10000,negative prices,,
1.2,0,multiplicative,1.0,0.001,10000,negative prices,,
1.2,1,multiplicative,1.0,0.001,10000,negative prices,,
1.2,2,multiplicative,1.0,0.001,10000,negative prices,,
1.2,3,multiplicative,1.0,0.001,10000,negative prices,,
1.2,4,multiplicative,1.0,0.001,10000,negative prices,,
1.2,5,multiplicative,1.0,0.001,10000,negative prices,,
1.2,6,multiplicative,1.0,0.001,10000,negative prices,,
1.2,7,multiplicative,1.0,0.001,10000,negative prices,,
1.2,8,multiplicative,1.0,0.001,10000,negative prices,,
1.2,9,multiplicative,1.0,0.001,10000,negative prices,,
1.5,0,additive,1e-05,0.001,10000,budget_exhausted,,7.943125923153468
1.5,1,additive,1e-05,0.001,10000,budget_exhausted,,8.024904111508807
1.5,2,additive,1e-05,0.001,10000,budget_exhausted,,6.847242771500291
1.5,3,additive,1e-05,0.001,10000,budget_exhausted,,7.996891731452548
1.5,4,additive,1e-05,0.001,10000,budget_exhausted,,7.9674345614683935
1.5,5,additive,1e-05,0.001,10000,budget_exhausted,,9.064569425947429
1.5,6,additive,1e-05,0.001,10000,budget_exhausted,,8.234192871717934
1.5,7,additive,1e-05,0.001,10000,budget_exhausted,,8.151682551712497
1.5,8,additive,1e-05,0.001,10000,budget_exhausted,,8.65831168038679
1.5,9,additive,1e-05,0.001,10000,budget_exhausted,,8.172111509819134
1.5,0,additive,5.1794746792312125e-05,0.001,10000,budget_exhausted,,2.2557839811032667
1.5,1,additive,5.1794746792312125e-05,0.001,10000,budget_exhausted,,2.13176320932561
1.5,2,additive,5.1794746792312125e-05,0.001,10000,budget_exhausted,,1.8286157191466739
1.5,3,additive,5.1794746792312125e-05,0.001,10000,budget_exhausted,,2.2216955761315633
1.5,4,additive,5.1794746792312125e-05,0.001,10000,budget_exhausted,,2.001089712951887
1.5,5,additive,5.1794746792312125e-05,0.001,10000,budget_exhausted,,2.2003630254505797
1.5,6,additive,5.1794746792312125e-05,0.001,10000,budget_exhausted,,2.2865708126221027
1.5,7,additive,5.1794746792312125e-05,0.001,10000,budget_exhausted,,2.079450868667787
1.5,8,additive,5.1794746792312125e-05,0.001,10000,budget_exhausted,,2.2531756809473675
1.5,9,additive,5.1794746792312125e-05,0.001,10000,budget_exhausted,,2.7718733643035818
1.5,0,additive,0.0002682695795279727,0.001,10000,budget_exhausted,,0.06687572248980106
1.5,1,additive,0.0002682695795279727,0.001,10000,budget_exhausted,,0.06594579647039973
1.5,2,additive,0.0002682695795279727,0.001,10000,budget_exhausted,,0.03582666257813625
1.5,3,additive,0.0002682695795279727,0.001,10000,budget_exhausted,,0.0793046938756779
1.5,4,additive,0.0002682695795279727,0.001,10000,budget_exhausted,,0.058381748036688684
1.5,5,additive,0.0002682695795279727,0.001,10000,budget_exhausted,,0.06171164063671683
1.5,6,additive,0.0002682695795279727,0.001,10000,budget_exhausted,,0.07233250491958856
1.5,7,additive,0.0002682695795279727,0.001,10000,budget_exhausted,,0.063304562579422
1.5,8,additive,0.0002682695795279727,0.001,10000,budget_exhausted,,0.061432474411490745
1.5,9,additive,0.0002682695795279727,0.001,10000,budget_exhausted,,0.1444871898607788
1.5,0,additive,0.0013894954943731374,0.001,10000,converged,4363.0,0.0009998459039653126
1.5,1,additive,0.0013894954943731374,0.001,10000,converged,5136.0,0.0009988403631439342
1.5,2,additive,0.0013894954943731374,0.001,10000,converged,3804.0,0.0009997400610247758
1.5,3,additive,0.0013894954943731374,0.001,10000,converged,4588.0,0.0009988176748116813
1.5,4,additive,0.0013894954943731374,0.001,10000,converged,4261.0,0.0009987401001850613
1.5,5,additive,0.0013894954943731374,0.001,10000,converged,4150.0,0.000998826112432107
1.5,6,additive,0.0013894954943731374,0.001,10000,converged,4808.0,0.0009997444852909865
1.5,7,additive,0.0013894954943731374,0.001,10000,converged,4340.0,0.0009986755914749988
1.5,8,additive,0.0013894954943731374,0.001,10000,converged,4360.0,0.0009999609164580844
1.5,9,additive,0.0013894954943731374,0.001,10000,converged,4965.0,0.000998867536110889
1.5,0,additive,0.0071968567300115215,0.001,10000,converged,840.0,0.0009964128307546236
1.5,1,additive,0.0071968567300115215,0.001,10000,converged,990.0,0.0009982314641119605
1.5,2,additive,0.0071968567300115215,0.001,10000,converged,732.0,0.0009980689536520984
1.5,3,additive,0.0071968567300115215,0.001,10000,converged,883.0,0.000999053089121452
1.5,4,additive,0.0071968567300115215,0.001,10000,converged,821.0,0.0009932676293632906
1.5,5,additive,0.0071968567300115215,0.001,10000,converged,799.0,0.0009928709190664268
1.5,6,additive,0.0071968567300115215,0.001,10000,converged,926.0,0.0009990070561646399
1.5,7,additive,0.0071968567300115215,0.001,10000,converged,835.0,0.000999992943212295
1.5,8,additive,0.0071968567300115215,0.001,10000,converged,840.0,0.0009921672447553262
1.5,9,additive,0.0071968567300115215,0.001,10000,converged,956.0,0.0009979470598195093
1.5,0,additive,0.037275937203149416,0.001,10000,negative prices,,
1.5,1,additive,0.037275937203149416,0.001,10000,converged,190.0,0.0009804875056802001
1.5,2,additive,0.037275937203149416,0.001,10000,converged,139.0,0.0009835527096644344
1.5,3,additive,0.037275937203149416,0.001,10000,converged,168.0,0.0009861123113549725
1.5,4,additive,0.037275937203149416,0.001,10000,converged,157.0,0.0009592656371052824
1.5,5,additive,0.037275937203149416,0.001,10000,converged,152.0,0.0009622645037337277
1.5,6,additive,0.037275937203149416,0.001,10000,converged,177.0,0.0009775812528105656
1.5,7,additive,0.037275937203149416,0.001,10000,converged,159.0,0.0009745764700497087
1.5,8,additive,0.037275937203149416,0.001,10000,converged,160.0,0.0009680351177372105
1.5,9,additive,0.037275937203149416,0.001,10000,converged,182.0,0.0009922143123844316
1.5,0,additive,0.19306977288832497,0.001,10000,negative prices,,
1.5,1,additive,0.19306977288832497,0.001,10000,negative prices,,
1.5,2,additive,0.19306977288832497,0.001,10000,budget_exhausted,,1.4059984682559483
1.5,3,additive,0.19306977288832497,0.001,10000,negative prices,,
1.5,4,additive,0.19306977288832497,0.001,10000,negative prices,,
1.5,5,additive,0.19306977288832497,0.001,10000,negative prices,,
1.5,6,additive,0.19306977288832497,0.001,10000,negative prices,,
1.5,7,additive,0.19306977288832497,0.001,10000,negative prices,,
1.5,8,additive,0.19306977288832497,0.001,10000,negative prices,,
1.5,9,additive,0.19306977288832497,0.001,10000,negative prices,,
1.5,0,additive,1.0,0.001,10000,negative prices,,
1.5,1,additive,1.0,0.001,10000,negative prices,,
1.5,2,additive,1.0,0.001,10000,negative prices,,
1.5,3,additive,1.0,0.001,10000,negative prices,,
1.5,4,additive,1.0,0.001,10000,negative prices,,
1.5,5,additive,1.0,0.001,10000,negative prices,,
1.5,6,additive,1.0,0.001,10000,negative prices,,
1.5,7,additive,1.0,0.001,10000,negative prices,,
1.5,8,additive,1.0,0.001,10000,negative prices,,
1.5,9,additive,1.0,0.001,10000,negative prices,,
1.5,0,multiplicative,1e-05,0.001,10000,budget_exhausted,,11.968062026463022
1.5,1,multiplicative,1e-05,0.001,10000,budget_exhausted,,9.161377541939764
1.5,2,multiplicative,1e-05,0.001,10000,budget_exhausted,,7.971226284295061
1.5,3,multiplicative,1e-05,0.001,10000,budget_exhausted,,8.92728785601629
1.5,4,multiplicative,1e-05,0.001,10000,budget_exhausted,,9.568055288313442
1.5,5,multiplicative,1e-05,0.001,10000,budget_exhausted,,10.718035249018122
1.5,6,multiplicative,1e-05,0.001,10000,budget_exhausted,,9.15131387953493
1.5,7,multiplicative,1e-05,0.001,10000,budget_exhausted,,8.928232349634834
1.5,8,multiplicative,1e-05,0.001,10000,budget_exhausted,,8.999181178583438
1.5,9,multiplicative,1e-05,0.001,10000,budget_exhausted,,10.745671979365724
1.5,0,multiplicative,5.1794746792312125e-05,0.001,10000,budget_exhausted,,5.268482926399246
1.5,1,multiplicative,5.1794746792312125e-05,0.001,10000,budget_exhausted,,5.1749473575049905
1.5,2,multiplicative,5.1794746792312125e-05,0.001,10000,budget_exhausted,,4.199547398171172
1.5,3,multiplicative,5.1794746792312125e-05,0.001,10000,budget_exhausted,,4.867886003897485
1.5,4,multiplicative,5.1794746792312125e-05,0.001,10000,budget_exhausted,,4.702810081886257
1.5,5,multiplicative,5.1794746792312125e-05,0.001,10000,budget_exhausted,,5.895165287202325
1.5,6,multiplicative,5.1794746792312125e-05,0.001,10000,budget_exhausted,,5.510485296403832
1.5,7,multiplicative,5.1794746792312125e-05,0.001,10000,budget_exhausted,,4.7860961807389755
1.5,8,multiplicative,5.1794746792312125e-05,0.001,10000,budget_exhausted,,4.829866640208597
1.5,9,multiplicative,5.1794746792312125e-05,0.001,10000,budget_exhausted,,5.000702575568686
1.5,0,multiplicative,0.0002682695795279727,0.001,10000,budget_exhausted,,0.33253292452652133
1.5,1,multiplicative,0.0002682695795279727,0.001,10000,budget_exhausted,,0.25904190558383666
1.5,2,multiplicative,0.0002682695795279727,0.001,10000,budget_exhausted,,0.2144161976452005
1.5,3,multiplicative,0.0002682695795279727,0.001,10000,budget_exhausted,,0.2871152534806665
1.5,4,multiplicative,0.0002682695795279727,0.001,10000,budget_exhausted,,0.30738737766532953
1.5,5,multiplicative,0.0002682695795279727,0.001,10000,budget_exhausted,,0.25135329964533754
1.5,6,multiplicative,0.0002682695795279727,0.001,10000,budget_exhausted,,0.3068790354418114
1.5,7,multiplicative,0.0002682695795279727,0.001,10000,budget_exhausted,,0.3651023274553549
1.5,8,multiplicative,0.0002682695795279727,0.001,10000,budget_exhausted,,0.28454669646388314
1.5,9,multiplicative,0.0002682695795279727,0.001,10000,budget_exhausted,,0.3510295093350238
1.5,0,multiplicative,0.0013894954943731374,0.001,10000,converged,6701.0,0.0009992058084570263
1.5,1,multiplicative,0.0013894954943731374,0.001,10000,converged,9699.0,0.0009999907142550573
1.5,2,multiplicative,0.0013894954943731374,0.001,10000,converged,6323.0,0.000998909162890324
1.5,3,multiplicative,0.0013894954943731374,0.001,10000,converged,6789.0,0.0009992790461349549
1.5,4,multiplicative,0.0013894954943731374,0.001,10000,converged,8071.0,0.0009997705101061312
1.5,5,multiplicative,0.0013894954943731374,0.001,10000,converged,6354.0,0.0009990315095765596
1.5,6,multiplicative,0.0013894954943731374,0.001,10000,converged,6204.0,0.0009994811215553539
1.5,7,multiplicative,0.0013894954943731374,0.001,10000,converged,8008.0,0.000999639166381832
1.5,8,multiplicative,0.0013894954943731374,0.001,10000,converged,6494.0,0.0009995379239512426
1.5,9,multiplicative,0.0013894954943731374,0.001,10000,budget_exhausted,,0.002103478097168817
1.5,0,multiplicative,0.0071968567300115215,0.001,10000,converged,1291.0,0.0009989918351323427
1.5,1,multiplicative,0.0071968567300115215,0.001,10000,converged,1871.0,0.0009976538394986833
1.5,2,multiplicative,0.0071968567300115215,0.001,10000,converged,1218.0,0.0009977466322085814
1.5,3,multiplicative,0.0071968567300115215,0.001,10000,converged,1308.0,0.0009982767894860334
1.5,4,multiplicative,0.0071968567300115215,0.001,10000,converged,1556.0,0.0009983989929917836
1.5,5,multiplicative,0.0071968567300115215,0.001,10000,converged,1224.0,0.0009999012913454914
1.5,6,multiplicative,0.0071968567300115215,0.001,10000,converged,1195.0,0.0009987413261835021
1.5,7,multiplicative,0.0071968567300115215,0.001,10000,converged,1543.0,0.0009996891799217212
1.5,8,multiplicative,0.0071968567300115215,0.001,10000,converged,1251.0,0.0009990923607835983
1.5,9,multiplicative,0.0071968567300115215,0.001,10000,converged,2136.0,0.0009999063756453562
1.5,0,multiplicative,0.037275937203149416,0.001,10000,converged,247.0,0.000981610446609039
1.5,1,multiplicative,0.037275937203149416,0.001,10000,converged,359.0,0.0009960455966488127
1.5,2,multiplicative,0.037275937203149416,0.001,10000,converged,233.0,0.0009728237904418668
1.5,3,multiplicative,0.037275937203149416,0.001,10000,converged,250.0,0.0009863241940233762
1.5,4,multiplicative,0.037275937203149416,0.001,10000,converged,298.0,0.0009938697561244628
1.5,5,multiplicative,0.037275937203149416,0.001,10000,converged,234.0,0.0009912525704718548
1.5,6,multiplicative,0.037275937203149416,0.001,10000,converged,228.0,0.000991921825297295
1.5,7,multiplicative,0.037275937203149416,0.001,10000,converged,295.0,0.0009931863820176092
1.5,8,multiplicative,0.037275937203149416,0.001,10000,converged,239.0,0.0009883396222906701
1.5,9,multiplicative,0.037275937203149416,0.001,10000,converged,411.0,0.0009907414596645307
1.5,0,multiplicative,0.19306977288832497,0.001,10000,converged,45.0,0.000958900401460847
1.5,1,multiplicative,0.19306977288832497,0.001,10000,converged,67.0,0.0009905353729326544
1.5,2,multiplicative,0.19306977288832497,0.001,10000,converged,42.0,0.0009588004287829865
1.5,3,multiplicative,0.19306977288832497,0.001,10000,converged,46.0,0.000872152252557877
1.5,4,multiplicative,0.19306977288832497,0.001,10000,converged,55.0,0.0009710649815494679
1.5,5,multiplicative,0.19306977288832497,0.001,10000,converged,43.0,0.000924709531283494
1.5,6,multiplicative,0.19306977288832497,0.001,10000,converged,42.0,0.0008420879717713362
1.5,7,multiplicative,0.19306977288832497,0.001,10000,converged,54.0,0.0009557166865382945
1.5,8,multiplicative,0.19306977288832497,0.001,10000,converged,44.0,0.0008639040128004121
1.5,9,multiplicative,0.19306977288832497,0.001,10000,negative prices,,
1.5,0,multiplicative,1.0,0.001,10000,negative prices,,
1.5,1,multiplicative,1.0,0.001,10000,negative prices,,
1.5,2,multiplicative,1.0,0.001,10000,negative prices,,
1.5,3,multiplicative,1.0,0.001,10000,negative prices,,
1.5,4,multiplicative,1.0,0.001,10000,negative prices,,
1.5,5,multiplicative,1.0,0.001,10000,negative prices,,
1.5,6,multiplicative,1.0,0.001,10000,negative prices,,
1.5,7,multiplicative,1.0,0.001,10000,negative prices,,
1.5,8,multiplicative,1.0,0.001,10000,negative prices,,
1.5,9,multiplicative,1.0,0.001,10000,negative prices,,
2.0,0,additive,1e-05,0.001,10000,budget_exhausted,,6.27379564648502
2.0,1,additive,1e-05,0.001,10000,budget_exhausted,,5.322968347278457
2.0,2,additive,1e-05,0.001,10000,budget_exhausted,,4.506974812655136
2.0,3,additive,1e-05,0.001,10000,budget_exhausted,,5.219529291081078
2.0,4,additive,1e-05,0.001,10000,budget_exhausted,,5.095414887697067
2.0,5,additive,1e-05,0.001,10000,budget_exhausted,,6.185205857679845
2.0,6,additive,1e-05,0.001,10000,budget_exhausted,,5.321273097117695
2.0,7,additive,1e-05,0.001,10000,budget_exhausted,,5.235570777190398
2.0,8,additive,1e-05,0.001,10000,budget_exhausted,,5.276999345007461
2.0,9,additive,1e-05,0.001,10000,budget_exhausted,,5.884129261956387
2.0,0,additive,5.1794746792312125e-05,0.001,10000,budget_exhausted,,2.382877195828737
2.0,1,additive,5.1794746792312125e-05,0.001,10000,budget_exhausted,,2.2108511911605504
2.0,2,additive,5.1794746792312125e-05,0.001,10000,budget_exhausted,,2.0657285180859843
2.0,3,additive,5.1794746792312125e-05,0.001,10000,budget_exhausted,,2.3805316326539114
2.0,4,additive,5.1794746792312125e-05,0.001,10000,budget_exhausted,,2.1475420616803444
2.0,5,additive,5.1794746792312125e-05,0.001,10000,budget_exhausted,,2.312827843502435
2.0,6,additive,5.1794746792312125e-05,0.001,10000,budget_exhausted,,2.3692798131178785
2.0,7,additive,5.1794746792312125e-05,0.001,10000,budget_exhausted,,2.3187265749540305
2.0,8,additive,5.1794746792312125e-05,0.001,10000,budget_exhausted,,2.2881847351040223
2.0,9,additive,5.1794746792312125e-05,0.001,10000,budget_exhausted,,2.7533467460700827
2.0,0,additive,0.0002682695795279727,0.001,10000,budget_exhausted,,0.18429128365335792
2.0,1,additive,0.0002682695795279727,0.001,10000,budget_exhausted,,0.16487805780341017
2.0,2,additive,0.0002682695795279727,0.001,10000,budget_exhausted,,0.13831141613594755
2.0,3,additive,0.0002682695795279727,0.001,10000,budget_exhausted,,0.2051109694448865
2.0,4,additive,0.0002682695795279727,0.001,10000,budget_exhausted,,0.15169346130664627
2.0,5,additive,0.0002682695795279727,0.001,10000,budget_exhausted,,0.18818148800389087
2.0,6,additive,0.0002682695795279727,0.001,10000,budget_exhausted,,0.1927487611530653
2.0,7,additive,0.0002682695795279727,0.001,10000,budget_exhausted,,0.17099921775800642
2.0,8,additive,0.0002682695795279727,0.001,10000,budget_exhausted,,0.19814916664233503
2.0,9,additive,0.0002682695795279727,0.001,10000,budget_exhausted,,0.278920944712513
2.0,0,additive,0.0013894954943731374,0.001,10000,converged,6991.0,0.0009995241904468568
2.0,1,additive,0.0013894954943731374,0.001,10000,converged,6446.0,0.0009989774485654863
2.0,2,additive,0.0013894954943731374,0.001,10000,converged,6187.0,0.00099913558812721
2.0,3,additive,0.0013894954943731374,0.001,10000,converged,7048.0,0.0009995993928351124
2.0,4,additive,0.0013894954943731374,0.001,10000,converged,6256.0,0.0009992875608807886
2.0,5,additive,0.0013894954943731374,0.001,10000,converged,6700.0,0.0009990715522165206
2.0,6,additive,0.0013894954943731374,0.001,10000,converged,7261.0,0.0009992146808074794
2.0,7,additive,0.0013894954943731374,0.001,10000,converged,6780.0,0.0009993463043455652
2.0,8,additive,0.0013894954943731374,0.001,10000,converged,7419.0,0.000999583977879244
2.0,9,additive,0.0013894954943731374,0.001,10000,converged,7982.0,0.000999379077678864
2.0,0,additive,0.0071968567300115215,0.001,10000,converged,1347.0,0.0009998602551356845
2.0,1,additive,0.0071968567300115215,0.001,10000,converged,1242.0,0.000997858149806023
2.0,2,additive,0.0071968567300115215,0.001,10000,converged,1192.0,0.000998292645935752
2.0,3,additive,0.0071968567300115215,0.001,10000,converged,1358.0,0.0009996377170500275
2.0,4,additive,0.0071968567300115215,0.001,10000,converged,1205.0,0.0009998604681023002
2.0,5,additive,0.0071968567300115215,0.001,10000,converged,1291.0,0.000998102605435101
2.0,6,additive,0.0071968567300115215,0.001,10000,converged,1400.0,0.0009963121076895503
2.0,7,additive,0.0071968567300115215,0.001,10000,converged,1307.0,0.0009960176926205658
2.0,8,additive,0.0071968567300115215,0.001,10000,converged,1430.0,0.000997996562069339
2.0,9,additive,0.0071968567300115215,0.001,10000,converged,1539.0,0.0009964358537674495
2.0,0,additive,0.037275937203149416,0.001,10000,converged,258.0,0.0009837383075584594
2.0,1,additive,0.037275937203149416,0.001,10000,converged,237.0,0.0009993917644954388
2.0,2,additive,0.037275937203149416,0.001,10000,converged,228.0,0.0009827189118552992
2.0,3,additive,0.037275937203149416,0.001,10000,converged,260.0,0.0009849274006378584
2.0,4,additive,0.037275937203149416,0.001,10000,converged,230.0,0.0009968200427411021
2.0,5,additive,0.037275937203149416,0.001,10000,converged,247.0,0.0009842623581850674
2.0,6,additive,0.037275937203149416,0.001,10000,converged,268.0,0.0009907074138916655
2.0,7,additive,0.037275937203149416,0.001,10000,converged,250.0,0.0009870874445865453
2.0,8,additive,0.037275937203149416,0.001,10000,converged,274.0,0.0009824260284537895
2.0,9,additive,0.037275937203149416,0.001,10000,converged,295.0,0.0009822061640180108
2.0,0,additive,0.19306977288832497,0.001,10000,negative prices,,
2.0,1,additive,0.19306977288832497,0.001,10000,converged,43.0,0.0009949675147317896
2.0,2,additive,0.19306977288832497,0.001,10000,converged,42.0,0.000876693787621223
2.0,3,additive,0.19306977288832497,0.001,10000,converged,48.0,0.0009029225239960586
2.0,4,additive,0.19306977288832497,0.001,10000,converged,165.0,0.000991168002548829
2.0,5,additive,0.19306977288832497,0.001,10000,negative prices,,
2.0,6,additive,0.19306977288832497,0.001,10000,negative prices,,
2.0,7,additive,0.19306977288832497,0.001,10000,negative prices,,
2.0,8,additive,0.19306977288832497,0.001,10000,negative prices,,
2.0,9,additive,0.19306977288832497,0.001,10000,negative prices,,
2.0,0,additive,1.0,0.001,10000,negative prices,,
2.0,1,additive,1.0,0.001,10000,negative prices,,
2.0,2,additive,1.0,0.001,10000,negative prices,,
2.0,3,additive,1.0,0.001,10000,negative prices,,
2.0,4,additive,1.0,0.001,10000,negative prices,,
2.0,5,additive,1.0,0.001,10000,negative prices,,
2.0,6,additive,1.0,0.001,10000,negative prices,,
2.0,7,additive,1.0,0.001,10000,negative prices,,
2.0,8,additive,1.0,0.001,10000,negative prices,,
2.0,9,additive,1.0,0.001,10000,negative prices,,
2.0,0,multiplicative,1e-05,0.001,10000,budget_exhausted,,7.371371527628822
2.0,1,multiplicative,1e-05,0.001,10000,budget_exhausted,,5.717514977137815
2.0,2,multiplicative,1e-05,0.001,10000,budget_exhausted,,4.882673470925306
2.0,3,multiplicative,1e-05,0.001,10000,budget_exhausted,,5.575173409454821
2.0,4,multiplicative,1e-05,0.001,10000,budget_exhausted,,5.547374946118432
2.0,5,multiplicative,1e-05,0.001,10000,budget_exhausted,,6.648380554086447
2.0,6,multiplicative,1e-05,0.001,10000,budget_exhausted,,5.652209232803992
2.0,7,multiplicative,1e-05,0.001,10000,budget_exhausted,,5.57571598720101
2.0,8,multiplicative,1e-05,0.001,10000,budget_exhausted,,5.57233971265494
2.0,9,multiplicative,1e-05,0.001,10000,budget_exhausted,,6.585553350870582
2.0,0,multiplicative,5.1794746792312125e-05,0.001,10000,budget_exhausted,,4.544024011574248
2.0,1,multiplicative,5.1794746792312125e-05,0.001,10000,budget_exhausted,,3.9695383571661234
2.0,2,multiplicative,5.1794746792312125e-05,0.001,10000,budget_exhausted,,3.4071447822993024
2.0,3,multiplicative,5.1794746792312125e-05,0.001,10000,budget_exhausted,,3.9112418683889563
2.0,4,multiplicative,5.1794746792312125e-05,0.001,10000,budget_exhausted,,3.777165752619706
2.0,5,multiplicative,5.1794746792312125e-05,0.001,10000,budget_exhausted,,4.678082844590707
2.0,6,multiplicative,5.1794746792312125e-05,0.001,10000,budget_exhausted,,4.118272411258973
2.0,7,multiplicative,5.1794746792312125e-05,0.001,10000,budget_exhausted,,3.9318709953808852
2.0,8,multiplicative,5.1794746792312125e-05,0.001,10000,budget_exhausted,,3.9535027151998223
2.0,9,multiplicative,5.1794746792312125e-05,0.001,10000,budget_exhausted,,4.309157598380549
2.0,0,multiplicative,0.0002682695795279727,0.001,10000,budget_exhausted,,0.6194310703641333
2.0,1,multiplicative,0.0002682695795279727,0.001,10000,budget_exhausted,,0.5643912430839693
2.0,2,multiplicative,0.0002682695795279727,0.001,10000,budget_exhausted,,0.5139293504094373
2.0,3,multiplicative,0.0002682695795279727,0.001,10000,budget_exhausted,,0.5998370129737154
2.0,4,multiplicative,0.0002682695795279727,0.001,10000,budget_exhausted,,0.5566910404270715
2.0,5,multiplicative,0.0002682695795279727,0.001,10000,budget_exhausted,,0.6407803671678618
2.0,6,multiplicative,0.0002682695795279727,0.001,10000,budget_exhausted,,0.6245525109076331
2.0,7,multiplicative,0.0002682695795279727,0.001,10000,budget_exhausted,,0.5763578973129061
2.0,8,multiplicative,0.0002682695795279727,0.001,10000,budget_exhausted,,0.5693686179978449
2.0,9,multiplicative,0.0002682695795279727,0.001,10000,budget_exhausted,,0.6930498609283344
2.0,0,multiplicative,0.0013894954943731374,0.001,10000,converged,8257.0,0.000999933688556353
2.0,1,multiplicative,0.0013894954943731374,0.001,10000,converged,9263.0,0.0009997622372148987
2.0,2,multiplicative,0.0013894954943731374,0.001,10000,converged,8241.0,0.0009991600719412692
2.0,3,multiplicative,0.0013894954943731374,0.001,10000,converged,9197.0,0.0009993419419405886
2.0,4,multiplicative,0.0013894954943731374,0.001,10000,converged,8651.0,0.000999796110873395
2.0,5,multiplicative,0.0013894954943731374,0.001,10000,converged,8312.0,0.0009993349504247647
2.0,6,multiplicative,0.0013894954943731374,0.001,10000,converged,8446.0,0.0009997396127656545
2.0,7,multiplicative,0.0013894954943731374,0.001,10000,budget_exhausted,,0.0014603045074416438
2.0,8,multiplicative,0.0013894954943731374,0.001,10000,converged,8469.0,0.000999651809993639
2.0,9,multiplicative,0.0013894954943731374,0.001,10000,converged,9552.0,0.0009997727266977713
2.0,0,multiplicative,0.0071968567300115215,0.001,10000,converged,1592.0,0.00099536915324235
2.0,1,multiplicative,0.0071968567300115215,0.001,10000,converged,1786.0,0.0009992537162372597
2.0,2,multiplicative,0.0071968567300115215,0.001,10000,converged,1588.0,0.000999479840484206
2.0,3,multiplicative,0.0071968567300115215,0.001,10000,converged,1773.0,0.0009977454357378154
2.0,4,multiplicative,0.0071968567300115215,0.001,10000,converged,1668.0,0.0009964179589192984
2.0,5,multiplicative,0.0071968567300115215,0.001,10000,converged,1602.0,0.0009975984664679686
2.0,6,multiplicative,0.0071968567300115215,0.001,10000,converged,1628.0,0.000997523308121019
2.0,7,multiplicative,0.0071968567300115215,0.001,10000,converged,2039.0,0.0009992358751621543
2.0,8,multiplicative,0.0071968567300115215,0.001,10000,converged,1633.0,0.000995601717957436
2.0,9,multiplicative,0.0071968567300115215,0.001,10000,converged,1842.0,0.0009964372265249372
2.0,0,multiplicative,0.037275937203149416,0.001,10000,converged,305.0,0.0009762739291300902
2.0,1,multiplicative,0.037275937203149416,0.001,10000,converged,343.0,0.0009861841122383813
2.0,2,multiplicative,0.037275937203149416,0.001,10000,converged,304.0,0.0009892264179066513
2.0,3,multiplicative,0.037275937203149416,0.001,10000,converged,340.0,0.0009819215464903358
2.0,4,multiplicative,0.037275937203149416,0.001,10000,converged,319.0,0.0009962245578903886
2.0,5,multiplicative,0.037275937203149416,0.001,10000,converged,307.0,0.0009763590198822929
2.0,6,multiplicative,0.037275937203149416,0.001,10000,converged,312.0,0.0009774167398023314
2.0,7,multiplicative,0.037275937203149416,0.001,10000,converged,391.0,0.0009942200046129668
2.0,8,multiplicative,0.037275937203149416,0.001,10000,converged,313.0,0.0009786117492953553
2.0,9,multiplicative,0.037275937203149416,0.001,10000,converged,353.0,0.000987753613515585
2.0,0,multiplicative,0.19306977288832497,0.001,10000,converged,56.0,0.000936767508275321
2.0,1,multiplicative,0.19306977288832497,0.001,10000,converged,64.0,0.0009536733146487811
2.0,2,multiplicative,0.19306977288832497,0.001,10000,converged,56.0,0.0009431186087582266
2.0,3,multiplicative,0.19306977288832497,0.001,10000,converged,63.0,0.0009282653528409459
2.0,4,multiplicative,0.19306977288832497,0.001,10000,converged,59.0,0.0009357335058288714
2.0,5,multiplicative,0.19306977288832497,0.001,10000,converged,56.0,0.0009840793573741618
2.0,6,multiplicative,0.19306977288832497,0.001,10000,converged,57.0,0.0009822883966895746
2.0,7,multiplicative,0.19306977288832497,0.001,10000,converged,73.0,0.0009467911053253636
2.0,8,multiplicative,0.19306977288832497,0.001,10000,converged,58.0,0.0009039682914621755
2.0,9,multiplicative,0.19306977288832497,0.001,10000,converged,65.0,0.0009918828616231486
2.0,0,multiplicative,1.0,0.001,10000,negative prices,,
2.0,1,multiplicative,1.0,0.001,10000,negative prices,,
2.0,2,multiplicative,1.0,0.001,10000,negative prices,,
2.0,3,multiplicative,1.0,0.001,10000,negative prices,,
2.0,4,multiplicative,1.0,0.001,10000,negative prices,,
2.0,5,multiplicative,1.0,0.001,10000,negative prices,,
2.0,6,multiplicative,1.0,0.001,10000,negative prices,,
2.0,7,multiplicative,1.0,0.001,10000,negative prices,,
2.0,8,multiplicative,1.0,0.001,10000,negative prices,,
2.0,9,multiplicative,1.0,0.001,10000,negative prices,,
3.0,0,additive,1e-05,0.001,10000,budget_exhausted,,4.395560432306727
3.0,1,additive,1e-05,0.001,10000,budget_exhausted,,3.5869319245523577
3.0,2,additive,1e-05,0.001,10000,budget_exhausted,,3.1320551361188453
3.0,3,additive,1e-05,0.001,10000,budget_exhausted,,3.5954613569463683
3.0,4,additive,1e-05,0.001,10000,budget_exhausted,,3.3029654170336884
3.0,5,additive,1e-05,0.001,10000,budget_exhausted,,4.022665640361121
3.0,6,additive,1e-05,0.001,10000,budget_exhausted,,3.505441472037214
3.0,7,additive,1e-05,0.001,10000,budget_exhausted,,3.54980386221033
3.0,8,additive,1e-05,0.001,10000,budget_exhausted,,3.4366554063552646
3.0,9,additive,1e-05,0.001,10000,budget_exhausted,,4.121279587996359
3.0,0,additive,5.1794746792312125e-05,0.001,10000,budget_exhausted,,2.3868347752383583
3.0,1,additive,5.1794746792312125e-05,0.001,10000,budget_exhausted,,2.3517309077400825
3.0,2,additive,5.1794746792312125e-05,0.001,10000,budget_exhausted,,2.1296199032560432
3.0,3,additive,5.1794746792312125e-05,0.001,10000,budget_exhausted,,2.448351502557563
3.0,4,additive,5.1794746792312125e-05,0.001,10000,budget_exhausted,,2.18317143170786
3.0,5,additive,5.1794746792312125e-05,0.001,10000,budget_exhausted,,2.3495361768945995
3.0,6,additive,5.1794746792312125e-05,0.001,10000,budget_exhausted,,2.4131063663660406
3.0,7,additive,5.1794746792312125e-05,0.001,10000,budget_exhausted,,2.413553821290864
3.0,8,additive,5.1794746792312125e-05,0.001,10000,budget_exhausted,,2.2608550854947866
3.0,9,additive,5.1794746792312125e-05,0.001,10000,budget_exhausted,,2.713624201020785
3.0,0,additive,0.0002682695795279727,0.001,10000,budget_exhausted,,0.4595254239854398
3.0,1,additive,0.0002682695795279727,0.001,10000,budget_exhausted,,0.40943002241184673
3.0,2,additive,0.0002682695795279727,0.001,10000,budget_exhausted,,0.40212012685791476
3.0,3,additive,0.0002682695795279727,0.001,10000,budget_exhausted,,0.49337978124452403
3.0,4,additive,0.0002682695795279727,0.001,10000,budget_exhausted,,0.39547556573761666
3.0,5,additive,0.0002682695795279727,0.001,10000,budget_exhausted,,0.47330249839538663
3.0,6,additive,0.0002682695795279727,0.001,10000,budget_exhausted,,0.48140700339864484
3.0,7,additive,0.0002682695795279727,0.001,10000,budget_exhausted,,0.44836530374411965
3.0,8,additive,0.0002682695795279727,0.001,10000,budget_exhausted,,0.4909788786662632
3.0,9,additive,0.0002682695795279727,0.001,10000,budget_exhausted,,0.6333322455184789
3.0,0,additive,0.0013894954943731374,0.001,10000,budget_exhausted,,0.008146168130028638
3.0,1,additive,0.0013894954943731374,0.001,10000,budget_exhausted,,0.004015305588373327
3.0,2,additive,0.0013894954943731374,0.001,10000,budget_exhausted,,0.004823163211596511
3.0,3,additive,0.0013894954943731374,0.001,10000,budget_exhausted,,0.008082135798049336
3.0,4,additive,0.0013894954943731374,0.001,10000,budget_exhausted,,0.003927965603048892
3.0,5,additive,0.0013894954943731374,0.001,10000,budget_exhausted,,0.006863177941347864
3.0,6,additive,0.0013894954943731374,0.001,10000,budget_exhausted,,0.007297153518297723
3.0,7,additive,0.0013894954943731374,0.001,10000,budget_exhausted,,0.005516988170566233
3.0,8,additive,0.0013894954943731374,0.001,10000,budget_exhausted,,0.014864565136295223
3.0,9,additive,0.0013894954943731374,0.001,10000,budget_exhausted,,0.017307480519234638
3.0,0,additive,0.0071968567300115215,0.001,10000,converged,2957.0,0.0009980199220606743
3.0,1,additive,0.0071968567300115215,0.001,10000,converged,2478.0,0.000998429774256797
3.0,2,additive,0.0071968567300115215,0.001,10000,converged,2590.0,0.00099854561114455
3.0,3,additive,0.0071968567300115215,0.001,10000,converged,2937.0,0.000999736435395934
3.0,4,additive,0.0071968567300115215,0.001,10000,converged,2483.0,0.0009978915023702954
3.0,5,additive,0.0071968567300115215,0.001,10000,converged,2866.0,0.0009996515478606755
3.0,6,additive,0.0071968567300115215,0.001,10000,converged,2932.0,0.000998397288748641
3.0,7,additive,0.0071968567300115215,0.001,10000,converged,2683.0,0.0009995687013369058
3.0,8,additive,0.0071968567300115215,0.001,10000,converged,3497.0,0.0009993181857240188
3.0,9,additive,0.0071968567300115215,0.001,10000,converged,3553.0,0.0009985639362856276
3.0,0,additive,0.037275937203149416,0.001,10000,converged,569.0,0.0009915618545786851
3.0,1,additive,0.037275937203149416,0.001,10000,converged,476.0,0.000995959588775368
3.0,2,additive,0.037275937203149416,0.001,10000,converged,498.0,0.000991729536777859
3.0,3,additive,0.037275937203149416,0.001,10000,converged,565.0,0.000994696948527593
3.0,4,additive,0.037275937203149416,0.001,10000,converged,477.0,0.000995532471779343
3.0,5,additive,0.037275937203149416,0.001,10000,converged,551.0,0.000998170325635361
3.0,6,additive,0.037275937203149416,0.001,10000,converged,564.0,0.0009950861631898968
3.0,7,additive,0.037275937203149416,0.001,10000,converged,516.0,0.000993426289075453
3.0,8,additive,0.037275937203149416,0.001,10000,converged,673.0,0.0009958621907055283
3.0,9,additive,0.037275937203149416,0.001,10000,converged,684.0,0.0009933401275182775
3.0,0,additive,0.19306977288832497,0.001,10000,negative prices,,
3.0,1,additive,0.19306977288832497,0.001,10000,converged,90.0,0.0009460224048204855
3.0,2,additive,0.19306977288832497,0.001,10000,converged,94.0,0.0009605902014048275
3.0,3,additive,0.19306977288832497,0.001,10000,converged,107.0,0.0009695401712727328
3.0,4,additive,0.19306977288832497,0.001,10000,converged,90.0,0.0009620098553524039
3.0,5,additive,0.19306977288832497,0.001,10000,negative prices,,
3.0,6,additive,0.19306977288832497,0.001,10000,converged,107.0,0.0009674272337061754
3.0,7,additive,0.19306977288832497,0.001,10000,converged,97.0,0.000997018458091475
3.0,8,additive,0.19306977288832497,0.001,10000,negative prices,,
3.0,9,additive,0.19306977288832497,0.001,10000,negative prices,,
3.0,0,additive,1.0,0.001,10000,negative prices,,
3.0,1,additive,1.0,0.001,10000,negative prices,,
3.0,2,additive,1.0,0.001,10000,negative prices,,
3.0,3,additive,1.0,0.001,10000,negative prices,,
3.0,4,additive,1.0,0.001,10000,negative prices,,
3.0,5,additive,1.0,0.001,10000,negative prices,,
3.0,6,additive,1.0,0.001,10000,negative prices,,
3.0,7,additive,1.0,0.001,10000,negative prices,,
3.0,8,additive,1.0,0.001,10000,negative prices,,
3.0,9,additive,1.0,0.001,10000,negative prices,,
3.0,0,multiplicative,1e-05,0.001,10000,budget_exhausted,,4.560027052840298
3.0,1,multiplicative,1e-05,0.001,10000,budget_exhausted,,3.7164312345865644
3.0,2,multiplicative,1e-05,0.001,10000,budget_exhausted,,3.2562415947296217
3.0,3,multiplicative,1e-05,0.001,10000,budget_exhausted,,3.71317726995142
3.0,4,multiplicative,1e-05,0.001,10000,budget_exhausted,,3.4330989164762222
3.0,5,multiplicative,1e-05,0.001,10000,budget_exhausted,,4.1578666755921105
3.0,6,multiplicative,1e-05,0.001,10000,budget_exhausted,,3.6175417187683756
3.0,7,multiplicative,1e-05,0.001,10000,budget_exhausted,,3.667986300261057
3.0,8,multiplicative,1e-05,0.001,10000,budget_exhausted,,3.548448623891899
3.0,9,multiplicative,1e-05,0.001,10000,budget_exhausted,,4.2629578002181905
3.0,0,multiplicative,5.1794746792312125e-05,0.001,10000,budget_exhausted,,3.7415049984282067
3.0,1,multiplicative,5.1794746792312125e-05,0.001,10000,budget_exhausted,,3.076007528386453
3.0,2,multiplicative,5.1794746792312125e-05,0.001,10000,budget_exhausted,,2.7179459379324253
3.0,3,multiplicative,5.1794746792312125e-05,0.001,10000,budget_exhausted,,3.1112387109755537
3.0,4,multiplicative,5.1794746792312125e-05,0.001,10000,budget_exhausted,,2.849195133967798
3.0,5,multiplicative,5.1794746792312125e-05,0.001,10000,budget_exhausted,,3.5000644384141357
3.0,6,multiplicative,5.1794746792312125e-05,0.001,10000,budget_exhausted,,3.0519496639827026
3.0,7,multiplicative,5.1794746792312125e-05,0.001,10000,budget_exhausted,,3.0666185211538646
3.0,8,multiplicative,5.1794746792312125e-05,0.001,10000,budget_exhausted,,2.9714511394804606
3.0,9,multiplicative,5.1794746792312125e-05,0.001,10000,budget_exhausted,,3.538907661290893
3.0,0,multiplicative,0.0002682695795279727,0.001,10000,budget_exhausted,,1.2123229690302175
3.0,1,multiplicative,0.0002682695795279727,0.001,10000,budget_exhausted,,1.1078824907032896
3.0,2,multiplicative,0.0002682695795279727,0.001,10000,budget_exhausted,,1.0386758182027793
3.0,3,multiplicative,0.0002682695795279727,0.001,10000,budget_exhausted,,1.181825232088941
3.0,4,multiplicative,0.0002682695795279727,0.001,10000,budget_exhausted,,1.0529849494961072
3.0,5,multiplicative,0.0002682695795279727,0.001,10000,budget_exhausted,,1.2320383924603997
3.0,6,multiplicative,0.0002682695795279727,0.001,10000,budget_exhausted,,1.1722564060565281
3.0,7,multiplicative,0.0002682695795279727,0.001,10000,budget_exhausted,,1.1392454477368887
3.0,8,multiplicative,0.0002682695795279727,0.001,10000,budget_exhausted,,1.1026529342310638
3.0,9,multiplicative,0.0002682695795279727,0.001,10000,budget_exhausted,,1.366846652115081
3.0,0,multiplicative,0.0013894954943731374,0.001,10000,budget_exhausted,,0.00910157970777108
3.0,1,multiplicative,0.0013894954943731374,0.001,10000,budget_exhausted,,0.008949551455294975
3.0,2,multiplicative,0.0013894954943731374,0.001,10000,budget_exhausted,,0.009095911955914608
3.0,3,multiplicative,0.0013894954943731374,0.001,10000,budget_exhausted,,0.013886487730802755
3.0,4,multiplicative,0.0013894954943731374,0.001,10000,budget_exhausted,,0.00890472919252246
3.0,5,multiplicative,0.0013894954943731374,0.001,10000,budget_exhausted,,0.009662912564260226
3.0,6,multiplicative,0.0013894954943731374,0.001,10000,budget_exhausted,,0.010249092832331662
3.0,7,multiplicative,0.0013894954943731374,0.001,10000,budget_exhausted,,0.00973756695223929
3.0,8,multiplicative,0.0013894954943731374,0.001,10000,budget_exhausted,,0.0101795088492229
3.0,9,multiplicative,0.0013894954943731374,0.001,10000,budget_exhausted,,0.022219152516260374
3.0,0,multiplicative,0.0071968567300115215,0.001,10000,converged,2709.0,0.000997974010043306
3.0,1,multiplicative,0.0071968567300115215,0.001,10000,converged,2742.0,0.0009993437627607358
3.0,2,multiplicative,0.0071968567300115215,0.001,10000,converged,2740.0,0.000998912509343821
3.0,3,multiplicative,0.0071968567300115215,0.001,10000,converged,3029.0,0.0009993132503923687
3.0,4,multiplicative,0.0071968567300115215,0.001,10000,converged,2716.0,0.0009978358052669888
3.0,5,multiplicative,0.0071968567300115215,0.001,10000,converged,2738.0,0.0009984523716070396
3.0,6,multiplicative,0.0071968567300115215,0.001,10000,converged,2774.0,0.0009989311814461868
3.0,7,multiplicative,0.0071968567300115215,0.001,10000,converged,2788.0,0.0009985736591833195
3.0,8,multiplicative,0.0071968567300115215,0.001,10000,converged,2786.0,0.000998185700556999
3.0,9,multiplicative,0.0071968567300115215,0.001,10000,converged,3358.0,0.000999613607767526
3.0,0,multiplicative,0.037275937203149416,0.001,10000,converged,520.0,0.0009977776229317858
3.0,1,multiplicative,0.037275937203149416,0.001,10000,converged,527.0,0.0009919738463091082
3.0,2,multiplicative,0.037275937203149416,0.001,10000,converged,526.0,0.000999826951626819
3.0,3,multiplicative,0.037275937203149416,0.001,10000,converged,582.0,0.0009973902351516192
3.0,4,multiplicative,0.037275937203149416,0.001,10000,converged,522.0,0.0009891962775437928
3.0,5,multiplicative,0.037275937203149416,0.001,10000,converged,526.0,0.0009912035495681295
3.0,6,multiplicative,0.037275937203149416,0.001,10000,converged,533.0,0.0009922997614598003
3.0,7,multiplicative,0.037275937203149416,0.001,10000,converged,536.0,0.0009894526485354378
3.0,8,multiplicative,0.037275937203149416,0.001,10000,converged,535.0,0.0009981894517671756
3.0,9,multiplicative,0.037275937203149416,0.001,10000,converged,646.0,0.0009925736998984322
3.0,0,multiplicative,0.19306977288832497,0.001,10000,converged,98.0,0.0009496840165627465
3.0,1,multiplicative,0.19306977288832497,0.001,10000,converged,99.0,0.0009772545389812636
3.0,2,multiplicative,0.19306977288832497,0.001,10000,converged,99.0,0.0009709985520443168
3.0,3,multiplicative,0.19306977288832497,0.001,10000,converged,110.0,0.0009584842774926122
3.0,4,multiplicative,0.19306977288832497,0.001,10000,converged,98.0,0.0009724268931846635
3.0,5,multiplicative,0.19306977288832497,0.001,10000,converged,99.0,0.000947432156684231
3.0,6,multiplicative,0.19306977288832497,0.001,10000,converged,100.0,0.0009804623711410026
3.0,7,multiplicative,0.19306977288832497,0.001,10000,converged,101.0,0.0009553353250906377
3.0,8,multiplicative,0.19306977288832497,0.001,10000,converged,101.0,0.0009550203951123943
3.0,9,multiplicative,0.19306977288832497,0.001,10000,converged,122.0,0.000976924610040797
3.0,0,multiplicative,1.0,0.001,10000,negative prices,,
3.0,1,multiplicative,1.0,0.001,10000,negative prices,,
3.0,2,multiplicative,1.0,0.001,10000,converged,17.0,0.0006628038150823379
3.0,3,multiplicative,1.0,0.001,10000,negative prices,,
3.0,4,multiplicative,1.0,0.001,10000,negative prices,,
3.0,5,multiplicative,1.0,0.001,10000,negative prices,,
3.0,6,multiplicative,1.0,0.001,10000,negative prices,,
3.0,7,multiplicative,1.0,0.001,10000,negative prices,,
3.0,8,multiplicative,1.0,0.001,10000,negative prices,,
3.0,9,multiplicative,1.0,0.001,10000,negative prices,,
5.0,0,additive,1e-05,0.001,10000,budget_exhausted,,3.242699817200638
5.0,1,additive,1e-05,0.001,10000,budget_exhausted,,2.774452121194983
5.0,2,additive,1e-05,0.001,10000,budget_exhausted,,2.4911115602176275
5.0,3,additive,1e-05,0.001,10000,budget_exhausted,,2.828699538764538
5.0,4,additive,1e-05,0.001,10000,budget_exhausted,,2.4905505947609363
5.0,5,additive,1e-05,0.001,10000,budget_exhausted,,2.9786898179850003
5.0,6,additive,1e-05,0.001,10000,budget_exhausted,,2.6750130152855296
5.0,7,additive,1e-05,0.001,10000,budget_exhausted,,2.7593937324500404
5.0,8,additive,1e-05,0.001,10000,budget_exhausted,,2.6251979975317323
5.0,9,additive,1e-05,0.001,10000,budget_exhausted,,3.1986157156076658
5.0,0,additive,5.1794746792312125e-05,0.001,10000,budget_exhausted,,2.3280625130608956
5.0,1,additive,5.1794746792312125e-05,0.001,10000,budget_exhausted,,2.3055109621520224
5.0,2,additive,5.1794746792312125e-05,0.001,10000,budget_exhausted,,2.0905016079344207
5.0,3,additive,5.1794746792312125e-05,0.001,10000,budget_exhausted,,2.399507422774015
5.0,4,additive,5.1794746792312125e-05,0.001,10000,budget_exhausted,,2.08279082803909
5.0,5,additive,5.1794746792312125e-05,0.001,10000,budget_exhausted,,2.3532637268184575
5.0,6,additive,5.1794746792312125e-05,0.001,10000,budget_exhausted,,2.2795776406193635
5.0,7,additive,5.1794746792312125e-05,0.001,10000,budget_exhausted,,2.341138925069306
5.0,8,additive,5.1794746792312125e-05,0.001,10000,budget_exhausted,,2.2139003270784965
5.0,9,additive,5.1794746792312125e-05,0.001,10000,budget_exhausted,,2.6350541339989846
5.0,0,additive,0.0002682695795279727,0.001,10000,budget_exhausted,,0.8604961273116052
5.0,1,additive,0.0002682695795279727,0.001,10000,budget_exhausted,,0.769650314669219
5.0,2,additive,0.0002682695795279727,0.001,10000,budget_exhausted,,0.7700550680535392
5.0,3,additive,0.0002682695795279727,0.001,10000,budget_exhausted,,0.8818339452553977
5.0,4,additive,0.0002682695795279727,0.001,10000,budget_exhausted,,0.7608794643260464
5.0,5,additive,0.0002682695795279727,0.001,10000,budget_exhausted,,0.8610074968137557
5.0,6,additive,0.0002682695795279727,0.001,10000,budget_exhausted,,0.8810513108266786
5.0,7,additive,0.0002682695795279727,0.001,10000,budget_exhausted,,0.8620368308914107
5.0,8,additive,0.0002682695795279727,0.001,10000,budget_exhausted,,0.8586319724060772
5.0,9,additive,0.0002682695795279727,0.001,10000,budget_exhausted,,1.087039616032359
5.0,0,additive,0.0013894954943731374,0.001,10000,budget_exhausted,,0.10544786234373206
5.0,1,additive,0.0013894954943731374,0.001,10000,budget_exhausted,,0.06872967812432186
5.0,2,additive,0.0013894954943731374,0.001,10000,budget_exhausted,,0.09175817964954636
5.0,3,additive,0.0013894954943731374,0.001,10000,budget_exhausted,,0.11350630082349447
5.0,4,additive,0.0013894954943731374,0.001,10000,budget_exhausted,,0.07304250987041823
5.0,5,additive,0.0013894954943731374,0.001,10000,budget_exhausted,,0.09212337976062944
5.0,6,additive,0.0013894954943731374,0.001,10000,budget_exhausted,,0.09169378262496689
5.0,7,additive,0.0013894954943731374,0.001,10000,budget_exhausted,,0.08207765108911476
5.0,8,additive,0.0013894954943731374,0.001,10000,budget_exhausted,,0.15183179304667488
5.0,9,additive,0.0013894954943731374,0.001,10000,budget_exhausted,,0.17529239256580206
5.0,0,additive,0.0071968567300115215,0.001,10000,budget_exhausted,,0.0013396480918266417
5.0,1,additive,0.0071968567300115215,0.001,10000,converged,6908.0,0.0009997616685399145
5.0,2,additive,0.0071968567300115215,0.001,10000,converged,8144.0,0.0009999841188181127
5.0,3,additive,0.0071968567300115215,0.001,10000,budget_exhausted,,0.0017561980462698873
5.0,4,additive,0.0071968567300115215,0.001,10000,converged,7470.0,0.000999890936321455
5.0,5,additive,0.0071968567300115215,0.001,10000,converged,9811.0,0.000999623617323881
5.0,6,additive,0.0071968567300115215,0.001,10000,converged,8664.0,0.0009998041080409399
5.0,7,additive,0.0071968567300115215,0.001,10000,converged,7573.0,0.0009994390135880616
5.0,8,additive,0.0071968567300115215,0.001,10000,budget_exhausted,,0.005714271113731996
5.0,9,additive,0.0071968567300115215,0.001,10000,budget_exhausted,,0.007200663357287003
5.0,0,additive,0.037275937203149416,0.001,10000,negative prices,,
5.0,1,additive,0.037275937203149416,0.001,10000,converged,1332.0,0.0009974489214906101
5.0,2,additive,0.037275937203149416,0.001,10000,converged,1570.0,0.0009996387176339785
5.0,3,additive,0.037275937203149416,0.001,10000,converged,2193.0,0.000999049112567999
5.0,4,additive,0.037275937203149416,0.001,10000,converged,1440.0,0.0009994644264916099
5.0,5,additive,0.037275937203149416,0.001,10000,converged,1892.0,0.000999594081824049
5.0,6,additive,0.037275937203149416,0.001,10000,converged,1671.0,0.000998537212606839
5.0,7,additive,0.037275937203149416,0.001,10000,converged,1460.0,0.000998545039759639
5.0,8,additive,0.037275937203149416,0.001,10000,converged,3022.0,0.000999091714521045
5.0,9,additive,0.037275937203149416,0.001,10000,negative prices,,
5.0,0,additive,0.19306977288832497,0.001,10000,negative prices,,
5.0,1,additive,0.19306977288832497,0.001,10000,converged,255.0,0.0009940829219117291
5.0,2,additive,0.19306977288832497,0.001,10000,converged,301.0,0.0009934200443139916
5.0,3,additive,0.19306977288832497,0.001,10000,negative prices,,
5.0,4,additive,0.19306977288832497,0.001,10000,converged,276.0,0.0009932174095988646
5.0,5,additive,0.19306977288832497,0.001,10000,negative prices,,
5.0,6,additive,0.19306977288832497,0.001,10000,converged,321.0,0.000989887809394217
5.0,7,additive,0.19306977288832497,0.001,10000,converged,280.0,0.0009894141546296904
5.0,8,additive,0.19306977288832497,0.001,10000,budget_exhausted,,0.19738794871490395
5.0,9,additive,0.19306977288832497,0.001,10000,negative prices,,
5.0,0,additive,1.0,0.001,10000,negative prices,,
5.0,1,additive,1.0,0.001,10000,negative prices,,
5.0,2,additive,1.0,0.001,10000,negative prices,,
5.0,3,additive,1.0,0.001,10000,negative prices,,
5.0,4,additive,1.0,0.001,10000,negative prices,,
5.0,5,additive,1.0,0.001,10000,negative prices,,
5.0,6,additive,1.0,0.001,10000,negative prices,,
5.0,7,additive,1.0,0.001,10000,negative prices,,
5.0,8,additive,1.0,0.001,10000,negative prices,,
5.0,9,additive,1.0,0.001,10000,negative prices,,
5.0,0,multiplicative,1e-05,0.001,10000,budget_exhausted,,3.2878467465513075
5.0,1,multiplicative,1e-05,0.001,10000,budget_exhausted,,2.819423362792823
5.0,2,multiplicative,1e-05,0.001,10000,budget_exhausted,,2.5359828446271293
5.0,3,multiplicative,1e-05,0.001,10000,budget_exhausted,,2.8691248399845426
5.0,4,multiplicative,1e-05,0.001,10000,budget_exhausted,,2.5343297272434024
5.0,5,multiplicative,1e-05,0.001,10000,budget_exhausted,,3.0203130928794573
5.0,6,multiplicative,1e-05,0.001,10000,budget_exhausted,,2.7141421779762074
5.0,7,multiplicative,1e-05,0.001,10000,budget_exhausted,,2.800736754223889
5.0,8,multiplicative,1e-05,0.001,10000,budget_exhausted,,2.664252140122589
5.0,9,multiplicative,1e-05,0.001,10000,budget_exhausted,,3.2360107384476957
5.0,0,multiplicative,5.1794746792312125e-05,0.001,10000,budget_exhausted,,3.046839588258382
5.0,1,multiplicative,5.1794746792312125e-05,0.001,10000,budget_exhausted,,2.583617960105927
5.0,2,multiplicative,5.1794746792312125e-05,0.001,10000,budget_exhausted,,2.3322662339695848
5.0,3,multiplicative,5.1794746792312125e-05,0.001,10000,budget_exhausted,,2.6513892276753834
5.0,4,multiplicative,5.1794746792312125e-05,0.001,10000,budget_exhausted,,2.326236683939304
5.0,5,multiplicative,5.1794746792312125e-05,0.001,10000,budget_exhausted,,2.8033834918395053
5.0,6,multiplicative,5.1794746792312125e-05,0.001,10000,budget_exhausted,,2.507128266784558
5.0,7,multiplicative,5.1794746792312125e-05,0.001,10000,budget_exhausted,,2.580156579601881
5.0,8,multiplicative,5.1794746792312125e-05,0.001,10000,budget_exhausted,,2.4527668056342367
5.0,9,multiplicative,5.1794746792312125e-05,0.001,10000,budget_exhausted,,3.011330137211914
5.0,0,multiplicative,0.0002682695795279727,0.001,10000,budget_exhausted,,1.7946049590980402
5.0,1,multiplicative,0.0002682695795279727,0.001,10000,budget_exhausted,,1.6053742229590617
5.0,2,multiplicative,0.0002682695795279727,0.001,10000,budget_exhausted,,1.5016389258677971
5.0,3,multiplicative,0.0002682695795279727,0.001,10000,budget_exhausted,,1.7156537109335388
5.0,4,multiplicative,0.0002682695795279727,0.001,10000,budget_exhausted,,1.4746977329930158
5.0,5,multiplicative,0.0002682695795279727,0.001,10000,budget_exhausted,,1.7432238744457025
5.0,6,multiplicative,0.0002682695795279727,0.001,10000,budget_exhausted,,1.6305300359206654
5.0,7,multiplicative,0.0002682695795279727,0.001,10000,budget_exhausted,,1.65296730847569
5.0,8,multiplicative,0.0002682695795279727,0.001,10000,budget_exhausted,,1.5686060185917798
5.0,9,multiplicative,0.0002682695795279727,0.001,10000,budget_exhausted,,1.996274123107609
5.0,0,multiplicative,0.0013894954943731374,0.001,10000,budget_exhausted,,0.1449680891918247
5.0,1,multiplicative,0.0013894954943731374,0.001,10000,budget_exhausted,,0.1292474076669269
5.0,2,multiplicative,0.0013894954943731374,0.001,10000,budget_exhausted,,0.1379596006512435
5.0,3,multiplicative,0.0013894954943731374,0.001,10000,budget_exhausted,,0.17054858862056474
5.0,4,multiplicative,0.0013894954943731374,0.001,10000,budget_exhausted,,0.12878311434090378
5.0,5,multiplicative,0.0013894954943731374,0.001,10000,budget_exhausted,,0.14034218006315316
5.0,6,multiplicative,0.0013894954943731374,0.001,10000,budget_exhausted,,0.14698350166937457
5.0,7,multiplicative,0.0013894954943731374,0.001,10000,budget_exhausted,,0.13872296048759106
5.0,8,multiplicative,0.0013894954943731374,0.001,10000,budget_exhausted,,0.15565037115666838
5.0,9,multiplicative,0.0013894954943731374,0.001,10000,budget_exhausted,,0.24861329580467176
5.0,0,multiplicative,0.0071968567300115215,0.001,10000,converged,5624.0,0.000998965621054485
5.0,1,multiplicative,0.0071968567300115215,0.001,10000,converged,5406.0,0.0009996055521601128
5.0,2,multiplicative,0.0071968567300115215,0.001,10000,converged,5659.0,0.0009993178523228262
5.0,3,multiplicative,0.0071968567300115215,0.001,10000,converged,6391.0,0.0009999516028169316
5.0,4,multiplicative,0.0071968567300115215,0.001,10000,converged,5417.0,0.000999255114677672
5.0,5,multiplicative,0.0071968567300115215,0.001,10000,converged,5304.0,0.0009998291397853875
5.0,6,multiplicative,0.0071968567300115215,0.001,10000,converged,5473.0,0.000999024001394648
5.0,7,multiplicative,0.0071968567300115215,0.001,10000,converged,5471.0,0.0009999265629597046
5.0,8,multiplicative,0.0071968567300115215,0.001,10000,converged,6044.0,0.0009991089192685895
5.0,9,multiplicative,0.0071968567300115215,0.001,10000,converged,8122.0,0.0009993037255529406
5.0,0,multiplicative,0.037275937203149416,0.001,10000,converged,1084.0,0.0009957911153128086
5.0,1,multiplicative,0.037275937203149416,0.001,10000,converged,1041.0,0.0009998776162088844
5.0,2,multiplicative,0.037275937203149416,0.001,10000,converged,1090.0,0.0009997340662722485
5.0,3,multiplicative,0.037275937203149416,0.001,10000,converged,1232.0,0.0009962404755627496
5.0,4,multiplicative,0.037275937203149416,0.001,10000,converged,1044.0,0.0009943036045595933
5.0,5,multiplicative,0.037275937203149416,0.001,10000,converged,1022.0,0.0009946256454559095
5.0,6,multiplicative,0.037275937203149416,0.001,10000,converged,1054.0,0.000997958311530764
5.0,7,multiplicative,0.037275937203149416,0.001,10000,converged,1054.0,0.0009970312162199215
5.0,8,multiplicative,0.037275937203149416,0.001,10000,converged,1165.0,0.000996366460977379
5.0,9,multiplicative,0.037275937203149416,0.001,10000,converged,1566.0,0.0009975120912462101
5.0,0,multiplicative,0.19306977288832497,0.001,10000,converged,207.0,0.0009943490219354789
5.0,1,multiplicative,0.19306977288832497,0.001,10000,converged,199.0,0.0009763466251353478
5.0,2,multiplicative,0.19306977288832497,0.001,10000,converged,208.0,0.0009977470642954743
5.0,3,multiplicative,0.19306977288832497,0.001,10000,converged,236.0,0.0009756433714556454
5.0,4,multiplicative,0.19306977288832497,0.001,10000,converged,199.0,0.0009925359971341863
5.0,5,multiplicative,0.19306977288832497,0.001,10000,converged,195.0,0.0009778139623869322
5.0,6,multiplicative,0.19306977288832497,0.001,10000,converged,201.0,0.0009862147718746053
5.0,7,multiplicative,0.19306977288832497,0.001,10000,converged,201.0,0.0009890616307262575
5.0,8,multiplicative,0.19306977288832497,0.001,10000,converged,223.0,0.0009825469063234381
5.0,9,multiplicative,0.19306977288832497,0.001,10000,converged,300.0,0.0009931320759630382
5.0,0,multiplicative,1.0,0.001,10000,negative prices,,
5.0,1,multiplicative,1.0,0.001,10000,converged,36.0,0.0009319604536659407
5.0,2,multiplicative,1.0,0.001,10000,converged,38.0,0.000942820513028355
5.0,3,multiplicative,1.0,0.001,10000,converged,43.0,0.0009662417946586241
5.0,4,multiplicative,1.0,0.001,10000,converged,36.0,0.0009613399111750774
5.0,5,multiplicative,1.0,0.001,10000,negative prices,,
5.0,6,multiplicative,1.0,0.001,10000,converged,36.0,0.000980227113618081
5.0,7,multiplicative,1.0,0.001,10000,converged,37.0,0.0008349138977116722
5.0,8,multiplicative,1.0,0.001,10000,converged,41.0,0.0009293399653509736
5.0,9,multiplicative,1.0,0.001,10000,negative prices,,
10.0,0,additive,1e-05,0.001,10000,budget_exhausted,,2.6704555891323314
10.0,1,additive,1e-05,0.001,10000,budget_exhausted,,2.366061143624711
10.0,2,additive,1e-05,0.001,10000,budget_exhausted,,2.1623068652228863
10.0,3,additive,1e-05,0.001,10000,budget_exhausted,,2.434077343780033
10.0,4,additive,1e-05,0.001,10000,budget_exhausted,,2.0936158836985452
10.0,5,additive,1e-05,0.001,10000,budget_exhausted,,2.4619781564516736
10.0,6,additive,1e-05,0.001,10000,budget_exhausted,,2.2657481713190726
10.0,7,additive,1e-05,0.001,10000,budget_exhausted,,2.3556647052001964
10.0,8,additive,1e-05,0.001,10000,budget_exhausted,,2.228463230107088
10.0,9,additive,1e-05,0.001,10000,budget_exhausted,,2.7271766730197977
10.0,0,additive,5.1794746792312125e-05,0.001,10000,budget_exhausted,,2.246991508440239
10.0,1,additive,5.1794746792312125e-05,0.001,10000,budget_exhausted,,2.2288862097879676
10.0,2,additive,5.1794746792312125e-05,0.001,10000,budget_exhausted,,2.0409610585643816
10.0,3,additive,5.1794746792312125e-05,0.001,10000,budget_exhausted,,2.3230721080113304
10.0,4,additive,5.1794746792312125e-05,0.001,10000,budget_exhausted,,1.9718852520689782
10.0,5,additive,5.1794746792312125e-05,0.001,10000,budget_exhausted,,2.323210543873906
10.0,6,additive,5.1794746792312125e-05,0.001,10000,budget_exhausted,,2.155407816056025
10.0,7,additive,5.1794746792312125e-05,0.001,10000,budget_exhausted,,2.238468107045961
10.0,8,additive,5.1794746792312125e-05,0.001,10000,budget_exhausted,,2.1120266304157966
10.0,9,additive,5.1794746792312125e-05,0.001,10000,budget_exhausted,,2.608704521659169
10.0,0,additive,0.0002682695795279727,0.001,10000,budget_exhausted,,1.3179511517384415
10.0,1,additive,0.0002682695795279727,0.001,10000,budget_exhausted,,1.1888160312421345
10.0,2,additive,0.0002682695795279727,0.001,10000,budget_exhausted,,1.1894304514867877
10.0,3,additive,0.0002682695795279727,0.001,10000,budget_exhausted,,1.3173769408402642
10.0,4,additive,0.0002682695795279727,0.001,10000,budget_exhausted,,1.1987085318040596
10.0,5,additive,0.0002682695795279727,0.001,10000,budget_exhausted,,1.2848483869129597
10.0,6,additive,0.0002682695795279727,0.001,10000,budget_exhausted,,1.3232025986645366
10.0,7,additive,0.0002682695795279727,0.001,10000,budget_exhausted,,1.327864981621403
10.0,8,additive,0.0002682695795279727,0.001,10000,budget_exhausted,,1.2474075336044925
10.0,9,additive,0.0002682695795279727,0.001,10000,budget_exhausted,,1.5696189862027177
10.0,0,additive,0.0013894954943731374,0.001,10000,negative prices,,
10.0,1,additive,0.0013894954943731374,0.001,10000,budget_exhausted,,0.3275718445131024
10.0,2,additive,0.0013894954943731374,0.001,10000,budget_exhausted,,0.42404769900025974
10.0,3,additive,0.0013894954943731374,0.001,10000,budget_exhausted,,0.4610591818072607
10.0,4,additive,0.0013894954943731374,0.001,10000,budget_exhausted,,0.35414675601718887
10.0,5,additive,0.0013894954943731374,0.001,10000,budget_exhausted,,0.4035487807916851
10.0,6,additive,0.0013894954943731374,0.001,10000,budget_exhausted,,0.4144678437410302
10.0,7,additive,0.0013894954943731374,0.001,10000,budget_exhausted,,0.37449460866551726
10.0,8,additive,0.0013894954943731374,0.001,10000,budget_exhausted,,0.5302779123226598
10.0,9,additive,0.0013894954943731374,0.001,10000,negative prices,,
10.0,0,additive,0.0071968567300115215,0.001,10000,negative prices,,
10.0,1,additive,0.0071968567300115215,0.001,10000,budget_exhausted,,0.06538101212383751
10.0,2,additive,0.0071968567300115215,0.001,10000,budget_exhausted,,0.14862273693368358
10.0,3,additive,0.0071968567300115215,0.001,10000,negative prices,,
10.0,4,additive,0.0071968567300115215,0.001,10000,budget_exhausted,,0.09222688485983913
10.0,5,additive,0.0071968567300115215,0.001,10000,negative prices,,
10.0,6,additive,0.0071968567300115215,0.001,10000,budget_exhausted,,0.06889056218415326
10.0,7,additive,0.0071968567300115215,0.001,10000,budget_exhausted,,0.0705308788880303
10.0,8,additive,0.0071968567300115215,0.001,10000,budget_exhausted,,0.35680541719453984
10.0,9,additive,0.0071968567300115215,0.001,10000,negative prices,,
10.0,0,additive,0.037275937203149416,0.001,10000,negative prices,,
10.0,1,additive,0.037275937203149416,0.001,10000,negative prices,,
10.0,2,additive,0.037275937203149416,0.001,10000,negative prices,,
10.0,3,additive,0.037275937203149416,0.001,10000,negative prices,,
10.0,4,additive,0.037275937203149416,0.001,10000,negative prices,,
10.0,5,additive,0.037275937203149416,0.001,10000,negative prices,,
10.0,6,additive,0.037275937203149416,0.001,10000,negative prices,,
10.0,7,additive,0.037275937203149416,0.001,10000,negative prices,,
10.0,8,additive,0.037275937203149416,0.001,10000,negative prices,,
10.0,9,additive,0.037275937203149416,0.001,10000,negative prices,,
10.0,0,additive,0.19306977288832497,0.001,10000,negative prices,,
10.0,1,additive,0.19306977288832497,0.001,10000,negative prices,,
10.0,2,additive,0.19306977288832497,0.001,10000,negative prices,,
10.0,3,additive,0.19306977288832497,0.001,10000,negative prices,,
10.0,4,additive,0.19306977288832497,0.001,10000,negative prices,,
10.0,5,additive,0.19306977288832497,0.001,10000,negative prices,,
10.0,6,additive,0.19306977288832497,0.001,10000,negative prices,,
10.0,7,additive,0.19306977288832497,0.001,10000,negative prices,,
10.0,8,additive,0.19306977288832497,0.001,10000,negative prices,,
10.0,9,additive,0.19306977288832497,0.001,10000,negative prices,,
10.0,0,additive,1.0,0.001,10000,negative prices,,
10.0,1,additive,1.0,0.001,10000,negative prices,,
10.0,2,additive,1.0,0.001,10000,negative prices,,
10.0,3,additive,1.0,0.001,10000,negative prices,,
10.0,4,additive,1.0,0.001,10000,negative prices,,
10.0,5,additive,1.0,0.001,10000,negative prices,,
10.0,6,additive,1.0,0.001,10000,negative prices,,
10.0,7,additive,1.0,0.001,10000,negative prices,,
10.0,8,additive,1.0,0.001,10000,negative prices,,
10.0,9,additive,1.0,0.001,10000,negative prices,,
10.0,0,multiplicative,1e-05,0.001,10000,budget_exhausted,,2.6778935537961472
10.0,1,multiplicative,1e-05,0.001,10000,budget_exhausted,,2.378947300883068
10.0,2,multiplicative,1e-05,0.001,10000,budget_exhausted,,2.175711975147504
10.0,3,multiplicative,1e-05,0.001,10000,budget_exhausted,,2.4445884862781657
10.0,4,multiplicative,1e-05,0.001,10000,budget_exhausted,,2.106707350308378
10.0,5,multiplicative,1e-05,0.001,10000,budget_exhausted,,2.4709942445248916
10.0,6,multiplicative,1e-05,0.001,10000,budget_exhausted,,2.276823482005349
10.0,7,multiplicative,1e-05,0.001,10000,budget_exhausted,,2.367445442402232
10.0,8,multiplicative,1e-05,0.001,10000,budget_exhausted,,2.2396321176751752
10.0,9,multiplicative,1e-05,0.001,10000,budget_exhausted,,2.7332315608143873
10.0,0,multiplicative,5.1794746792312125e-05,0.001,10000,budget_exhausted,,2.6315953235977423
10.0,1,multiplicative,5.1794746792312125e-05,0.001,10000,budget_exhausted,,2.3104356842356375
10.0,2,multiplicative,5.1794746792312125e-05,0.001,10000,budget_exhausted,,2.1145476590512127
10.0,3,multiplicative,5.1794746792312125e-05,0.001,10000,budget_exhausted,,2.387806153895388
10.0,4,multiplicative,5.1794746792312125e-05,0.001,10000,budget_exhausted,,2.0437772106387038
10.0,5,multiplicative,5.1794746792312125e-05,0.001,10000,budget_exhausted,,2.421668861602272
10.0,6,multiplicative,5.1794746792312125e-05,0.001,10000,budget_exhausted,,2.2180609813954093
10.0,7,multiplicative,5.1794746792312125e-05,0.001,10000,budget_exhausted,,2.3044580982393836
10.0,8,multiplicative,5.1794746792312125e-05,0.001,10000,budget_exhausted,,2.1784829533892585
10.0,9,multiplicative,5.1794746792312125e-05,0.001,10000,budget_exhausted,,2.695236781321607
10.0,0,multiplicative,0.0002682695795279727,0.001,10000,budget_exhausted,,2.2419680352640845
10.0,1,multiplicative,0.0002682695795279727,0.001,10000,budget_exhausted,,1.9855965291549709
10.0,2,multiplicative,0.0002682695795279727,0.001,10000,budget_exhausted,,1.8492500491537087
10.0,3,multiplicative,0.0002682695795279727,0.001,10000,budget_exhausted,,2.121322256350794
10.0,4,multiplicative,0.0002682695795279727,0.001,10000,budget_exhausted,,1.7676494072143343
10.0,5,multiplicative,0.0002682695795279727,0.001,10000,budget_exhausted,,2.111189422317903
10.0,6,multiplicative,0.0002682695795279727,0.001,10000,budget_exhausted,,1.9601476126649608
10.0,7,multiplicative,0.0002682695795279727,0.001,10000,budget_exhausted,,2.02677304876539
10.0,8,multiplicative,0.0002682695795279727,0.001,10000,budget_exhausted,,1.9052237119506212
10.0,9,multiplicative,0.0002682695795279727,0.001,10000,budget_exhausted,,2.481904648486924
10.0,0,multiplicative,0.0013894954943731374,0.001,10000,budget_exhausted,,0.9071512293727104
10.0,1,multiplicative,0.0013894954943731374,0.001,10000,budget_exhausted,,0.7570729918551008
10.0,2,multiplicative,0.0013894954943731374,0.001,10000,budget_exhausted,,0.8348872238191742
10.0,3,multiplicative,0.0013894954943731374,0.001,10000,budget_exhausted,,0.9758723570648615
10.0,4,multiplicative,0.0013894954943731374,0.001,10000,budget_exhausted,,0.7534393162021833
10.0,5,multiplicative,0.0013894954943731374,0.001,10000,budget_exhausted,,0.8337126908591674
10.0,6,multiplicative,0.0013894954943731374,0.001,10000,budget_exhausted,,0.8566069867553737
10.0,7,multiplicative,0.0013894954943731374,0.001,10000,budget_exhausted,,0.8294600186859066
10.0,8,multiplicative,0.0013894954943731374,0.001,10000,budget_exhausted,,0.9907073107277081
10.0,9,multiplicative,0.0013894954943731374,0.001,10000,budget_exhausted,,1.3661870243353578
10.0,0,multiplicative,0.0071968567300115215,0.001,10000,budget_exhausted,,0.6443480530172582
10.0,1,multiplicative,0.0071968567300115215,0.001,10000,budget_exhausted,,0.09661094132413883
10.0,2,multiplicative,0.0071968567300115215,0.001,10000,budget_exhausted,,2.218834341639932
10.0,3,multiplicative,0.0071968567300115215,0.001,10000,budget_exhausted,,0.5536721078076655
10.0,4,multiplicative,0.0071968567300115215,0.001,10000,budget_exhausted,,0.23695767123281095
10.0,5,multiplicative,0.0071968567300115215,0.001,10000,budget_exhausted,,3.2010178290884146
10.0,6,multiplicative,0.0071968567300115215,0.001,10000,budget_exhausted,,0.03471088485904399
10.0,7,multiplicative,0.0071968567300115215,0.001,10000,budget_exhausted,,0.02930543078106564
10.0,8,multiplicative,0.0071968567300115215,0.001,10000,budget_exhausted,,0.17305399861065787
10.0,9,multiplicative,0.0071968567300115215,0.001,10000,budget_exhausted,,0.12433504135877207
10.0,0,multiplicative,0.037275937203149416,0.001,10000,converged,3499.0,0.0009990309888958865
10.0,1,multiplicative,0.037275937203149416,0.001,10000,converged,5232.0,0.00099675352002706
10.0,2,multiplicative,0.037275937203149416,0.001,10000,converged,4263.0,0.0009979296126285723
10.0,3,multiplicative,0.037275937203149416,0.001,10000,converged,3504.0,0.0009999955197546283
10.0,4,multiplicative,0.037275937203149416,0.001,10000,converged,4692.0,0.0009991943775049254
10.0,5,multiplicative,0.037275937203149416,0.001,10000,converged,3852.0,0.000999495629654004
10.0,6,multiplicative,0.037275937203149416,0.001,10000,converged,6404.0,0.000999406951100965
10.0,7,multiplicative,0.037275937203149416,0.001,10000,converged,6648.0,0.0009996999933234308
10.0,8,multiplicative,0.037275937203149416,0.001,10000,converged,3192.0,0.0009971781785833224
10.0,9,multiplicative,0.037275937203149416,0.001,10000,negative prices,,
10.0,0,multiplicative,0.19306977288832497,0.001,10000,converged,672.0,0.0009881717946780063
10.0,1,multiplicative,0.19306977288832497,0.001,10000,converged,1007.0,0.000996687820310711
10.0,2,multiplicative,0.19306977288832497,0.001,10000,converged,820.0,0.000984755032401375
10.0,3,multiplicative,0.19306977288832497,0.001,10000,converged,674.0,0.0009890480700242457
10.0,4,multiplicative,0.19306977288832497,0.001,10000,converged,903.0,0.000990543450158594
10.0,5,multiplicative,0.19306977288832497,0.001,10000,converged,740.0,0.000992537824920077
10.0,6,multiplicative,0.19306977288832497,0.001,10000,converged,1234.0,0.000989341265811179
10.0,7,multiplicative,0.19306977288832497,0.001,10000,converged,1281.0,0.0009954021246992685
10.0,8,multiplicative,0.19306977288832497,0.001,10000,converged,611.0,0.0009976660865650567
10.0,9,multiplicative,0.19306977288832497,0.001,10000,converged,655.0,0.0009971821337927944
10.0,0,multiplicative,1.0,0.001,10000,negative prices,,
10.0,1,multiplicative,1.0,0.001,10000,converged,192.0,0.0009064613157809558
10.0,2,multiplicative,1.0,0.001,10000,converged,155.0,0.0009246237438821945
10.0,3,multiplicative,1.0,0.001,10000,converged,127.0,0.0009836533890590095
10.0,4,multiplicative,1.0,0.001,10000,converged,171.0,0.0009777411894764123
10.0,5,multiplicative,1.0,0.001,10000,converged,139.0,0.0009419717410089939
10.0,6,multiplicative,1.0,0.001,10000,converged,236.0,0.0009006651395829212
10.0,7,multiplicative,1.0,0.001,10000,converged,245.0,0.0009322791171148017
10.0,8,multiplicative,1.0,0.001,10000,converged,114.0,0.0009331765644177797
10.0,9,multiplicative,1.0,0.001,10000,negative prices,,
