rho,instance_idx,method,initial_eta,backoff_factor,epsilon,iteration_budget,status,iterations_to_epsilon,final_norm,final_eta,min_accepted_eta,max_accepted_eta,mean_accepted_eta,mean_admissible_eta_bound,total_backoffs,max_backoffs_single_step
1.2,0,additive,10.0,0.8,0.001,5000,converged,504.0,0.0009896081258710283,0.012379400392853823,0.012379400392853823,0.0737869762948383,0.012501240821230773,430.0233279186867,30,22
1.2,1,additive,10.0,0.8,0.001,5000,budget_exhausted,,0.7830232795345493,0.037778931862957214,0.037778931862957214,0.09223372036854786,0.03780422603843109,4.482264051941545,25,21
1.2,2,additive,10.0,0.8,0.001,5000,budget_exhausted,,2.1666213431279595,0.09223372036854786,0.09223372036854786,0.11529215046068482,0.09225677879864,0.20549604572715907,21,20
1.2,0,multiplicative,10.0,0.8,0.001,5000,converged,139.0,0.0009616386820496145,0.0737869762948383,0.0737869762948383,0.14411518807585602,0.07429293465297512,529.3300237777589,22,19
1.2,1,multiplicative,10.0,0.8,0.001,5000,converged,59.0,0.0009236028611312463,0.18014398509482002,0.18014398509482002,0.18014398509482002,0.18014398509482,412.4398918854431,18,18
1.2,2,multiplicative,10.0,0.8,0.001,5000,converged,83.0,0.0009875095968748134,0.22517998136852502,0.22517998136852502,0.22517998136852502,0.22517998136852502,3974.6119706397812,17,17
1.2,0,quadratic,10.0,0.8,0.001,5000,eta below minimum,,8.628664534191422,8.263199609878173e-13,7.695704335233353e-12,0.28147497671065624,0.055819665166959354,0.05736930983404543,135,27
1.2,1,quadratic,10.0,0.8,0.001,5000,converged,106.0,0.0009849366358339114,0.28147497671065624,0.28147497671065624,0.28147497671065624,0.28147497671065613,1287.6966170590365,16,16
1.2,2,quadratic,10.0,0.8,0.001,5000,eta below minimum,,5.914388969007483,8.263199609878173e-13,2.521728396569266e-12,0.4398046511104003,0.06682762665538759,0.06274663605992051,135,16
1.5,0,additive,10.0,0.8,0.001,5000,converged,307.0,0.0009929612893575367,0.019342813113834095,0.019342813113834095,0.09223372036854786,0.019580242779158895,666.9101678185871,28,21
1.5,1,additive,10.0,0.8,0.001,5000,budget_exhausted,,0.7416760412626011,0.09223372036854786,0.09223372036854786,0.18014398509482002,0.09226974916556682,4.707374530362582,21,18
1.5,2,additive,10.0,0.8,0.001,5000,budget_exhausted,,0.9770710806272775,0.18014398509482002,0.18014398509482002,0.18014398509482002,0.18014398509482007,0.30851544883099075,18,18
1.5,0,multiplicative,10.0,0.8,0.001,5000,converged,49.0,0.0008796158073476909,0.18014398509482002,0.18014398509482002,0.18014398509482002,0.18014398509482002,143.26725189654505,18,18
1.5,1,multiplicative,10.0,0.8,0.001,5000,converged,45.0,0.00099619979827882,0.28147497671065624,0.28147497671065624,0.28147497671065624,0.28147497671065624,246.1826764959216,16,16
1.5,2,multiplicative,10.0,0.8,0.001,5000,converged,24.0,0.000842165068282648,0.3518437208883203,0.3518437208883203,0.3518437208883203,0.3518437208883203,806.6155925686962,15,15
1.5,0,quadratic,10.0,0.8,0.001,5000,eta below minimum,,2.7959696674491497,8.263199609878173e-13,1.2911249390434644e-12,0.3518437208883203,0.13786774354031853,0.2884461674292535,135,23
1.5,1,quadratic,10.0,0.8,0.001,5000,eta below minimum,,2.308354476668616,8.263199609878173e-13,1.503067252975264e-11,0.5497558138880003,0.21484671554498144,0.29208307733154465,135,35
1.5,2,quadratic,10.0,0.8,0.001,5000,converged,61.0,0.0009188965722170164,0.5497558138880003,0.5497558138880003,0.5497558138880003,0.5497558138880003,2356.0100215712087,13,13
2.0,0,additive,10.0,0.8,0.001,5000,converged,252.0,0.0009971540570755072,0.037778931862957214,0.037778931862957214,0.11529215046068482,0.03808652400024979,1479.9788931146406,25,20
2.0,1,additive,10.0,0.8,0.001,5000,budget_exhausted,,0.9333107416314367,0.22517998136852502,0.22517998136852502,0.28147497671065624,0.22521375836573024,0.29684333090290077,17,16
2.0,2,additive,10.0,0.8,0.001,5000,converged,27.0,0.0008425157251671915,0.28147497671065624,0.28147497671065624,0.3518437208883203,0.29189997584808797,317.8929173686668,16,15
2.0,0,multiplicative,10.0,0.8,0.001,5000,converged,48.0,0.0008565908187102223,0.22517998136852502,0.22517998136852502,0.22517998136852502,0.225179981368525,489.7073481872523,17,17
2.0,1,multiplicative,10.0,0.8,0.001,5000,converged,21.0,0.0008514958946104538,0.5497558138880003,0.5497558138880003,0.5497558138880003,0.5497558138880002,236.82150767132183,13,13
2.0,2,multiplicative,10.0,0.8,0.001,5000,converged,17.0,0.0006752977120411466,0.6871947673600004,0.6871947673600004,0.6871947673600004,0.6871947673600004,1511.2210057714353,12,12
2.0,0,quadratic,10.0,0.8,0.001,5000,eta below minimum,,1.9583248242032696,8.263199609878173e-13,8.958978968711277e-11,0.4398046511104003,0.1543696058261114,0.3940693198442611,135,21
2.0,1,quadratic,10.0,0.8,0.001,5000,converged,95.0,0.0009430492978893939,0.8589934592000005,0.8589934592000005,0.8589934592000005,0.8589934591999999,5550.536885351316,11,11
2.0,2,quadratic,10.0,0.8,0.001,5000,converged,52.0,0.0008703784814450395,1.0737418240000005,1.0737418240000005,1.0737418240000005,1.0737418240000007,6597.818297879693,10,10
3.0,0,additive,10.0,0.8,0.001,5000,converged,542.0,0.0009980408150037027,0.037778931862957214,0.037778931862957214,0.18014398509482002,0.039078427554273355,2201.5961158737173,25,18
3.0,1,additive,10.0,0.8,0.001,5000,converged,114.0,0.0009618321662268659,0.28147497671065624,0.28147497671065624,0.4398046511104003,0.2925858310544978,102.77722529161005,16,14
3.0,2,additive,10.0,0.8,0.001,5000,converged,67.0,0.0009027612919333593,0.4398046511104003,0.4398046511104003,0.5497558138880003,0.45621527242048987,200.98388089017544,14,13
3.0,0,multiplicative,10.0,0.8,0.001,5000,converged,52.0,0.0009562278526536232,0.3518437208883203,0.3518437208883203,0.3518437208883203,0.35184372088832017,597.7774170864025,15,15
3.0,1,multiplicative,10.0,0.8,0.001,5000,converged,20.0,0.0007773458887459093,0.8589934592000005,0.8589934592000005,0.8589934592000005,0.8589934592000004,430.5426732110127,11,11
3.0,2,multiplicative,10.0,0.8,0.001,5000,converged,15.0,0.0008717513258599785,1.0737418240000005,1.0737418240000005,1.0737418240000005,1.0737418240000005,413.8056861168401,10,10
3.0,0,quadratic,10.0,0.8,0.001,5000,eta below minimum,,1.8809682030113521,8.263199609878173e-13,2.037035976334498e-09,0.6871947673600004,0.315347033291912,0.7379084235759996,135,35
3.0,1,quadratic,10.0,0.8,0.001,5000,converged,142.0,0.0009882421406100003,1.3421772800000007,1.3421772800000007,1.3421772800000007,1.342177280000001,37415.06275819937,9,9
3.0,2,quadratic,10.0,0.8,0.001,5000,converged,69.0,0.0009985357971826043,2.097152000000001,2.097152000000001,2.097152000000001,2.0971520000000003,24477.49301058712,7,7
5.0,0,additive,10.0,0.8,0.001,5000,budget_exhausted,,0.36651956644900485,0.019342813113834095,0.019342813113834095,0.28147497671065624,0.01968371474789252,8.048672078386799,28,16
5.0,1,additive,10.0,0.8,0.001,5000,budget_exhausted,,0.28094638276557465,0.22517998136852502,0.22517998136852502,0.6871947673600004,0.2254567504354687,1.1849275721135202,17,12
5.0,2,additive,10.0,0.8,0.001,5000,budget_exhausted,,0.3439580265326589,0.4398046511104003,0.4398046511104003,0.8589934592000005,0.44019910090686487,2.5637818255560276,14,11
5.0,0,multiplicative,10.0,0.8,0.001,5000,converged,71.0,0.0009806738344288355,0.5497558138880003,0.5497558138880003,0.5497558138880003,0.5497558138880001,436.0670647508957,13,13
5.0,1,multiplicative,10.0,0.8,0.001,5000,converged,33.0,0.0009888433358653393,1.0737418240000005,1.0737418240000005,1.0737418240000005,1.0737418240000005,540.1799005311649,10,10
5.0,2,multiplicative,10.0,0.8,0.001,5000,converged,22.0,0.0007900064428165536,1.6777216000000008,1.6777216000000008,1.6777216000000008,1.6777216000000008,825.746274067331,8,8
5.0,0,quadratic,10.0,0.8,0.001,5000,eta below minimum,,2.177043120000808,8.263199609878173e-13,1.0328999512347716e-12,1.0737418240000005,0.2327296440276823,0.37843714351663194,135,23
5.0,1,quadratic,10.0,0.8,0.001,5000,eta below minimum,,1.6058248430635687,8.263199609878173e-13,1.8788340662190798e-11,2.097152000000001,0.3962635602089427,0.4693498485125822,135,22
5.0,2,quadratic,10.0,0.8,0.001,5000,eta below minimum,,1.3812041664668664,8.263199609878173e-13,1.2024538023802112e-11,3.276800000000001,0.5759188738710344,0.5799857925079718,135,19
10.0,0,additive,10.0,0.8,0.001,5000,budget_exhausted,,0.7519500333915169,0.000850705917302348,0.000850705917302348,0.4398046511104003,0.0012712187215161222,0.9849878318451634,42,14
10.0,1,additive,10.0,0.8,0.001,5000,budget_exhausted,,0.09050127316308475,0.019342813113834095,0.019342813113834095,0.8589934592000005,0.021771451939457093,1.0214545689465575,28,11
10.0,2,additive,10.0,0.8,0.001,5000,budget_exhausted,,0.23286940172402698,0.030223145490365772,0.030223145490365772,1.0737418240000005,0.049234100248602496,1.5370884491542383,26,10
10.0,0,multiplicative,10.0,0.8,0.001,5000,converged,185.0,0.0009926849471624949,0.6871947673600004,0.6871947673600004,0.6871947673600004,0.6871947673600004,604.927793128812,12,12
10.0,1,multiplicative,10.0,0.8,0.001,5000,converged,142.0,0.0008993556078805083,1.3421772800000007,1.3421772800000007,1.3421772800000007,1.342177280000001,444.9975299571761,9,9
10.0,2,multiplicative,10.0,0.8,0.001,5000,converged,71.0,0.0009347427352962097,2.097152000000001,2.097152000000001,2.097152000000001,2.0971520000000003,522.7308772576027,7,7
10.0,0,quadratic,10.0,0.8,0.001,5000,eta below minimum,,2.1828679982547827,8.263199609878173e-13,1.6139061738043304e-12,1.3421772800000007,0.3905299448392635,0.8399465101026324,135,17
10.0,1,quadratic,10.0,0.8,0.001,5000,eta below minimum,,1.9937293500922795,8.263199609878173e-13,2.017382717255413e-12,2.621440000000001,0.38494799921802064,0.4280403874832102,135,14
10.0,2,quadratic,10.0,0.8,0.001,5000,eta below minimum,,1.779258294797955,8.263199609878173e-13,3.940200619639478e-12,4.096000000000001,0.6137207144031673,0.5825828885624522,135,23
