rho,method,epsilon,converged_count,avg_iterations_to_epsilon,median_iterations_to_epsilon,avg_iterations_with_failures_as_budget,avg_final_norm,avg_final_eta,median_final_eta,avg_min_accepted_eta,avg_max_accepted_eta,avg_mean_accepted_eta,avg_mean_admissible_eta_bound,avg_total_backoffs,max_backoffs_single_step,num_instances,convergence_rate
1.2,additive,0.001,1,406.0,406.0,18041.5,0.7814573281040661,0.04196995124456539,0.036403878376766646,0.04196995124456539,0.1034058444348906,0.04199902318388185,81.02925688600138,550.3,514,10,0.1
1.2,additive,0.005,1,329.0,329.0,18033.8,0.7814573281040661,0.04196995124456539,0.036403878376766646,0.04196995124456539,0.1034058444348906,0.04199902318388185,81.02925688600138,550.3,514,10,0.1
1.2,additive,0.01,1,296.0,296.0,18030.5,0.7814573281040661,0.04196995124456539,0.036403878376766646,0.04196995124456539,0.1034058444348906,0.04199902318388185,81.02925688600138,550.3,514,10,0.1
1.2,additive,0.05,1,217.0,217.0,18022.6,0.7814573281040661,0.04196995124456539,0.036403878376766646,0.04196995124456539,0.1034058444348906,0.04199902318388185,81.02925688600138,550.3,514,10,0.1
1.2,additive,0.1,1,178.0,178.0,18018.7,0.7814573281040661,0.04196995124456539,0.036403878376766646,0.04196995124456539,0.1034058444348906,0.04199902318388185,81.02925688600138,550.3,514,10,0.1
1.2,multiplicative,0.001,10,95.9,72.0,95.9,0.0009402753559476928,0.16492467020674903,0.15841139050058703,0.16492467020674903,0.175285946624643,0.16505629092326204,754.988666189163,411.9,467,10,1.0
1.2,multiplicative,0.005,10,75.9,56.0,75.9,0.0009402753559476928,0.16492467020674903,0.15841139050058703,0.16492467020674903,0.175285946624643,0.16505629092326204,754.988666189163,411.9,467,10,1.0
1.2,multiplicative,0.01,10,56.0,48.5,56.0,0.0009402753559476928,0.16492467020674903,0.15841139050058703,0.16492467020674903,0.175285946624643,0.16505629092326204,754.988666189163,411.9,467,10,1.0
1.2,multiplicative,0.05,10,38.3,35.0,38.3,0.0009402753559476928,0.16492467020674903,0.15841139050058703,0.16492467020674903,0.175285946624643,0.16505629092326204,754.988666189163,411.9,467,10,1.0
1.2,multiplicative,0.1,10,34.6,31.0,34.6,0.0009402753559476928,0.16492467020674903,0.15841139050058703,0.16492467020674903,0.175285946624643,0.16505629092326204,754.988666189163,411.9,467,10,1.0
1.2,quadratic,0.001,0,,,20001.0,10.316805665131508,9.900047486404985e-19,9.900047486404983e-19,6.439273181397759e-17,0.29906020102792674,0.05375119656549944,0.04823097955546436,4354.0,909,10,0.0
1.2,quadratic,0.005,0,,,20001.0,10.316805665131508,9.900047486404985e-19,9.900047486404983e-19,6.439273181397759e-17,0.29906020102792674,0.05375119656549944,0.04823097955546436,4354.0,909,10,0.0
1.2,quadratic,0.01,0,,,20001.0,10.316805665131508,9.900047486404985e-19,9.900047486404983e-19,6.439273181397759e-17,0.29906020102792674,0.05375119656549944,0.04823097955546436,4354.0,909,10,0.0
1.2,quadratic,0.05,0,,,20001.0,10.316805665131508,9.900047486404985e-19,9.900047486404983e-19,6.439273181397759e-17,0.29906020102792674,0.05375119656549944,0.04823097955546436,4354.0,909,10,0.0
1.2,quadratic,0.1,0,,,20001.0,10.316805665131508,9.900047486404985e-19,9.900047486404983e-19,6.439273181397759e-17,0.29906020102792674,0.05375119656549944,0.04823097955546436,4354.0,909,10,0.0
1.5,additive,0.001,3,501.6666666666667,175.0,14151.2,0.7031081041013049,0.08610232154008221,0.07892919450596486,0.08610232154008221,0.15930138688531476,0.08632634390403457,309.592643065057,480.2,474,10,0.3
1.5,additive,0.005,3,339.6666666666667,132.0,14102.6,0.7031081041013049,0.08610232154008221,0.07892919450596486,0.08610232154008221,0.15930138688531476,0.08632634390403457,309.592643065057,480.2,474,10,0.3
1.5,additive,0.01,3,270.3333333333333,114.0,14081.8,0.7031081041013049,0.08610232154008221,0.07892919450596486,0.08610232154008221,0.15930138688531476,0.08632634390403457,309.592643065057,480.2,474,10,0.3
1.5,additive,0.05,3,116.66666666666667,75.0,14035.7,0.7031081041013049,0.08610232154008221,0.07892919450596486,0.08610232154008221,0.15930138688531476,0.08632634390403457,309.592643065057,480.2,474,10,0.3
1.5,additive,0.1,3,64.0,60.0,14019.9,0.7031081041013049,0.08610232154008221,0.07892919450596486,0.08610232154008221,0.15930138688531476,0.08632634390403457,309.592643065057,480.2,474,10,0.3
1.5,multiplicative,0.001,10,37.9,34.5,37.9,0.0008982536260446816,0.2655559190183284,0.2726850152323764,0.2655559190183284,0.2703708959490511,0.2657411104387408,472.3985683663706,364.8,427,10,1.0
1.5,multiplicative,0.005,10,30.3,29.0,30.3,0.0008982536260446816,0.2655559190183284,0.2726850152323764,0.2655559190183284,0.2703708959490511,0.2657411104387408,472.3985683663706,364.8,427,10,1.0
1.5,multiplicative,0.01,10,27.8,28.0,27.8,0.0008982536260446816,0.2655559190183284,0.2726850152323764,0.2655559190183284,0.2703708959490511,0.2657411104387408,472.3985683663706,364.8,427,10,1.0
1.5,multiplicative,0.05,10,23.0,22.5,23.0,0.0008982536260446816,0.2655559190183284,0.2726850152323764,0.2655559190183284,0.2703708959490511,0.2657411104387408,472.3985683663706,364.8,427,10,1.0
1.5,multiplicative,0.1,10,21.5,21.0,21.5,0.0008982536260446816,0.2655559190183284,0.2726850152323764,0.2655559190183284,0.2703708959490511,0.2657411104387408,472.3985683663706,364.8,427,10,1.0
1.5,quadratic,0.001,0,,,20001.0,5.25369932522795,9.900047486404985e-19,9.900047486404983e-19,3.982397701005779e-17,0.4601725137975527,0.08311935726741498,0.07475469029148063,4354.0,1011,10,0.0
1.5,quadratic,0.005,0,,,20001.0,5.25369932522795,9.900047486404985e-19,9.900047486404983e-19,3.982397701005779e-17,0.4601725137975527,0.08311935726741498,0.07475469029148063,4354.0,1011,10,0.0
1.5,quadratic,0.01,0,,,20001.0,5.25369932522795,9.900047486404985e-19,9.900047486404983e-19,3.982397701005779e-17,0.4601725137975527,0.08311935726741498,0.07475469029148063,4354.0,1011,10,0.0
1.5,quadratic,0.05,0,,,20001.0,5.25369932522795,9.900047486404985e-19,9.900047486404983e-19,3.982397701005779e-17,0.4601725137975527,0.08311935726741498,0.07475469029148063,4354.0,1011,10,0.0
1.5,quadratic,0.1,0,,,20001.0,5.25369932522795,9.900047486404985e-19,9.900047486404983e-19,3.982397701005779e-17,0.4601725137975527,0.08311935726741498,0.07475469029148063,4354.0,1011,10,0.0
2.0,additive,0.001,3,3414.6666666666665,261.0,15025.1,0.5860923234143328,0.15739962060285756,0.14138273675575577,0.15739962060285756,0.26297991255241643,0.1576568051758023,232.8645285181161,420.0,413,10,0.3
2.0,additive,0.005,3,2377.6666666666665,189.0,14714.0,0.5860923234143328,0.15739962060285756,0.14138273675575577,0.15739962060285756,0.26297991255241643,0.1576568051758023,232.8645285181161,420.0,413,10,0.3
2.0,additive,0.01,3,1931.6666666666667,158.0,14580.2,0.5860923234143328,0.15739962060285756,0.14138273675575577,0.15739962060285756,0.26297991255241643,0.1576568051758023,232.8645285181161,420.0,413,10,0.3
2.0,additive,0.05,3,915.6666666666666,87.0,14275.4,0.5860923234143328,0.15739962060285756,0.14138273675575577,0.15739962060285756,0.26297991255241643,0.1576568051758023,232.8645285181161,420.0,413,10,0.3
2.0,additive,0.1,3,525.3333333333334,57.0,14158.3,0.5860923234143328,0.15739962060285756,0.14138273675575577,0.15739962060285756,0.26297991255241643,0.1576568051758023,232.8645285181161,420.0,413,10,0.3
2.0,multiplicative,0.001,10,27.3,25.0,27.3,0.0008589220394959535,0.4465002450949461,0.45288796885965277,0.4465002450949461,0.4465002450949461,0.446500245094946,802.7846405737986,313.7,366,10,1.0
2.0,multiplicative,0.005,10,22.7,20.5,22.7,0.0008589220394959535,0.4465002450949461,0.45288796885965277,0.4465002450949461,0.4465002450949461,0.446500245094946,802.7846405737986,313.7,366,10,1.0
2.0,multiplicative,0.01,10,21.1,19.5,21.1,0.0008589220394959535,0.4465002450949461,0.45288796885965277,0.4465002450949461,0.4465002450949461,0.446500245094946,802.7846405737986,313.7,366,10,1.0
2.0,multiplicative,0.05,10,17.0,15.5,17.0,0.0008589220394959535,0.4465002450949461,0.45288796885965277,0.4465002450949461,0.4465002450949461,0.446500245094946,802.7846405737986,313.7,366,10,1.0
2.0,multiplicative,0.1,10,15.3,14.0,15.3,0.0008589220394959535,0.4465002450949461,0.45288796885965277,0.4465002450949461,0.4465002450949461,0.446500245094946,802.7846405737986,313.7,366,10,1.0
2.0,quadratic,0.001,0,,,20001.0,3.0118024137376294,9.900047486404985e-19,9.900047486404983e-19,2.161713052797257e-17,0.7592090883164697,0.13056321660746223,0.11793002111821085,4354.0,1020,10,0.0
2.0,quadratic,0.005,0,,,20001.0,3.0118024137376294,9.900047486404985e-19,9.900047486404983e-19,2.161713052797257e-17,0.7592090883164697,0.13056321660746223,0.11793002111821085,4354.0,1020,10,0.0
2.0,quadratic,0.01,0,,,20001.0,3.0118024137376294,9.900047486404985e-19,9.900047486404983e-19,2.161713052797257e-17,0.7592090883164697,0.13056321660746223,0.11793002111821085,4354.0,1020,10,0.0
2.0,quadratic,0.05,0,,,20001.0,3.0118024137376294,9.900047486404985e-19,9.900047486404983e-19,2.161713052797257e-17,0.7592090883164697,0.13056321660746223,0.11793002111821085,4354.0,1020,10,0.0
2.0,quadratic,0.1,0,,,20001.0,3.0118024137376294,9.900047486404985e-19,9.900047486404983e-19,2.161713052797257e-17,0.7592090883164697,0.13056321660746223,0.11793002111821085,4354.0,1020,10,0.0
3.0,additive,0.001,0,,,20001.0,0.8587643169500021,0.2496408235232507,0.26755538756122843,0.2496408235232507,0.4557640200228502,0.24968923672749882,4.057592109404325,380.0,354,10,0.0
3.0,additive,0.005,0,,,20001.0,0.8587643169500021,0.2496408235232507,0.26755538756122843,0.2496408235232507,0.4557640200228502,0.24968923672749882,4.057592109404325,380.0,354,10,0.0
3.0,additive,0.01,0,,,20001.0,0.8587643169500021,0.2496408235232507,0.26755538756122843,0.2496408235232507,0.4557640200228502,0.24968923672749882,4.057592109404325,380.0,354,10,0.0
3.0,additive,0.05,0,,,20001.0,0.8587643169500021,0.2496408235232507,0.26755538756122843,0.2496408235232507,0.4557640200228502,0.24968923672749882,4.057592109404325,380.0,354,10,0.0
3.0,additive,0.1,0,,,20001.0,0.8587643169500021,0.2496408235232507,0.26755538756122843,0.2496408235232507,0.4557640200228502,0.24968923672749882,4.057592109404325,380.0,354,10,0.0
3.0,multiplicative,0.001,10,25.7,21.5,25.7,0.0008858146482527115,0.7738378359349821,0.7909613647965101,0.7738378359349821,0.7738378359349821,0.7738378359349821,697.4655272028682,258.6,306,10,1.0
3.0,multiplicative,0.005,10,20.7,18.0,20.7,0.0008858146482527115,0.7738378359349821,0.7909613647965101,0.7738378359349821,0.7738378359349821,0.7738378359349821,697.4655272028682,258.6,306,10,1.0
3.0,multiplicative,0.01,10,18.7,16.5,18.7,0.0008858146482527115,0.7738378359349821,0.7909613647965101,0.7738378359349821,0.7738378359349821,0.7738378359349821,697.4655272028682,258.6,306,10,1.0
3.0,multiplicative,0.05,10,14.0,13.0,14.0,0.0008858146482527115,0.7738378359349821,0.7909613647965101,0.7738378359349821,0.7738378359349821,0.7738378359349821,697.4655272028682,258.6,306,10,1.0
3.0,multiplicative,0.1,10,12.4,12.0,12.4,0.0008858146482527115,0.7738378359349821,0.7909613647965101,0.7738378359349821,0.7738378359349821,0.7738378359349821,697.4655272028682,258.6,306,10,1.0
3.0,quadratic,0.001,0,,,20001.0,2.3032331451166104,9.900047486404985e-19,9.900047486404983e-19,6.500681140492294e-17,1.3182925554281328,0.1932347938406411,0.17454566816145572,4354.0,833,10,0.0
3.0,quadratic,0.005,0,,,20001.0,2.3032331451166104,9.900047486404985e-19,9.900047486404983e-19,6.500681140492294e-17,1.3182925554281328,0.1932347938406411,0.17454566816145572,4354.0,833,10,0.0
3.0,quadratic,0.01,0,,,20001.0,2.3032331451166104,9.900047486404985e-19,9.900047486404983e-19,6.500681140492294e-17,1.3182925554281328,0.1932347938406411,0.17454566816145572,4354.0,833,10,0.0
3.0,quadratic,0.05,0,,,20001.0,2.3032331451166104,9.900047486404985e-19,9.900047486404983e-19,6.500681140492294e-17,1.3182925554281328,0.1932347938406411,0.17454566816145572,4354.0,833,10,0.0
3.0,quadratic,0.1,0,,,20001.0,2.3032331451166104,9.900047486404985e-19,9.900047486404983e-19,6.500681140492294e-17,1.3182925554281328,0.1932347938406411,0.17454566816145572,4354.0,833,10,0.0
5.0,additive,0.001,1,2464.0,2464.0,18247.3,0.3539740581976714,0.2172267992945752,0.2162101551013172,0.2172267992945752,0.6859555537616319,0.21754150824787075,7.805925531356676,412.5,313,10,0.1
5.0,additive,0.005,2,2294.5,2294.5,16459.7,0.3539740581976714,0.2172267992945752,0.2162101551013172,0.2172267992945752,0.6859555537616319,0.21754150824787075,7.805925531356676,412.5,313,10,0.2
5.0,additive,0.01,4,1404.75,814.5,12562.5,0.3539740581976714,0.2172267992945752,0.2162101551013172,0.2172267992945752,0.6859555537616319,0.21754150824787075,7.805925531356676,412.5,313,10,0.4
5.0,additive,0.05,6,493.6666666666667,284.5,8296.6,0.3539740581976714,0.2172267992945752,0.2162101551013172,0.2172267992945752,0.6859555537616319,0.21754150824787075,7.805925531356676,412.5,313,10,0.6
5.0,additive,0.1,6,247.33333333333334,134.0,8148.8,0.3539740581976714,0.2172267992945752,0.2162101551013172,0.2172267992945752,0.6859555537616319,0.21754150824787075,7.805925531356676,412.5,313,10,0.6
5.0,multiplicative,0.001,10,36.5,29.5,36.5,0.0008683203902107247,1.1674659572000454,1.230108889656801,1.1674659572000454,1.1674659572000454,1.1674659572000454,633.1718439354789,217.8,266,10,1.0
5.0,multiplicative,0.005,10,27.8,22.5,27.8,0.0008683203902107247,1.1674659572000454,1.230108889656801,1.1674659572000454,1.1674659572000454,1.1674659572000454,633.1718439354789,217.8,266,10,1.0
5.0,multiplicative,0.01,10,24.5,20.0,24.5,0.0008683203902107247,1.1674659572000454,1.230108889656801,1.1674659572000454,1.1674659572000454,1.1674659572000454,633.1718439354789,217.8,266,10,1.0
5.0,multiplicative,0.05,10,17.0,14.0,17.0,0.0008683203902107247,1.1674659572000454,1.230108889656801,1.1674659572000454,1.1674659572000454,1.1674659572000454,633.1718439354789,217.8,266,10,1.0
5.0,multiplicative,0.1,10,14.0,11.5,14.0,0.0008683203902107247,1.1674659572000454,1.230108889656801,1.1674659572000454,1.1674659572000454,1.1674659572000454,633.1718439354789,217.8,266,10,1.0
5.0,quadratic,0.001,0,,,20001.0,2.1457805607031397,9.900047486404985e-19,9.900047486404983e-19,5.696480925419575e-17,1.9916715096625697,0.28116329360598347,0.252849469412977,4354.0,882,10,0.0
5.0,quadratic,0.005,0,,,20001.0,2.1457805607031397,9.900047486404985e-19,9.900047486404983e-19,5.696480925419575e-17,1.9916715096625697,0.28116329360598347,0.252849469412977,4354.0,882,10,0.0
5.0,quadratic,0.01,0,,,20001.0,2.1457805607031397,9.900047486404985e-19,9.900047486404983e-19,5.696480925419575e-17,1.9916715096625697,0.28116329360598347,0.252849469412977,4354.0,882,10,0.0
5.0,quadratic,0.05,0,,,20001.0,2.1457805607031397,9.900047486404985e-19,9.900047486404983e-19,5.696480925419575e-17,1.9916715096625697,0.28116329360598347,0.252849469412977,4354.0,882,10,0.0
5.0,quadratic,0.1,0,,,20001.0,2.1457805607031397,9.900047486404985e-19,9.900047486404983e-19,5.696480925419575e-17,1.9916715096625697,0.28116329360598347,0.252849469412977,4354.0,882,10,0.0
10.0,additive,0.001,0,,,20001.0,0.7707805630595982,0.007065929399473099,0.005728269744037027,0.007065929399473099,0.9025632640665693,0.01481670565520822,1.1870981990969607,773.1,436,10,0.0
10.0,additive,0.005,0,,,20001.0,0.7707805630595982,0.007065929399473099,0.005728269744037027,0.007065929399473099,0.9025632640665693,0.01481670565520822,1.1870981990969607,773.1,436,10,0.0
10.0,additive,0.01,0,,,20001.0,0.7707805630595982,0.007065929399473099,0.005728269744037027,0.007065929399473099,0.9025632640665693,0.01481670565520822,1.1870981990969607,773.1,436,10,0.0
10.0,additive,0.05,0,,,20001.0,0.7707805630595982,0.007065929399473099,0.005728269744037027,0.007065929399473099,0.9025632640665693,0.01481670565520822,1.1870981990969607,773.1,436,10,0.0
10.0,additive,0.1,2,2202.5,2202.5,16441.3,0.7707805630595982,0.007065929399473099,0.005728269744037027,0.007065929399473099,0.9025632640665693,0.01481670565520822,1.1870981990969607,773.1,436,10,0.2
10.0,multiplicative,0.001,10,98.0,94.0,98.0,0.0008771871807019712,1.4319962113175042,1.5501650719184787,1.4319962113175042,1.5338766171017246,1.4752392676952804,613.8384308824732,196.3,240,10,1.0
10.0,multiplicative,0.005,10,87.2,84.5,87.2,0.0008771871807019712,1.4319962113175042,1.5501650719184787,1.4319962113175042,1.5338766171017246,1.4752392676952804,613.8384308824732,196.3,240,10,1.0
10.0,multiplicative,0.01,10,82.8,80.0,82.8,0.0008771871807019712,1.4319962113175042,1.5501650719184787,1.4319962113175042,1.5338766171017246,1.4752392676952804,613.8384308824732,196.3,240,10,1.0
10.0,multiplicative,0.05,10,72.4,69.0,72.4,0.0008771871807019712,1.4319962113175042,1.5501650719184787,1.4319962113175042,1.5338766171017246,1.4752392676952804,613.8384308824732,196.3,240,10,1.0
10.0,multiplicative,0.1,10,67.9,64.0,67.9,0.0008771871807019712,1.4319962113175042,1.5501650719184787,1.4319962113175042,1.5338766171017246,1.4752392676952804,613.8384308824732,196.3,240,10,1.0
10.0,quadratic,0.001,0,,,20001.0,2.2015240526398907,9.900047486404985e-19,9.900047486404983e-19,2.9801206784485593e-16,2.624467641920683,0.3376976022879107,0.30414964101723674,4354.0,1015,10,0.0
10.0,quadratic,0.005,0,,,20001.0,2.2015240526398907,9.900047486404985e-19,9.900047486404983e-19,2.9801206784485593e-16,2.624467641920683,0.3376976022879107,0.30414964101723674,4354.0,1015,10,0.0
10.0,quadratic,0.01,0,,,20001.0,2.2015240526398907,9.900047486404985e-19,9.900047486404983e-19,2.9801206784485593e-16,2.624467641920683,0.3376976022879107,0.30414964101723674,4354.0,1015,10,0.0
10.0,quadratic,0.05,0,,,20001.0,2.2015240526398907,9.900047486404985e-19,9.900047486404983e-19,2.9801206784485593e-16,2.624467641920683,0.3376976022879107,0.30414964101723674,4354.0,1015,10,0.0
10.0,quadratic,0.1,0,,,20001.0,2.2015240526398907,9.900047486404985e-19,9.900047486404983e-19,2.9801206784485593e-16,2.624467641920683,0.3376976022879107,0.30414964101723674,4354.0,1015,10,0.0
