rho,method,epsilon,converged_count,avg_iterations_to_epsilon,median_iterations_to_epsilon,avg_iterations_with_failures_as_budget,avg_final_norm,avg_final_eta,median_final_eta,avg_attempts_started,avg_rejected_attempts,avg_rejected_iterations,avg_budget_exhausted_restarts,num_instances,convergence_rate
1.2,additive,0.001,5,252.8,237.0,252.8,0.0009904978772433855,0.009052525407381582,0.00887429628939298,138.6,136.2,155.6,1.4,5,1.0
1.2,additive,0.005,5,199.4,187.0,199.4,0.0009904978772433855,0.009052525407381582,0.00887429628939298,138.6,136.2,155.6,1.4,5,1.0
1.2,additive,0.01,5,177.0,166.0,177.0,0.0009904978772433855,0.009052525407381582,0.00887429628939298,138.6,136.2,155.6,1.4,5,1.0
1.2,additive,0.05,5,127.8,118.0,127.8,0.0009904978772433855,0.009052525407381582,0.00887429628939298,138.6,136.2,155.6,1.4,5,1.0
1.2,additive,0.1,5,107.0,98.0,107.0,0.0009904978772433855,0.009052525407381582,0.00887429628939298,138.6,136.2,155.6,1.4,5,1.0
1.5,additive,0.001,5,156.6,129.0,156.6,0.000983291701261573,0.018776662676620887,0.017287295506145165,124.6,122.6,132.4,1.0,5,1.0
1.5,additive,0.005,5,121.8,103.0,121.8,0.000983291701261573,0.018776662676620887,0.017287295506145165,124.6,122.6,132.4,1.0,5,1.0
1.5,additive,0.01,5,107.6,92.0,107.6,0.000983291701261573,0.018776662676620887,0.017287295506145165,124.6,122.6,132.4,1.0,5,1.0
1.5,additive,0.05,5,76.0,67.0,76.0,0.000983291701261573,0.018776662676620887,0.017287295506145165,124.6,122.6,132.4,1.0,5,1.0
1.5,additive,0.1,5,63.2,56.0,63.2,0.000983291701261573,0.018776662676620887,0.017287295506145165,124.6,122.6,132.4,1.0,5,1.0
2.0,additive,0.001,5,156.8,135.0,156.8,0.000980890828655968,0.04257155523085387,0.04822308053269669,109.0,107.6,143.6,0.4,5,1.0
2.0,additive,0.005,5,103.0,89.0,103.0,0.000980890828655968,0.04257155523085387,0.04822308053269669,109.0,107.6,143.6,0.4,5,1.0
2.0,additive,0.01,5,87.8,70.0,87.8,0.000980890828655968,0.04257155523085387,0.04822308053269669,109.0,107.6,143.6,0.4,5,1.0
2.0,additive,0.05,5,56.6,39.0,56.6,0.000980890828655968,0.04257155523085387,0.04822308053269669,109.0,107.6,143.6,0.4,5,1.0
2.0,additive,0.1,5,45.0,31.0,45.0,0.000980890828655968,0.04257155523085387,0.04822308053269669,109.0,107.6,143.6,0.4,5,1.0
3.0,additive,0.001,5,199.4,121.0,199.4,0.0009839376756730302,0.06859101215661022,0.08478036692943842,100.2,98.0,189.0,1.2,5,1.0
3.0,additive,0.005,5,146.2,89.0,146.2,0.0009839376756730302,0.06859101215661022,0.08478036692943842,100.2,98.0,189.0,1.2,5,1.0
3.0,additive,0.01,5,122.0,76.0,122.0,0.0009839376756730302,0.06859101215661022,0.08478036692943842,100.2,98.0,189.0,1.2,5,1.0
3.0,additive,0.05,5,72.8,45.0,72.8,0.0009839376756730302,0.06859101215661022,0.08478036692943842,100.2,98.0,189.0,1.2,5,1.0
3.0,additive,0.1,5,55.0,34.0,55.0,0.0009839376756730302,0.06859101215661022,0.08478036692943842,100.2,98.0,189.0,1.2,5,1.0
