rho,method,epsilon,converged_count,avg_iterations_to_epsilon,median_iterations_to_epsilon,avg_iterations_with_failures_as_budget,avg_final_norm,avg_final_eta,median_final_eta,avg_attempts_started,avg_rejected_attempts,avg_rejected_iterations,num_instances,convergence_rate
1.2,additive,0.001,2,216.5,216.5,6087.2,0.5611585232183868,0.01101937899967476,0.010895307788482876,134.4,133.4,148.0,5,0.4
1.2,additive,0.005,2,170.0,170.0,6068.6,0.5611585232183868,0.01101937899967476,0.010895307788482876,134.4,133.4,148.0,5,0.4
1.2,additive,0.01,2,150.0,150.0,6060.6,0.5611585232183868,0.01101937899967476,0.010895307788482876,134.4,133.4,148.0,5,0.4
1.2,additive,0.05,2,106.0,106.0,6043.0,0.5611585232183868,0.01101937899967476,0.010895307788482876,134.4,133.4,148.0,5,0.4
1.2,additive,0.1,2,88.0,88.0,6035.8,0.5611585232183868,0.01101937899967476,0.010895307788482876,134.4,133.4,148.0,5,0.4
1.2,multiplicative,0.001,5,121.2,128.0,121.2,0.0009787294362833215,0.06760763816959423,0.0690541387413209,98.6,97.6,102.8,5,1.0
1.2,multiplicative,0.005,5,95.0,98.0,95.0,0.0009787294362833215,0.06760763816959423,0.0690541387413209,98.6,97.6,102.8,5,1.0
1.2,multiplicative,0.01,5,83.6,85.0,83.6,0.0009787294362833215,0.06760763816959423,0.0690541387413209,98.6,97.6,102.8,5,1.0
1.2,multiplicative,0.05,5,59.2,57.0,59.2,0.0009787294362833215,0.06760763816959423,0.0690541387413209,98.6,97.6,102.8,5,1.0
1.2,multiplicative,0.1,5,49.4,46.0,49.4,0.0009787294362833215,0.06760763816959423,0.0690541387413209,98.6,97.6,102.8,5,1.0
1.2,quadratic,0.001,5,500.4,490.0,500.4,0.000972055486895303,0.3261945224269994,0.33865535638032207,68.0,67.0,76.4,5,1.0
1.2,quadratic,0.005,5,465.6,439.0,465.6,0.000972055486895303,0.3261945224269994,0.33865535638032207,68.0,67.0,76.4,5,1.0
1.2,quadratic,0.01,5,453.0,421.0,453.0,0.000972055486895303,0.3261945224269994,0.33865535638032207,68.0,67.0,76.4,5,1.0
1.2,quadratic,0.05,5,427.2,397.0,427.2,0.000972055486895303,0.3261945224269994,0.33865535638032207,68.0,67.0,76.4,5,1.0
1.2,quadratic,0.1,5,416.2,391.0,416.2,0.000972055486895303,0.3261945224269994,0.33865535638032207,68.0,67.0,76.4,5,1.0
1.5,additive,0.001,3,154.66666666666666,129.0,4093.2,0.260900953716373,0.021484924542441997,0.017287295506145165,122.4,121.4,130.0,5,0.6
1.5,additive,0.005,3,119.33333333333333,103.0,4072.0,0.260900953716373,0.021484924542441997,0.017287295506145165,122.4,121.4,130.0,5,0.6
1.5,additive,0.01,3,105.0,92.0,4063.4,0.260900953716373,0.021484924542441997,0.017287295506145165,122.4,121.4,130.0,5,0.6
1.5,additive,0.05,3,74.0,67.0,4044.8,0.260900953716373,0.021484924542441997,0.017287295506145165,122.4,121.4,130.0,5,0.6
1.5,additive,0.1,3,61.333333333333336,56.0,4037.2,0.260900953716373,0.021484924542441997,0.017287295506145165,122.4,121.4,130.0,5,0.6
1.5,multiplicative,0.001,5,58.8,55.0,58.8,0.0009562299735918287,0.13307728727396423,0.14159869113351017,85.6,84.6,84.6,5,1.0
1.5,multiplicative,0.005,5,47.0,44.0,47.0,0.0009562299735918287,0.13307728727396423,0.14159869113351017,85.6,84.6,84.6,5,1.0
1.5,multiplicative,0.01,5,41.6,39.0,41.6,0.0009562299735918287,0.13307728727396423,0.14159869113351017,85.6,84.6,84.6,5,1.0
1.5,multiplicative,0.05,5,30.4,28.0,30.4,0.0009562299735918287,0.13307728727396423,0.14159869113351017,85.6,84.6,84.6,5,1.0
1.5,multiplicative,0.1,5,25.8,24.0,25.8,0.0009562299735918287,0.13307728727396423,0.14159869113351017,85.6,84.6,84.6,5,1.0
1.5,quadratic,0.001,5,1541.0,717.0,1541.0,0.0009920127730751065,0.5535048488941978,0.595385551055294,57.8,56.8,61.4,5,1.0
1.5,quadratic,0.005,5,1480.8,681.0,1480.8,0.0009920127730751065,0.5535048488941978,0.595385551055294,57.8,56.8,61.4,5,1.0
1.5,quadratic,0.01,5,1455.4,666.0,1455.4,0.0009920127730751065,0.5535048488941978,0.595385551055294,57.8,56.8,61.4,5,1.0
1.5,quadratic,0.05,5,1396.2,629.0,1396.2,0.0009920127730751065,0.5535048488941978,0.595385551055294,57.8,56.8,61.4,5,1.0
1.5,quadratic,0.1,5,1369.2,612.0,1369.2,0.0009920127730751065,0.5535048488941978,0.595385551055294,57.8,56.8,61.4,5,1.0
2.0,additive,0.001,3,212.33333333333334,189.0,4127.8,0.2983781553884154,0.04376970799229547,0.05076113740283862,108.6,107.6,143.6,5,0.6
2.0,additive,0.005,3,134.33333333333334,144.0,4081.0,0.2983781553884154,0.04376970799229547,0.05076113740283862,108.6,107.6,143.6,5,0.6
2.0,additive,0.01,3,113.33333333333333,125.0,4068.4,0.2983781553884154,0.04376970799229547,0.05076113740283862,108.6,107.6,143.6,5,0.6
2.0,additive,0.05,3,72.0,83.0,4043.6,0.2983781553884154,0.04376970799229547,0.05076113740283862,108.6,107.6,143.6,5,0.6
2.0,additive,0.1,3,57.0,66.0,4034.6,0.2983781553884154,0.04376970799229547,0.05076113740283862,108.6,107.6,143.6,5,0.6
2.0,multiplicative,0.001,5,42.4,39.0,42.4,0.0009147683978590485,0.25927874030672826,0.2758369043677497,72.6,71.6,71.6,5,1.0
2.0,multiplicative,0.005,5,34.6,31.0,34.6,0.0009147683978590485,0.25927874030672826,0.2758369043677497,72.6,71.6,71.6,5,1.0
2.0,multiplicative,0.01,5,31.2,28.0,31.2,0.0009147683978590485,0.25927874030672826,0.2758369043677497,72.6,71.6,71.6,5,1.0
2.0,multiplicative,0.05,5,23.6,21.0,23.6,0.0009147683978590485,0.25927874030672826,0.2758369043677497,72.6,71.6,71.6,5,1.0
2.0,multiplicative,0.1,5,20.8,18.0,20.8,0.0009147683978590485,0.25927874030672826,0.2758369043677497,72.6,71.6,71.6,5,1.0
2.0,quadratic,0.001,5,905.4,801.0,905.4,0.0009957034066903447,1.040583192899129,1.1018311023500527,45.4,44.4,50.6,5,1.0
2.0,quadratic,0.005,5,815.4,741.0,815.4,0.0009957034066903447,1.040583192899129,1.1018311023500527,45.4,44.4,50.6,5,1.0
2.0,quadratic,0.01,5,776.0,715.0,776.0,0.0009957034066903447,1.040583192899129,1.1018311023500527,45.4,44.4,50.6,5,1.0
2.0,quadratic,0.05,5,681.6,653.0,681.6,0.0009957034066903447,1.040583192899129,1.1018311023500527,45.4,44.4,50.6,5,1.0
2.0,quadratic,0.1,5,636.6,623.0,636.6,0.0009957034066903447,1.040583192899129,1.1018311023500527,45.4,44.4,50.6,5,1.0
3.0,additive,0.001,0,,,10001.0,0.6389653699500972,0.0733543956172114,0.08924249150467203,99.0,98.0,189.0,5,0.0
3.0,additive,0.005,0,,,10001.0,0.6389653699500972,0.0733543956172114,0.08924249150467203,99.0,98.0,189.0,5,0.0
3.0,additive,0.01,1,228.0,228.0,8046.4,0.6389653699500972,0.0733543956172114,0.08924249150467203,99.0,98.0,189.0,5,0.2
3.0,additive,0.05,3,95.0,105.0,4057.4,0.6389653699500972,0.0733543956172114,0.08924249150467203,99.0,98.0,189.0,5,0.6
3.0,additive,0.1,3,71.33333333333333,80.0,4043.2,0.6389653699500972,0.0733543956172114,0.08924249150467203,99.0,98.0,189.0,5,0.6
3.0,multiplicative,0.001,5,34.6,29.0,34.6,0.0009058598640143314,0.5498379230115671,0.595385551055294,58.0,57.0,57.0,5,1.0
3.0,multiplicative,0.005,5,27.6,23.0,27.6,0.0009058598640143314,0.5498379230115671,0.595385551055294,58.0,57.0,57.0,5,1.0
3.0,multiplicative,0.01,5,25.0,21.0,25.0,0.0009058598640143314,0.5498379230115671,0.595385551055294,58.0,57.0,57.0,5,1.0
3.0,multiplicative,0.05,5,18.0,15.0,18.0,0.0009058598640143314,0.5498379230115671,0.595385551055294,58.0,57.0,57.0,5,1.0
3.0,multiplicative,0.1,5,15.6,13.0,15.6,0.0009058598640143314,0.5498379230115671,0.595385551055294,58.0,57.0,57.0,5,1.0
3.0,quadratic,0.001,5,1878.2,522.0,1878.2,0.0009901258370992397,2.1712144674958407,2.3782688525533215,31.2,30.2,46.6,5,1.0
3.0,quadratic,0.005,5,1760.0,459.0,1760.0,0.0009901258370992397,2.1712144674958407,2.3782688525533215,31.2,30.2,46.6,5,1.0
3.0,quadratic,0.01,5,1708.4,431.0,1708.4,0.0009901258370992397,2.1712144674958407,2.3782688525533215,31.2,30.2,46.6,5,1.0
3.0,quadratic,0.05,5,1582.0,363.0,1582.0,0.0009901258370992397,2.1712144674958407,2.3782688525533215,31.2,30.2,46.6,5,1.0
3.0,quadratic,0.1,5,1518.8,236.0,1518.8,0.0009901258370992397,2.1712144674958407,2.3782688525533215,31.2,30.2,46.6,5,1.0
5.0,additive,0.001,0,,,10001.0,0.4604796401305169,0.06875137984114994,0.08924249150467203,101.2,100.2,488.4,5,0.0
5.0,additive,0.005,0,,,10001.0,0.4604796401305169,0.06875137984114994,0.08924249150467203,101.2,100.2,488.4,5,0.0
5.0,additive,0.01,0,,,10001.0,0.4604796401305169,0.06875137984114994,0.08924249150467203,101.2,100.2,488.4,5,0.0
5.0,additive,0.05,0,,,10001.0,0.4604796401305169,0.06875137984114994,0.08924249150467203,101.2,100.2,488.4,5,0.0
5.0,additive,0.1,1,246.0,246.0,8050.0,0.4604796401305169,0.06875137984114994,0.08924249150467203,101.2,100.2,488.4,5,0.2
5.0,multiplicative,0.001,5,40.2,34.0,40.2,0.0009185422271944957,0.947246914023971,1.04673954723255,47.2,46.2,46.2,5,1.0
5.0,multiplicative,0.005,5,31.8,27.0,31.8,0.0009185422271944957,0.947246914023971,1.04673954723255,47.2,46.2,46.2,5,1.0
5.0,multiplicative,0.01,5,28.2,24.0,28.2,0.0009185422271944957,0.947246914023971,1.04673954723255,47.2,46.2,46.2,5,1.0
5.0,multiplicative,0.05,5,20.4,17.0,20.4,0.0009185422271944957,0.947246914023971,1.04673954723255,47.2,46.2,46.2,5,1.0
5.0,multiplicative,0.1,5,17.0,14.0,17.0,0.0009185422271944957,0.947246914023971,1.04673954723255,47.2,46.2,46.2,5,1.0
5.0,quadratic,0.001,3,1158.6666666666667,978.0,4695.6,0.3107643901914224,2.1696253869060778,3.2353354497370903,47.6,46.6,20687.4,5,0.6
5.0,quadratic,0.005,3,999.0,809.0,4599.8,0.3107643901914224,2.1696253869060778,3.2353354497370903,47.6,46.6,20687.4,5,0.6
5.0,quadratic,0.01,3,929.0,735.0,4557.8,0.3107643901914224,2.1696253869060778,3.2353354497370903,47.6,46.6,20687.4,5,0.6
5.0,quadratic,0.05,3,753.6666666666666,553.0,4452.6,0.3107643901914224,2.1696253869060778,3.2353354497370903,47.6,46.6,20687.4,5,0.6
5.0,quadratic,0.1,3,660.6666666666666,460.0,4396.8,0.3107643901914224,2.1696253869060778,3.2353354497370903,47.6,46.6,20687.4,5,0.6
10.0,additive,0.001,0,,,10001.0,0.291670062982042,0.005235739715304602,0.006866761302459269,151.8,150.8,35485.6,5,0.0
10.0,additive,0.005,0,,,10001.0,0.291670062982042,0.005235739715304602,0.006866761302459269,151.8,150.8,35485.6,5,0.0
10.0,additive,0.01,0,,,10001.0,0.291670062982042,0.005235739715304602,0.006866761302459269,151.8,150.8,35485.6,5,0.0
10.0,additive,0.05,0,,,10001.0,0.291670062982042,0.005235739715304602,0.006866761302459269,151.8,150.8,35485.6,5,0.0
10.0,additive,0.1,1,7374.0,7374.0,9475.6,0.291670062982042,0.005235739715304602,0.006866761302459269,151.8,150.8,35485.6,5,0.2
10.0,multiplicative,0.001,5,173.4,165.0,173.4,0.0009606789339609269,1.2709194078833872,1.285121565651031,41.4,40.4,40.4,5,1.0
10.0,multiplicative,0.005,5,125.6,126.0,125.6,0.0009606789339609269,1.2709194078833872,1.285121565651031,41.4,40.4,40.4,5,1.0
10.0,multiplicative,0.01,5,113.8,99.0,113.8,0.0009606789339609269,1.2709194078833872,1.285121565651031,41.4,40.4,40.4,5,1.0
10.0,multiplicative,0.05,5,95.8,88.0,95.8,0.0009606789339609269,1.2709194078833872,1.285121565651031,41.4,40.4,40.4,5,1.0
10.0,multiplicative,0.1,5,73.0,71.0,73.0,0.0009606789339609269,1.2709194078833872,1.285121565651031,41.4,40.4,40.4,5,1.0
10.0,quadratic,0.001,0,,,10001.0,2.781546986055179,0.0017860464759279038,0.0017190531077428798,169.4,168.4,193679.2,5,0.0
10.0,quadratic,0.005,0,,,10001.0,2.781546986055179,0.0017860464759279038,0.0017190531077428798,169.4,168.4,193679.2,5,0.0
10.0,quadratic,0.01,0,,,10001.0,2.781546986055179,0.0017860464759279038,0.0017190531077428798,169.4,168.4,193679.2,5,0.0
10.0,quadratic,0.05,0,,,10001.0,2.781546986055179,0.0017860464759279038,0.0017190531077428798,169.4,168.4,193679.2,5,0.0
10.0,quadratic,0.1,0,,,10001.0,2.781546986055179,0.0017860464759279038,0.0017190531077428798,169.4,168.4,193679.2,5,0.0
100.0,additive,0.001,0,,,10001.0,3.4907499821661765,3.614964184032984e-05,3.669101199859261e-05,245.4,244.4,193139.6,5,0.0
100.0,additive,0.005,0,,,10001.0,3.4907499821661765,3.614964184032984e-05,3.669101199859261e-05,245.4,244.4,193139.6,5,0.0
100.0,additive,0.01,0,,,10001.0,3.4907499821661765,3.614964184032984e-05,3.669101199859261e-05,245.4,244.4,193139.6,5,0.0
100.0,additive,0.05,0,,,10001.0,3.4907499821661765,3.614964184032984e-05,3.669101199859261e-05,245.4,244.4,193139.6,5,0.0
100.0,additive,0.1,0,,,10001.0,3.4907499821661765,3.614964184032984e-05,3.669101199859261e-05,245.4,244.4,193139.6,5,0.0
100.0,multiplicative,0.001,0,,,10001.0,33.782648888338585,0.17202000670300074,0.2246708825881844,101.4,100.4,55885.2,5,0.0
100.0,multiplicative,0.005,0,,,10001.0,33.782648888338585,0.17202000670300074,0.2246708825881844,101.4,100.4,55885.2,5,0.0
100.0,multiplicative,0.01,0,,,10001.0,33.782648888338585,0.17202000670300074,0.2246708825881844,101.4,100.4,55885.2,5,0.0
100.0,multiplicative,0.05,0,,,10001.0,33.782648888338585,0.17202000670300074,0.2246708825881844,101.4,100.4,55885.2,5,0.0
100.0,multiplicative,0.1,0,,,10001.0,33.782648888338585,0.17202000670300074,0.2246708825881844,101.4,100.4,55885.2,5,0.0
100.0,quadratic,0.001,0,,,10001.0,4.838352204937378,0.0013596111416576385,0.0013301705253215737,174.6,173.6,193779.4,5,0.0
100.0,quadratic,0.005,0,,,10001.0,4.838352204937378,0.0013596111416576385,0.0013301705253215737,174.6,173.6,193779.4,5,0.0
100.0,quadratic,0.01,0,,,10001.0,4.838352204937378,0.0013596111416576385,0.0013301705253215737,174.6,173.6,193779.4,5,0.0
100.0,quadratic,0.05,0,,,10001.0,4.838352204937378,0.0013596111416576385,0.0013301705253215737,174.6,173.6,193779.4,5,0.0
100.0,quadratic,0.1,0,,,10001.0,4.838352204937378,0.0013596111416576385,0.0013301705253215737,174.6,173.6,193779.4,5,0.0
